============================================================
virtual framebuffer       : 0x85f000000..0x85ffa0000
geometry / stride / size  : 2560x1600 / 10240 / 0xfa0000
display mode             : both
debug mode               : monitor
physical DCP             : enabled
USB framebuffer          : enabled
telemetry                : disabled
preflight validation      : OK
============================================================
TTY> cpufreq: Initializing clusters
CPU frequency preflight: clusters raised to their configured performance states
Fetching ADT (0x0005C000 bytes)...
LAUNCH_CONTRACT checkpoint=0 sequence=1 captured
============================================================
m1n1 base (varies per boot) : 0x80457c000
natural heap_top           : 0x83e8ac000
pinned phys_base           : 0x850000000
=> build the FD for        : 0x8510b4000
============================================================
Disable iodev 4
Disable iodev 5
Disable iodev 6
Disable iodev 7
Disable iodev 8
Disable iodev 9
Disable iodev 10
Initializing hypervisor over iodev 3
TTY> Starting secondary CPUs...
TTY> Starting CPU 1 (0:0:1)...   Started.
TTY> Starting CPU 2 (0:0:2)...   Started.
TTY> Starting CPU 3 (0:0:3)...   Started.
TTY> Starting CPU 4 (0:1:0)...   Started.
TTY> Starting CPU 5 (0:1:1)...   Started.
TTY> Starting CPU 6 (0:1:2)...   Started.
TTY> Starting CPU 7 (0:1:3)...   Started.
TTY> HV: Initializing for 36-bit PA range
TTY> DEBUG: setting up HACR
TTY> DEBUG: setting up PSCI
TTY> PSCI DEBUG: topology tree selected
TTY> PSCI DEBUG: allocating RAM for locks
TTY> PSCI DEBUG: populating power domain tree
TTY> PSCI DEBUG: current level is 2
TTY> PSCI DEBUG: number of children in level 2 is 1
TTY> PSCI DEBUG: initializing power domain node 0 with parent -1, at level 2
TTY> PSCI DEBUG: current level is 1
TTY> PSCI DEBUG: number of children in level 1 is 2
TTY> PSCI DEBUG: initializing power domain node 1 with parent 0, at level 1
TTY> PSCI DEBUG: initializing power domain node 2 with parent 0, at level 1
TTY> PSCI DEBUG: current level is 0
TTY> PSCI DEBUG: number of children in level 0 is 4
TTY> PSCI DEBUG: initializing power domain node 0 with parent 1, at level 0
TTY> PSCI DEBUG: initializing power domain node 1 with parent 1, at level 0
TTY> PSCI DEBUG: initializing power domain node 2 with parent 1, at level 0
TTY> PSCI DEBUG: initializing power domain node 3 with parent 1, at level 0
TTY> PSCI DEBUG: number of children in level 0 is 4
TTY> PSCI DEBUG: initializing power domain node 4 with parent 2, at level 0
TTY> PSCI DEBUG: initializing power domain node 5 with parent 2, at level 0
TTY> PSCI DEBUG: initializing power domain node 6 with parent 2, at level 0
TTY> PSCI DEBUG: initializing power domain node 7 with parent 2, at level 0
TTY> PSCI DEBUG: updating power level limits
TTY> PSCI DEBUG: getting pmgr path in ADT
TTY> PSCI DEBUG: Number of cores for PSCI nodes is 8
TTY> PSCI DEBUG: Number of clusters for PSCI nodes is 2
TTY> PSCI DEBUG: Total number of nodes in power domain tree is 11 (8 cores, 2 clusters, 1 system)
TTY> HV vGIC DEBUG: start
TTY> HV vGIC DEBUG: setting up distributor
TTY> HV vGIC DEBUG: mapping distributor into guest space
TTY> HV vGIC DEBUG: setting up redistributors
TTY> HV vGIC DEBUG: mapping redistributors into guest space
TTY> HV: xHCI MMIO trace armed lazily base=0x502280000 size=0x4000
TTY> HV: tick rates boot=5000Hz secondary=100Hz
TTY> HV: No ECV supported
Mapping MMIO range: 0x200000000 .. 0x300000000
Mapping MMIO range: 0x380000000 .. 0x500000000
Mapping MMIO range: 0x500000000 .. 0x680000000
Mapping MMIO range: 0x400000000 .. 0x480000000
Mapping MMIO range: 0x480000000 .. 0x500000000
Mapping MMIO range: 0x580000000 .. 0x600000000
Mapping MMIO range: 0x600000000 .. 0x680000000
Mapping MMIO range: 0x680000000 .. 0x700000000
Mapping MMIO range: 0x6a0000000 .. 0x6c0000000
Mapping MMIO range: 0x6c0000000 .. 0x700000000
Mapping MMIO range: 0x700000000 .. 0x780000000
TTY> nvme: ANS is on die 0
TTY> sart: SARTv2 /arm-io/sart-ans at 0x27bc50000
TTY> rtkit(nvme): booting with version 12
TTY> nvme: initialized at 0x27bcc0000
TTY> HV: NVMe backend: namespace 1, 61279344 x 4096-byte blocks (239372 MiB)
TTY> HV: emulated PCIe ECAM at 0x690000000 (map_hook=0 pte=0x400080459e494), NVMe 00:00.0 (INTx SPI 64 backend=1)
HV: emulated PCIe/NVMe: ECAM 0x690000000, BAR window 0x400000000, INTx vSPI 64
Removing ADT node /arm-io/dart-usb0
Removing ADT node /arm-io/atc-phy0
Removing ADT node /arm-io/usb-drd0
Removing ADT node /arm-io/acio0
Removing ADT node /arm-io/acio-cpu0
Removing ADT node /arm-io/dart-acio0
Removing ADT node /arm-io/apciec0
Removing ADT node /arm-io/dart-apciec0
Removing ADT node /arm-io/apciec0-piodma
Removing ADT node /arm-io/i2c0/hpmBusManager/hpm0
Removing ADT node /arm-io/i2c0/hpmBusManager1/hpm0
Removing ADT node /arm-io/i2c3/hpmBusManager0/hpm0
Removing ADT node /arm-io/nub-spmi-a0/hpm0
Removing ADT node /arm-io/atc0-dpxbar
Removing ADT node /arm-io/atc0-dpphy
Removing ADT node /arm-io/atc0-dpin0
Removing ADT node /arm-io/atc0-dpin1
Removing ADT node /arm-io/atc-phy0
LAUNCH_CONTRACT checkpoint=1 sequence=2 captured
Total region size: 0x2338000 bytes
Physical memory: 0x850000000 .. 0x9df708000
Guest region start: 0x8510b4000
Mapping guest physical memory...
Unmapping TZ carveouts...
  Unmap [0x9df710000..0x9e1337fff]
  Unmap [0x9df708000..0x9df70ffff]
  Unmap [0x9e6e20000..0x9ffe1ffff]
Loading kernel image (0x1d88000 bytes)...
.................................................................................................................................................
Copying SEPFW (0x56c000 bytes)...
Copying TrustCache (0x58000 bytes)...
Copying preoslog (0x40000 bytes)...
Adjusting addresses in ADT...
Removing __OS_LOG from aop
Removing __OS_LOG from iop-aop-nub
Setting up bootargs at 0x8533e8000...
Setting secondary CPU RVBARs...
  cpu1: [0x210150000] = 0x8510b4000
  cpu2: [0x210250000] = 0x8510b4000
  cpu3: [0x210350000] = 0x8510b4000
  cpu4: [0x211050000] = 0x8510b4000
  cpu5: [0x211150000] = 0x8510b4000
  cpu6: [0x211250000] = 0x8510b4000
  cpu7: [0x211350000] = 0x8510b4000
Firmware address matches the prediction.
Framebuffer validation against RAM/firmware/ramdisk: OK
Mapping low memory: 0x100000 + 0x3ff00000 -> 0x8a0100000
Starting guest...
Disabling other iodevs...
 - 0
 - 1
 - 2
 - 4
 - 5
 - 6
 - 7
 - 8
 - 9
 - 10
Doing essential MMIO remaps...
Updating page tables...
PT[200000000:235200000] -> HW:HW
PT[235200000:235204000] -> RESERVED VUART
PT[235204000:23b7001c0] -> HW:HW
PT[23b7001c0:23b7001c4] -> RESERVED PMGR HACK
PT[23b7001c4:23b7001c8] -> HW:HW
PT[23b7001c8:23b7001cc] -> RESERVED PMGR HACK
PT[23b7001cc:23b700220] -> HW:HW
PT[23b700220:23b700224] -> RESERVED PMGR HACK
PT[23b700224:23b700270] -> HW:HW
PT[23b700270:23b700274] -> RESERVED PMGR HACK
PT[23b700274:23b700420] -> HW:HW
PT[23b700420:23b700424] -> RESERVED PMGR HACK
PT[23b700424:23b754000] -> HW:HW
PT[23b754000:23b754020] -> RESERVED CPU_START
PT[23b754020:23d280088] -> HW:HW
PT[23d280088:23d28008c] -> RESERVED PMGR HACK
PT[23d28008c:23d280098] -> HW:HW
PT[23d280098:23d28009c] -> RESERVED PMGR HACK
PT[23d28009c:23d29c044] -> HW:HW
PT[23d29c044:23d29c048] -> RESERVED PMGR HACK
PT[23d29c048:23d29c05c] -> HW:HW
PT[23d29c05c:23d29c060] -> RESERVED PMGR HACK
PT[23d29c060:300000000] -> HW:HW
PT[380000000:502280000] -> HW:HW
PT[502280000:502284000] -> RESERVED J313-XHCI-C-HOOK
PT[502284000:690000000] -> HW:HW
PT[690000000:690100000] -> RESERVED PCI-ECAM
PT[690100000:780000000] -> HW:HW
PT[800000000:802078000] -> HW:RAM-LOW
PT[850000000:9df708000] -> HW:RAM-HIGH
PT[9df708000:9e1338000] -> *UNMAPPED*
PT[9e1338000:9e6e20000] -> HW:RAM-HIGH
PT[9e6e20000:9ffe20000] -> *UNMAPPED*
PT[9ffe20000:a00000000] -> HW:RAM-HIGH
Uploading ADT (0x51fd0 bytes)...
Improving logo...
Shutting down framebuffer...
Running pre-guest-start hook...
TTY> dart: dart /arm-io/dart-dcp at 0x23130c000 is a t8020 (locked)
TTY> dart: dart /arm-io/dart-disp0 at 0x231304000 is a t8020
TTY> dart: dart /arm-io/dart-disp0.0.0 L1 0 is real-time at 0x9fff34000
TTY> dart: dart /arm-io/dart-disp0.0.0 L1 1 is real-time at 0x804f2c000
TTY> dart: dart /arm-io/dart-disp0.0.0 L1 2 is real-time at 0x804f34000
TTY> dart: dart /arm-io/dart-disp0.0.0 L1 3 is real-time at 0x804f3c000
TTY> rtkit(dcp): booting with version 12
TTY> rtkit(dcp): unknown system endpoint 0x0a
TTY> rtkit(dcp): pre-allocated buffer (ep 0x1, dva 0xf00267000, phys 0x9e66bf000)
TTY> rtkit(dcp): unknown oslog message 103ff8000f0025f
TTY> display: guest surface scaled 2560x1600 -> 2560x1600 at 0,0 (swap_id=10)
TTY> display: guest surface active PA=0x85f000000 DVA=0x4140000 size=0xfa0000 2560x1600 stride=10240
Internal DCP guest surface enabled
Asynchronous framebuffer stream enabled: 15.62 MiB/frame
LAUNCH_CONTRACT checkpoint=2 sequence=3 captured
LAUNCH_CONTRACT checkpoint=3 sequence=4 captured
Enabling SPRR...
Enabling GXF...
Jumping to entrypoint at 0x8510b4000
TTY> FW> Apple SiliconCPU_ENTRY cpu=0 mpidr=0x80000000
TTY> HV DIAG ONLINE: cpu=0 mpidr=0x80000000 pc=0x8510be094 spsr=0x400000c5
TTY>  Project Mu Firmware (arm64/arm64e)
TTY> FW> If you can see this message, UART works
TTY> FW> FD Base Address - 0x8510B4000
TTY> FW> FV Base Address - 0x8510BC000
TTY> FW> Current ADT Pointer: 0x851000000
TTY> FW> Framebuffer address loaded to PCDs: 0x85F000000 (size 0xFA0000)
TTY> FW> Flattened Device Tree Pointer: 0x8510B4000
TTY> FW> UEFI Memory Base = 0x9D7708000, Size = 0x8000000, Stack Base = 0x9DF6E8000, Stack Size = 0x20000
TTY> FW> Setting up DXE Hand-Off Blocks.
TTY> FW> Invalidating data cache.
TTY> FW> Beginning memory hand off block setup.
TTY> FW> Allocating virtual memory table pages
TTY> FW> BuildVirtualMemoryMap: Dumping System DRAM Memory Map:
TTY> FW> 	PhysicalBase: 0x100000
TTY> FW> 	VirtualBase: 0x100000
TTY> FW> 	Length: 0x3FF00000
TTY> FW> 	Top of system RAM: 0x40000000
TTY> FW> MemoryInitPeiLib: reserving framebuffer 0x85F000000 + 0xFA0000
TTY> FW> MemoryInitPeiLib: reserving preloaded RAMDisk window 0x860000000 + 0x40000000
TTY> FW> MemoryInitPeiLib: low DRAM window 0x100000 + 0x3FF00000, backed by 0x8A0100000
TTY> FW> MemoryInitPeiLib: Enabling MMU, Page Table Base: 0x9DF707EC8, Page Table Size: 0x9DF707E28
TTY> FW> Building up Stack/CPU HOBs
TTY> FW> Stack Base: 0x9DF6E8000, Stack Size: 0x20000
TTY> FW> Setting boot mode to default settings...
TTY> FW> Starting PlatformPeim
TTY> FW> Decompressing FV...
TTY> FW> Loading DXE Core now
TTY> FW> Loading DxeCore at 0x09DD946000 EntryPoint=0x09DD96743C
TTY> FW> InitializeDebugAgent: Entry.
TTY> FW> CoreInitializeMemoryServices:
TTY> FW>   BaseAddress - 0x9D7709000 Length - 0x623D000 MinimalMemorySizeNeeded - 0x1D2000
TTY> FW> InstallProtocolInterface: 5B1B31A1-9562-11D2-8E3F-00A0C969723B 9DD971C68
TTY> FW> ProtectUefiImage - 0xDD971C68
TTY> FW>   - 0x00000009DD946000 - 0x0000000000033000
TTY> FW> InstallProtocolInterface: 47BF7F78-0B53-487B-A2FE-42E70987545C 9DD9712F8
TTY> FW> DxeMemoryProtectionHobLibConstructor - Unable to fetch memory protection HOB. Zero-ing memory protection settings
TTY> FW> DxeMain: MemoryBaseAddress=0x9D7709000 MemoryLength=0x623D000
TTY> FW> HOBLIST address in DXE = 0x9DD76D018
TTY> FW> Memory Allocation 0x00000004 0x9DF6E7000 - 0x9DF6E7FFF
TTY> FW> Memory Allocation 0x00000004 0x8510B4000 - 0x852EB3FFF
TTY> FW> Memory Allocation 0x00000000 0x85F000000 - 0x85FF9FFFF
TTY> FW> Memory Allocation 0x00000004 0x9DF6E6000 - 0x9DF6E6FFF
TTY> FW> Memory Allocation 0x00000004 0x9DF6E5000 - 0x9DF6E5FFF
TTY> FW> Memory Allocation 0x00000004 0x9DF6E4000 - 0x9DF6E4FFF
TTY> FW> Memory Allocation 0x00000004 0x9DF6E3000 - 0x9DF6E3FFF
TTY> FW> Memory Allocation 0x00000004 0x9DF6E2000 - 0x9DF6E2FFF
TTY> FW> Memory Allocation 0x00000004 0x9DF6E1000 - 0x9DF6E1FFF
TTY> FW> Memory Allocation 0x00000004 0x9DF6E0000 - 0x9DF6E0FFF
TTY> FW> Memory Allocation 0x00000004 0x9DF6DF000 - 0x9DF6DFFFF
TTY> FW> Memory Allocation 0x00000004 0x9DF6DE000 - 0x9DF6DEFFF
TTY> FW> Memory Allocation 0x00000004 0x9DF6DD000 - 0x9DF6DDFFF
TTY> FW> Memory Allocation 0x00000004 0x9DF6E8000 - 0x9DF707FFF
TTY> FW> Memory Allocation 0x00000004 0x9DF6CD000 - 0x9DF6DCFFF
TTY> FW> Memory Allocation 0x00000004 0x9DE823000 - 0x9DF6CCFFF
TTY> FW> Memory Allocation 0x00000004 0x9DD979000 - 0x9DE822FFF
TTY> FW> Memory Allocation 0x00000003 0x9DD946000 - 0x9DD978FFF
TTY> FW> Memory Allocation 0x00000003 0x9DD946000 - 0x9DD978FFF
TTY> FW> FV Hob            0x8510BC000 - 0x852E3BFFF
TTY> FW> FV Hob            0x9DD979000 - 0x9DE821DBF
TTY> FW> FV2 Hob           0x9DD979000 - 0x9DE821DBF
TTY> FW>                   00000000-0000-0000-0000-000000000000 - 9E21FD93-9C72-4C15-8C4B-E77F1DB2D792
TTY> FW> InitializeDebugAgent: Entry.
TTY> FW> InitializeDebugAgent: Exit.
TTY> FW> InstallProtocolInterface: D8117CFE-94A6-11D4-9A3A-0090273FC14D 9DD971068
TTY> FW> InstallProtocolInterface: 8F644FA9-E850-4DB1-9CE2-0B44698E8DA4 9DD769930
TTY> FW> InstallProtocolInterface: 09576E91-6D3F-11D2-8E39-00A0C969723B 9DD769118
TTY> FW> InstallProtocolInterface: 8F644FA9-E850-4DB1-9CE2-0B44698E8DA4 9DD769230
TTY> FW> InstallProtocolInterface: 09576E91-6D3F-11D2-8E39-00A0C969723B 9DD769518
TTY> FW> InstallProtocolInterface: 220E73B6-6BDB-4413-8405-B974B108619A 9DD74ABB0
TTY> FW> InstallProtocolInterface: 220E73B6-6BDB-4413-8405-B974B108619A 9DD74A830
TTY> FW> InstallProtocolInterface: EE4E5898-3914-4259-9D6E-DC7BD79403CF 9DD971028
TTY> FW> InstallProtocolInterface: FC1BCDB0-7D31-49AA-936A-A4600D9DD083 9DD971028
TTY> FW> Loading driver 80CF7257-87AB-47F9-A3FE-D50B76D89541
TTY> FW> InstallProtocolInterface: 5B1B31A1-9562-11D2-8E3F-00A0C969723B 9DD4052C0
TTY> FW> Loading driver at 0x009DCF3D000 EntryPoint=0x009DCF41DF8 PcdDxe.efi
TTY> FW> InstallProtocolInterface: BC62157E-3E33-4FEC-9920-2D3B36D750DF 9DD404F18
TTY> FW> ProtectUefiImage - 0xDD4052C0
TTY> FW>   - 0x00000009DCF3D000 - 0x000000000000A000
TTY> FW> InstallProtocolInterface: 11B34006-D85B-4D0A-A290-D5A571310EF7 9DCF45158
TTY> FW> InstallProtocolInterface: 13A3F0F6-264A-3EF0-F2E0-DEC512342F34 9DCF450C8
TTY> FW> InstallProtocolInterface: 5BE40F57-FA68-4610-BBBF-E9C5FCDAD365 9DCF450B0
TTY> FW> InstallProtocolInterface: FD0F4478-0EFD-461D-BA2D-E58C45FD5F5E 9DCF45000
TTY> FW> Loading driver B8D9777E-D72A-451F-9BDB-BAFB52A68415
TTY> FW> InstallProtocolInterface: 5B1B31A1-9562-11D2-8E3F-00A0C969723B 9DD403040
TTY> FW> Loading driver at 0x009DCF1E000 EntryPoint=0x009DCF22AF4 ArmCpuDxe.efi
TTY> FW> InstallProtocolInterface: BC62157E-3E33-4FEC-9920-2D3B36D750DF 9DD403E18
TTY> FW> ProtectUefiImage - 0xDD403040
TTY> FW>   - 0x00000009DCF1E000 - 0x000000000000F000
TTY> FW> DxeMemoryProtectionHobLibConstructor - Unable to fetch memory protection HOB. Zero-ing memory protection settings
TTY> FW> InstallProtocolInterface: 623BE44E-506D-487F-A3A6-92DAEF302C70 9DCF29008
TTY> FW> InstallProtocolInterface: 26BACCB1-6F42-11D4-BCE7-0080C73C8881 9DCF290C8
TTY> FW> InstallProtocolInterface: 623BE44E-506D-487F-A3A6-92DAEF302C70 9DCF29150
TTY> FW> InstallProtocolInterface: 650B7F40-6564-4FA9-9375-CD6B521B6E50 0
TTY> FW> ---Currently Protected Images---
TTY> FW> ---Memory Protection Special Regions---
TTY> FW> ---Final Bitmap---
TTY> FW> Bitmap: 11111111111111111111111111111111
TTY> FW> ---Memory Map with Populated Access Attributes---
TTY> FW> Memory Range: 0x100000 - 0x40000000. Type:7, Attributes: 0x0
TTY> FW> Memory Range: 0x850000000 - 0x8510B4000. Type:7, Attributes: 0x0
TTY> FW> Memory Range: 0x8510B4000 - 0x852EB4000. Type:4, Attributes: 0x0
TTY> FW> Memory Range: 0x852EB4000 - 0x85F000000. Type:7, Attributes: 0x0
TTY> FW> Memory Range: 0x85F000000 - 0x85FFA0000. Type:0, Attributes: 0x0
TTY> FW> Memory Range: 0x85FFA0000 - 0x860000000. Type:7, Attributes: 0x0
TTY> FW> Memory Range: 0x860000000 - 0x8A0000000. Type:0, Attributes: 0x0
TTY> FW> Memory Range: 0x8A0000000 - 0x8A0100000. Type:7, Attributes: 0x0
TTY> FW> Memory Range: 0x8A0100000 - 0x8E0000000. Type:0, Attributes: 0x0
TTY> FW> Memory Range: 0x8E0000000 - 0x9DCC00000. Type:7, Attributes: 0x0
TTY> FW> Memory Range: 0x9DCC00000 - 0x9DCE00000. Type:4, Attributes: 0x0
TTY> FW> Memory Range: 0x9DCE00000 - 0x9DCF1E000. Type:7, Attributes: 0x0
TTY> FW> Memory Range: 0x9DCF1E000 - 0x9DCF2D000. Type:3, Attributes: 0x0
TTY> FW> Memory Range: 0x9DCF2D000 - 0x9DCF3D000. Type:7, Attributes: 0x0
TTY> FW> Memory Range: 0x9DCF3D000 - 0x9DCF47000. Type:3, Attributes: 0x0
TTY> FW> Memory Range: 0x9DCF47000 - 0x9DCF52000. Type:7, Attributes: 0x0
TTY> FW> Memory Range: 0x9DCF52000 - 0x9DD401000. Type:4, Attributes: 0x0
TTY> FW> Memory Range: 0x9DD401000 - 0x9DD402000. Type:7, Attributes: 0x0
TTY> FW> Memory Range: 0x9DD402000 - 0x9DD770000. Type:4, Attributes: 0x0
TTY> FW> Memory Range: 0x9DD770000 - 0x9DD806000. Type:5, Attributes: 0x0
TTY> FW> Memory Range: 0x9DD806000 - 0x9DD810000. Type:7, Attributes: 0x0
TTY> FW> Memory Range: 0x9DD810000 - 0x9DD93C000. Type:6, Attributes: 0x0
TTY> FW> Memory Range: 0x9DD93C000 - 0x9DD945000. Type:7, Attributes: 0x0
TTY> FW> Memory Range: 0x9DD945000 - 0x9DD946000. Type:4, Attributes: 0x0
TTY> FW> Memory Range: 0x9DD946000 - 0x9DD979000. Type:3, Attributes: 0x0
TTY> FW> Memory Range: 0x9DD979000 - 0x9DF708000. Type:4, Attributes: 0x0
TTY> FW> ---------------------------------------
TTY> FW> InitializePageAttributesForMemoryProtectionPolicy: applying strict permissions to active memory regions
TTY> FW> DisableNullDetection - start
TTY> FW> DisableNullDetection - Not disabling null detection as page 0 is not marked as system memory
TTY> FW> Loading driver DE371F7C-DEC4-4D21-ADF1-593ABCC15882
TTY> FW> InstallProtocolInterface: 5B1B31A1-9562-11D2-8E3F-00A0C969723B 9DD402BC0
TTY> FW> Loading driver at 0x009DCF36000 EntryPoint=0x009DCF38F18 ArmGicDxe.efi
TTY> FW> InstallProtocolInterface: BC62157E-3E33-4FEC-9920-2D3B36D750DF 9DD402F18
TTY> FW> ProtectUefiImage - 0xDD402BC0
TTY> FW>   - 0x00000009DCF36000 - 0x0000000000007000
TTY> HV vGIC: first redistributor access frame=0 reg=0x8 from_cpu=0
TTY> FW> InstallProtocolInterface: 2890B3EA-053D-1643-AD0C-D64808DA3FF1 9DCF3B058
TTY> FW> InstallProtocolInterface: 32898322-2DA1-474A-BAAA-F3F7CF569470 9DCF3B0B8
TTY> FW> Loading driver 4C6E0267-C77D-410D-8100-1495911A989D
TTY> FW> InstallProtocolInterface: 5B1B31A1-9562-11D2-8E3F-00A0C969723B 9DD4021C0
TTY> FW> Loading driver at 0x009DCF30000 EntryPoint=0x009DCF322F8 MetronomeDxe.efi
TTY> FW> InstallProtocolInterface: BC62157E-3E33-4FEC-9920-2D3B36D750DF 9DD402898
TTY> FW> ProtectUefiImage - 0xDD4021C0
TTY> FW>   - 0x00000009DCF30000 - 0x0000000000006000
TTY> FW> InstallProtocolInterface: 26BACCB2-6F42-11D4-BCE7-0080C73C8881 9DCF34000
TTY> FW> Loading driver 49EA041E-6752-42CA-B0B1-7344FE2546B7
TTY> FW> InstallProtocolInterface: 5B1B31A1-9562-11D2-8E3F-00A0C969723B 9DD401BC0
TTY> FW> Loading driver at 0x009DCF17000 EntryPoint=0x009DCF19488 ArmTimerDxe.efi
TTY> FW> InstallProtocolInterface: BC62157E-3E33-4FEC-9920-2D3B36D750DF 9DD401998
TTY> FW> ProtectUefiImage - 0xDD401BC0
TTY> FW>   - 0x00000009DCF17000 - 0x0000000000007000
TTY> FW> InstallProtocolInterface: 26BACCB3-6F42-11D4-BCE7-0080C73C8881 9DCF1C028
TTY> FW> Loading driver 348C4D62-BFBD-4882-9ECE-C80BB1C4783B
TTY> FW> InstallProtocolInterface: 5B1B31A1-9562-11D2-8E3F-00A0C969723B 9DD401240
TTY> FW> Loading driver at 0x009DCEDA000 EntryPoint=0x009DCEF1E44 HiiDatabase.efi
TTY> FW> InstallProtocolInterface: BC62157E-3E33-4FEC-9920-2D3B36D750DF 9DCF4EB18
TTY> FW> ProtectUefiImage - 0xDD401240
TTY> FW>   - 0x00000009DCEDA000 - 0x000000000001E000
TTY> FW> InstallProtocolInterface: E9CA4775-8657-47FC-97E7-7ED65A084324 9DCEF6160
TTY> FW> InstallProtocolInterface: 0FD96974-23AA-4CDC-B9CB-98D17750322A 9DCEF61D8
TTY> FW> InstallProtocolInterface: EF9FC172-A1B2-4693-B327-6D32FC416042 9DCEF6200
TTY> FW> InstallProtocolInterface: 587E72D7-CC50-4F79-8209-CA291FC1A10F 9DCEF6258
TTY> FW> InstallProtocolInterface: 0A8BADD5-03B8-4D19-B128-7B8F0EDAA596 9DCEF6288
TTY> FW> InstallProtocolInterface: 31A6406A-6BDF-4E46-B2A2-EBAA89C40920 9DCEF6180
TTY> FW> InstallProtocolInterface: 1A1241E6-8F19-41A9-BC0E-E8EF39E06546 9DCEF61A8
TTY> FW> Loading driver DCFD1E6D-788D-4FFC-8E1B-CA2F75651A92
TTY> FW> InstallProtocolInterface: 5B1B31A1-9562-11D2-8E3F-00A0C969723B 9DCF4E5C0
TTY> FW> Loading driver at 0x009DCF08000 EntryPoint=0x009DCF0B09C SimpleFbDxe.efi
TTY> FW> InstallProtocolInterface: BC62157E-3E33-4FEC-9920-2D3B36D750DF 9DCF4DE18
TTY> FW> ProtectUefiImage - 0xDCF4E5C0
TTY> FW>   - 0x00000009DCF08000 - 0x0000000000007000
TTY> FW> SimpleFbDxe: Getting framebuffer parameters from PCD and ADT
TTY> FW> SimpleFbDxe: GOP framebuffer 0x85F000000, 2560x1600, stride 10240, size 0xFA0000, B8G8R8X8
TTY> FW> 0: shl:0 shr:0 mask:FF0000
TTY> FW> 1: shl:0 shr:0 mask:FF00
TTY> FW> 2: shl:0 shr:0 mask:FF
TTY> FW> Bytes per pixel: 4
TTY> FW> 0: shl:0 shr:0 mask:FF0000
TTY> FW> 1: shl:0 shr:0 mask:FF00
TTY> FW> 2: shl:0 shr:0 mask:FF
TTY> FW> Bytes per pixel: 4
TTY> FW> InstallProtocolInterface: 09576E91-6D3F-11D2-8E39-00A0C969723B 9DCF0D030
TTY> FW> InstallProtocolInterface: 9042A9DE-23DC-4A38-96FB-7ADED080516A 9DCF0D048
TTY> FW> Loading driver 51CCF399-4FDF-4E55-A45B-E123F84D456A
TTY> FW> InstallProtocolInterface: 5B1B31A1-9562-11D2-8E3F-00A0C969723B 9DCF4D540
TTY> FW> Loading driver at 0x009DCF0F000 EntryPoint=0x009DCF12EE0 ConPlatformDxe.efi
TTY> FW> InstallProtocolInterface: BC62157E-3E33-4FEC-9920-2D3B36D750DF 9DCF4D898
TTY> FW> ProtectUefiImage - 0xDCF4D540
TTY> FW>   - 0x00000009DCF0F000 - 0x0000000000008000
TTY> FW> OnVariablePolicyNotification: - Unable to locate variable policy protocol - Status=Not Found
TTY> FW> InstallProtocolInterface: 18A031AB-B443-4D1A-A5C0-0C09261E9F71 9DCF15110
TTY> FW> InstallProtocolInterface: 18A031AB-B443-4D1A-A5C0-0C09261E9F71 9DCF15140
TTY> FW> Loading driver 408EDCEC-CF6D-477C-A5A8-B4844E3DE281
TTY> FW> InstallProtocolInterface: 5B1B31A1-9562-11D2-8E3F-00A0C969723B 9DCF491C0
TTY> FW> Loading driver at 0x009DCED0000 EntryPoint=0x009DCED659C ConSplitterDxe.efi
TTY> FW> InstallProtocolInterface: BC62157E-3E33-4FEC-9920-2D3B36D750DF 9DCF49718
TTY> FW> ProtectUefiImage - 0xDCF491C0
TTY> FW>   - 0x00000009DCED0000 - 0x000000000000A000
TTY> FW> InstallProtocolInterface: 18A031AB-B443-4D1A-A5C0-0C09261E9F71 9DCED80E8
TTY> FW> InstallProtocolInterface: 18A031AB-B443-4D1A-A5C0-0C09261E9F71 9DCED8118
TTY> FW> InstallProtocolInterface: 18A031AB-B443-4D1A-A5C0-0C09261E9F71 9DCED8148
TTY> FW> InstallProtocolInterface: 18A031AB-B443-4D1A-A5C0-0C09261E9F71 9DCED8178
TTY> FW> InstallProtocolInterface: 18A031AB-B443-4D1A-A5C0-0C09261E9F71 9DCED81A8
TTY> FW> InstallProtocolInterface: 387477C1-69C7-11D2-8E39-00A0C969723B 9DCED8408
TTY> FW> InstallProtocolInterface: DD9E7534-7762-4698-8C14-F58517A625AA 9DCED8438
TTY> FW> InstallProtocolInterface: 31878C87-0B75-11D5-9A4F-0090273FC14D 9DCED84A8
TTY> FW> InstallProtocolInterface: 8D59D32B-C655-4AE9-9B15-F25904992A43 9DCED8500
TTY> FW> InstallProtocolInterface: 387477C2-69C7-11D2-8E39-00A0C969723B 9DCED81E8
TTY> FW> InstallProtocolInterface: 387477C2-69C7-11D2-8E39-00A0C969723B 9DCED82F8
TTY> FW> Loading driver CCCB0C28-4B24-11D5-9A5A-0090273FC14D
TTY> FW> InstallProtocolInterface: 5B1B31A1-9562-11D2-8E3F-00A0C969723B 9DCF2EB40
TTY> FW> Loading driver at 0x009DCEC7000 EntryPoint=0x009DCECB310 GraphicsConsoleDxe.efi
TTY> FW> InstallProtocolInterface: BC62157E-3E33-4FEC-9920-2D3B36D750DF 9DCF2EE18
TTY> FW> ProtectUefiImage - 0xDCF2EB40
TTY> FW>   - 0x00000009DCEC7000 - 0x0000000000009000
TTY> FW> InstallProtocolInterface: 18A031AB-B443-4D1A-A5C0-0C09261E9F71 9DCECD0B0
TTY> FW> Loading driver F7B773C7-660A-4DA6-B641-75E9EE06BD41
TTY> FW> InstallProtocolInterface: 5B1B31A1-9562-11D2-8E3F-00A0C969723B 9DCF2E140
TTY> FW> Loading driver at 0x009DCEC1000 EntryPoint=0x009DCEC34A4 AppleDartIoMmuDxe.efi
TTY> FW> InstallProtocolInterface: BC62157E-3E33-4FEC-9920-2D3B36D750DF 9DCF2DF18
TTY> FW> ProtectUefiImage - 0xDCF2E140
TTY> FW>   - 0x00000009DCEC1000 - 0x0000000000006000
TTY> FW> Missing DeviceTree node: dart-usb0
TTY> FW> Did not find node dart-usb0
TTY> 
TTY> FW> DeviceTree parent depth underflow: 0
TTY> FW> Missing DeviceTree prop: ranges
TTY> FW> DART reg[0] for dart-usb1 is 0x502F00000 
TTY> FW> DeviceTree parent depth underflow: 0
TTY> FW> Missing DeviceTree prop: ranges
TTY> FW> DART reg[1] for dart-usb1 is 0x502F80000 
TTY> FW> Skipping DFU port DART 0
TTY> FW> Skipping DFU port DART 1
TTY> FW> AppleDartIoMmuDxeInitialize - Setting up T8020-compatible DART
TTY> FW> AppleDartIoMmuDxeInitialize: USB DART2 supports bypass mode
TTY> FW> AppleDartIoMmuDxeInitialize - Setting up T8020-compatible DART
TTY> FW> AppleDartIoMmuDxeInitialize: USB DART3 supports bypass mode
TTY> FW> All done
TTY> FW> Loading driver A7A8B3F7-B8BB-42FF-A5D1-07CE43734461
TTY> FW> InstallProtocolInterface: 5B1B31A1-9562-11D2-8E3F-00A0C969723B 9DCF2D0C0
TTY> FW> Loading driver at 0x009DCEBB000 EntryPoint=0x009DCEBDAD4 AppleUsbTypeCBringupDxe.efi
TTY> FW> InstallProtocolInterface: BC62157E-3E33-4FEC-9920-2D3B36D750DF 9DCF2DD18
TTY> FW> ProtectUefiImage - 0xDCF2D0C0
TTY> FW>   - 0x00000009DCEBB000 - 0x0000000000006000
TTY> FW> AppleUsbTypeCBringupDxeInitialize started
TTY> FW> Loading driver B601F8C4-43B7-4784-95B1-F4226CB40CEE
TTY> FW> InstallProtocolInterface: 5B1B31A1-9562-11D2-8E3F-00A0C969723B 9DCF2D640
TTY> FW> Loading driver at 0x009DD7A0000 EntryPoint=0x009DD7B1980 RuntimeDxe.efi
TTY> FW> InstallProtocolInterface: BC62157E-3E33-4FEC-9920-2D3B36D750DF 9DCF05E18
TTY> FW> ProtectUefiImage - 0xDCF2D640
TTY> FW>   - 0x00000009DD7A0000 - 0x0000000000050000
TTY> FW> InstallProtocolInterface: B7DFB4E1-052F-449F-87BE-9818FC91B733 9DD7D0030
TTY> FW> Loading driver F80697E9-7FD6-4665-8646-88E33EF71DFC
TTY> FW> InstallProtocolInterface: 5B1B31A1-9562-11D2-8E3F-00A0C969723B 9DCF054C0
TTY> FW> Loading driver at 0x009DCEA4000 EntryPoint=0x009DCEA8E8C SecurityStubDxe.efi
TTY> FW> InstallProtocolInterface: BC62157E-3E33-4FEC-9920-2D3B36D750DF 9DCF05798
TTY> FW> ProtectUefiImage - 0xDCF054C0
TTY> FW>   - 0x00000009DCEA4000 - 0x000000000000B000
TTY> FW> InstallProtocolInterface: 94AB2F58-1438-4EF1-9152-18941A3A0E68 9DCEAD008
TTY> FW> InstallProtocolInterface: A46423E3-4617-49F1-B9FF-D1BFA9115839 9DCEAD000
TTY> FW> InstallProtocolInterface: 15853D7C-3DDF-43E0-A1CB-EBF85B8F872C 9DCEAD010
TTY> FW> Loading driver FCABE6A7-7953-4A84-B7EC-D29E89B62E87
TTY> FW> InstallProtocolInterface: 5B1B31A1-9562-11D2-8E3F-00A0C969723B 9DCF04240
TTY> FW> Loading driver at 0x009DCE50000 EntryPoint=0x009DCE6131C EmbeddedMonotonicCounter.efi
TTY> FW> InstallProtocolInterface: BC62157E-3E33-4FEC-9920-2D3B36D750DF 9DCF04598
TTY> FW> ProtectUefiImage - 0xDCF04240
TTY> FW>   - 0x00000009DCE50000 - 0x0000000000040000
TTY> FW> InstallProtocolInterface: 1DA97072-BDDC-4B30-99F1-72A0B56FFF2A 0
TTY> FW> Loading driver 4B28E4C7-FF36-4E10-93CF-A82159E777C5
TTY> FW> InstallProtocolInterface: 5B1B31A1-9562-11D2-8E3F-00A0C969723B 9DCF01140
TTY> FW> Loading driver at 0x009DCBA0000 EntryPoint=0x009DCBB1C6C ResetSystemRuntimeDxe.efi
TTY> FW> InstallProtocolInterface: BC62157E-3E33-4FEC-9920-2D3B36D750DF 9DCF01398
TTY> FW> ProtectUefiImage - 0xDCF01140
TTY> FW>   - 0x00000009DCBA0000 - 0x0000000000050000
TTY> FW> InstallProtocolInterface: 27CFAC88-46CC-11D4-9A38-0090273FC14D 0
TTY> FW> InstallProtocolInterface: 9DA34AE0-EAF9-4BBF-8EC3-FD60226C44BE 9DCBD0068
TTY> FW> InstallProtocolInterface: 695D7835-8D47-4C11-AB22-FA8ACCE7AE7A 9DCBD0090
TTY> FW> InstallProtocolInterface: 2DF6BA0B-7092-440D-BD04-FB091EC3F3C1 9DCBD00B8
TTY> FW> Loading driver CBD2E4D5-7068-4FF5-B462-9822B4AD8D60
TTY> FW> InstallProtocolInterface: 5B1B31A1-9562-11D2-8E3F-00A0C969723B 9DCF000C0
TTY> FW> Loading driver at 0x009DCB40000 EntryPoint=0x009DCB58390 VariableRuntimeDxe.efi
TTY> FW> InstallProtocolInterface: BC62157E-3E33-4FEC-9920-2D3B36D750DF 9DCF00918
TTY> FW> ProtectUefiImage - 0xDCF000C0
TTY> FW>   - 0x00000009DCB40000 - 0x0000000000050000
TTY> FW> MemoryTypeInfoSecVarCheckLibConstructor()
TTY> FW> VarCheckLibRegisterSetVariableCheckHandler - 0xDCB533C0 Success
TTY> FW> Variable driver will work at emulated non-volatile variable mode!
TTY> FW> Variable driver will work with auth variable format!
TTY> FW> InstallProtocolInterface: CD3D0A05-9E24-437C-A891-1EE053DB7638 9DCB70008
TTY> FW> InstallProtocolInterface: AF23B340-97B4-4685-8D4F-A3F28169B21D 9DCB70138
TTY> FW> InstallProtocolInterface: 1E5668E2-8481-11D4-BCF1-0080C73C8881 0
TTY> FW> NOTICE - AuthVariableLibInitialize() returns Unsupported!
TTY> FW> Variable driver will continue to work without auth variable support!
TTY> FW> RecordSecureBootPolicyVarData GetVariable SecureBoot Status E
TTY> FW> InstallProtocolInterface: 6441F818-6362-4E44-B570-7DBA31DD2453 0
TTY> FW> VarCheckLibRegisterSetVariableCheckHandler - 0xDCB55E44 Success
TTY> FW> InstallProtocolInterface: 81D1675C-86F6-48DF-BD95-9A6E4F0925C3 9DCB70178
TTY> FW> Loading driver 9A5163E7-5C29-453F-825C-837A46A81E15
TTY> FW> InstallProtocolInterface: 5B1B31A1-9562-11D2-8E3F-00A0C969723B 9DCEFF0C0
TTY> FW> Loading driver at 0x009DCEB5000 EntryPoint=0x009DCEB75D4 SerialDxe.efi
TTY> FW> InstallProtocolInterface: BC62157E-3E33-4FEC-9920-2D3B36D750DF 9DCEFFA98
TTY> FW> ProtectUefiImage - 0xDCEFF0C0
TTY> FW>   - 0x00000009DCEB5000 - 0x0000000000006000
TTY> FW> InstallProtocolInterface: BB25CF6F-F1D4-11D2-9A0C-0090273FC1FD 9DCEB9070
TTY> FW> InstallProtocolInterface: 09576E91-6D3F-11D2-8E39-00A0C969723B 9DCEB9040
TTY> FW> Loading driver F099D67F-71AE-4C36-B2A3-DCEB0EB2B7D8
TTY> FW> InstallProtocolInterface: 5B1B31A1-9562-11D2-8E3F-00A0C969723B 9DCEB4040
TTY> FW> Loading driver at 0x009DCE4A000 EntryPoint=0x009DCE4C3EC WatchdogTimer.efi
TTY> FW> InstallProtocolInterface: BC62157E-3E33-4FEC-9920-2D3B36D750DF 9DCEB4E18
TTY> FW> ProtectUefiImage - 0xDCEB4040
TTY> FW>   - 0x00000009DCE4A000 - 0x0000000000006000
TTY> FW> InstallProtocolInterface: 665E3FF5-46CC-11D4-9A38-0090273FC14D 9DCE4E020
TTY> FW> Loading driver 168D1A6E-F4A5-448A-9E95-795661BB3067
TTY> FW> InstallProtocolInterface: 5B1B31A1-9562-11D2-8E3F-00A0C969723B 9DCEB4340
TTY> FW> Loading driver at 0x009DCE44000 EntryPoint=0x009DCE46750 ArmPciCpuIo2Dxe.efi
TTY> FW> InstallProtocolInterface: BC62157E-3E33-4FEC-9920-2D3B36D750DF 9DCEB4698
TTY> FW> ProtectUefiImage - 0xDCEB4340
TTY> FW>   - 0x00000009DCE44000 - 0x0000000000006000
TTY> FW> InstallProtocolInterface: AD61F191-AE5F-4C0E-B9FA-E869D288C64F 9DCE48010
TTY> FW> Loading driver 3C313C44-59EA-4F3C-A795-9898B5654F08
TTY> FW> InstallProtocolInterface: 5B1B31A1-9562-11D2-8E3F-00A0C969723B 9DCEB30C0
TTY> FW> Loading driver at 0x009DCE3F000 EntryPoint=0x009DCE41B78 WindowsAutoBootDxe.efi
TTY> FW> InstallProtocolInterface: BC62157E-3E33-4FEC-9920-2D3B36D750DF 9DCEB3318
TTY> FW> ProtectUefiImage - 0xDCEB30C0
TTY> FW>   - 0x00000009DCE3F000 - 0x0000000000005000
TTY> FW> WindowsAutoBootDxe: ReadyToBoot hook Success
TTY> FW> Loading driver 9622E42C-8E38-4A08-9E8F-54F784652F6B
TTY> FW> InstallProtocolInterface: 5B1B31A1-9562-11D2-8E3F-00A0C969723B 9DCEFE040
TTY> FW> Loading driver at 0x009DCE28000 EntryPoint=0x009DCE2D44C AcpiTableDxe.efi
TTY> FW> InstallProtocolInterface: BC62157E-3E33-4FEC-9920-2D3B36D750DF 9DCEFED98
TTY> FW> ProtectUefiImage - 0xDCEFE040
TTY> FW>   - 0x00000009DCE28000 - 0x000000000000B000
TTY> FW> Fail to locate AcpiSiliconHob!!
TTY> FW> InstallProtocolInterface: FFE06BDD-6107-46A6-7BB2-5A9C7EC5275C 9DCEFE420
TTY> FW> InstallProtocolInterface: EB97088E-CFDF-49C6-BE4B-D906A5B20E86 9DCEFE430
TTY> FW> Loading driver F9D88642-0737-49BC-81B5-6889CD57D9EA
TTY> FW> InstallProtocolInterface: 5B1B31A1-9562-11D2-8E3F-00A0C969723B 9DCEFE740
TTY> FW> Loading driver at 0x009DCE1F000 EntryPoint=0x009DCE23234 SmbiosDxe.efi
TTY> FW> InstallProtocolInterface: BC62157E-3E33-4FEC-9920-2D3B36D750DF 9DCEFEA98
TTY> FW> ProtectUefiImage - 0xDCEFE740
TTY> FW>   - 0x00000009DCE1F000 - 0x0000000000009000
TTY> FW> InstallProtocolInterface: 03583FF6-CB36-4940-947E-B9B39F4AFAF7 9DCE260F0
TTY> FW> Loading driver 422BB380-0FFB-41EC-B86E-AE70F8A02DA3
TTY> FW> InstallProtocolInterface: 5B1B31A1-9562-11D2-8E3F-00A0C969723B 9DCEFC0C0
TTY> FW> Loading driver at 0x009DCE34000 EntryPoint=0x009DCE36498 ColorbarsDxe.efi
TTY> FW> InstallProtocolInterface: BC62157E-3E33-4FEC-9920-2D3B36D750DF 9DCEFC318
TTY> FW> ProtectUefiImage - 0xDCEFC0C0
TTY> FW>   - 0x00000009DCE34000 - 0x0000000000005000
TTY> FW> IsSecureBootOn - PK doesn't exist.  Secure boot off
TTY> FW> Adding Device State.  0x100027
TTY> FW> Loading driver 79E4A61C-ED73-4312-94FE-E3E7563362A9
TTY> FW> InstallProtocolInterface: 5B1B31A1-9562-11D2-8E3F-00A0C969723B 9DCEFC3C0
TTY> FW> Loading driver at 0x009DCE10000 EntryPoint=0x009DCE12E04 PrintDxe.efi
TTY> FW> InstallProtocolInterface: BC62157E-3E33-4FEC-9920-2D3B36D750DF 9DCEFBF98
TTY> FW> ProtectUefiImage - 0xDCEFC3C0
TTY> FW>   - 0x00000009DCE10000 - 0x0000000000007000
TTY> FW> InstallProtocolInterface: F05976EF-83F1-4F3D-8619-F7595D41E538 9DCE14AD8
TTY> FW> InstallProtocolInterface: 0CC252D2-C106-4661-B5BD-3147A4F81F92 9DCE14B28
TTY> FW> Loading driver 9B680FCE-AD6B-4F3A-B60B-F59899003443
TTY> FW> InstallProtocolInterface: 5B1B31A1-9562-11D2-8E3F-00A0C969723B 9DCEFB140
TTY> FW> Loading driver at 0x009DCE00000 EntryPoint=0x009DCE0912C DevicePathDxe.efi
TTY> FW> InstallProtocolInterface: BC62157E-3E33-4FEC-9920-2D3B36D750DF 9DCEFBA18
TTY> FW> ProtectUefiImage - 0xDCEFB140
TTY> FW>   - 0x00000009DCE00000 - 0x0000000000010000
TTY> FW> InstallProtocolInterface: 0379BE4E-D706-437D-B037-EDB82FB772A4 9DCE0C2F8
TTY> FW> InstallProtocolInterface: 8B843E20-8132-4852-90CC-551A4E4A7F1C 9DCE0C2E8
TTY> FW> InstallProtocolInterface: 05C99A21-C70F-4AD2-8A5F-35DF3343F51E 9DCE0C2D8
TTY> FW> Loading driver EBF342FE-B1D3-4EF8-957C-8048606FF671
TTY> FW> InstallProtocolInterface: 5B1B31A1-9562-11D2-8E3F-00A0C969723B 9DCEFABC0
TTY> FW> Loading driver at 0x009DCB09000 EntryPoint=0x009DCB1DDD4 SetupBrowser.efi
TTY> FW> InstallProtocolInterface: BC62157E-3E33-4FEC-9920-2D3B36D750DF 9DCEFA798
TTY> FW> ProtectUefiImage - 0xDCEFABC0
TTY> FW>   - 0x00000009DCB09000 - 0x000000000001B000
TTY> FW> InstallProtocolInterface: B9D4C360-BCFB-4F9B-9298-53C136982258 9DCB22198
TTY> FW> InstallProtocolInterface: A770C357-B693-4E6D-A6CF-D21C728E550B 9DCB221C8
TTY> FW> InstallProtocolInterface: 1F73B18D-4630-43C1-A1DE-6F80855D7DA4 9DCB221A8
TTY> FW> Loading driver 1DD0D079-406A-4B5B-AF39-62D8F110F835
TTY> FW> InstallProtocolInterface: 5B1B31A1-9562-11D2-8E3F-00A0C969723B 9DCEF9C40
TTY> FW> Loading driver at 0x009DCE39000 EntryPoint=0x009DCE3B38C NullAuthManager.efi
TTY> FW> InstallProtocolInterface: BC62157E-3E33-4FEC-9920-2D3B36D750DF 9DCEF9B18
TTY> FW> ProtectUefiImage - 0xDCEF9C40
TTY> FW>   - 0x00000009DCE39000 - 0x0000000000006000
TTY> FW> NullAuthManager Init, this is not a secure implementation of AuthManager!!
TTY> FW> InstallProtocolInterface: 9E919A78-DA6A-41EE-82CD-7D6BFE331EC8 9DCE3D010
TTY> FW> Loading driver 16A5DD36-4C29-4E85-B0B9-C05883753DE7
TTY> FW> InstallProtocolInterface: 5B1B31A1-9562-11D2-8E3F-00A0C969723B 9DCEF91C0
TTY> FW> Loading driver at 0x009DCAF6000 EntryPoint=0x009DCAF9118 MsUiThemeProtocol.efi
TTY> FW> InstallProtocolInterface: BC62157E-3E33-4FEC-9920-2D3B36D750DF 9DCEF9518
TTY> FW> ProtectUefiImage - 0xDCEF91C0
TTY> FW>   - 0x00000009DCAF6000 - 0x0000000000013000
TTY> FW> InstallProtocolInterface: FC111AE5-F073-4348-AA5C-49124BBFED7B 9DCB33000
TTY> FW> Loading driver E622443C-284E-4B47-A984-FD66B482DAC0
TTY> FW> InstallProtocolInterface: 5B1B31A1-9562-11D2-8E3F-00A0C969723B 9DCEF80C0
TTY> FW> Loading driver at 0x009DCE17000 EntryPoint=0x009DCE1AA7C BootManagerPolicyDxe.efi
TTY> FW> InstallProtocolInterface: BC62157E-3E33-4FEC-9920-2D3B36D750DF 9DCEF8D18
TTY> FW> ProtectUefiImage - 0xDCEF80C0
TTY> FW>   - 0x00000009DCE17000 - 0x0000000000008000
TTY> FW> InstallProtocolInterface: FEDF8E0C-E147-11E3-9903-B8E8562CBAFA 9DCE1D150
TTY> FW> Loading driver 328AC7D1-6D2B-4F6B-8A2D-EA6302A62F60
TTY> FW> InstallProtocolInterface: 5B1B31A1-9562-11D2-8E3F-00A0C969723B 9DCEB2040
TTY> FW> Loading driver at 0x009DCB24000 EntryPoint=0x009DCB27608 HwErrorBert.efi
TTY> FW> InstallProtocolInterface: BC62157E-3E33-4FEC-9920-2D3B36D750DF 9DCEB2F18
TTY> FW> ProtectUefiImage - 0xDCEB2040
TTY> FW>   - 0x00000009DCB24000 - 0x0000000000007000
TTY> FW> Loading driver AF8F0389-6BA2-47D3-9E55-80B3DD9B8A98
TTY> FW> InstallProtocolInterface: 5B1B31A1-9562-11D2-8E3F-00A0C969723B 9DCEB26C0
TTY> FW> Loading driver at 0x009DCAE1000 EntryPoint=0x009DCAE5FF8 HwhMenu.efi
TTY> FW> InstallProtocolInterface: BC62157E-3E33-4FEC-9920-2D3B36D750DF 9DCEB2998
TTY> FW> ProtectUefiImage - 0xDCEB26C0
TTY> FW>   - 0x00000009DCAE1000 - 0x000000000000A000
TTY> FW> InstallProtocolInterface: 09576E91-6D3F-11D2-8E39-00A0C969723B 9DCAE90C8
TTY> FW> InstallProtocolInterface: 330D4706-F2A0-4E4F-A369-B66FA8D54385 9DCAE90F8
TTY> FW> InstallProtocolInterface: 3B82383D-7ADD-4C6A-AD2B-719B8D7B77C9 0
TTY> FW> Loading driver D118A4C4-DEB6-4B7A-B3EB-E071148C1C6C
TTY> FW> InstallProtocolInterface: 5B1B31A1-9562-11D2-8E3F-00A0C969723B 9DCEB11C0
TTY> FW> Loading driver at 0x009DCAF1000 EntryPoint=0x009DCAF366C AcpiRgrt.efi
TTY> FW> InstallProtocolInterface: BC62157E-3E33-4FEC-9920-2D3B36D750DF 9DCEB1998
TTY> FW> ProtectUefiImage - 0xDCEB11C0
TTY> FW>   - 0x00000009DCAF1000 - 0x0000000000005000
TTY> FW> Loading driver 42857F0A-13F2-4B21-8A23-53D3F714B840
TTY> FW> InstallProtocolInterface: 5B1B31A1-9562-11D2-8E3F-00A0C969723B 9DCEB00C0
TTY> FW> Loading driver at 0x009DCA90000 EntryPoint=0x009DCAA1538 CapsuleRuntimeDxe.efi
TTY> FW> InstallProtocolInterface: BC62157E-3E33-4FEC-9920-2D3B36D750DF 9DCEB0318
TTY> FW> ProtectUefiImage - 0xDCEB00C0
TTY> FW>   - 0x00000009DCA90000 - 0x0000000000040000
TTY> FW> InstallProtocolInterface: 5053697E-2CBC-4819-90D9-0580DEEE5754 0
TTY> FW> Loading driver B336F62D-4135-4A55-AE4E-4971BBF0885D
TTY> FW> InstallProtocolInterface: 5B1B31A1-9562-11D2-8E3F-00A0C969723B 9DCEA0BC0
TTY> FW> Loading driver at 0x009DCA40000 EntryPoint=0x009DCA515E8 RealTimeClock.efi
TTY> FW> InstallProtocolInterface: BC62157E-3E33-4FEC-9920-2D3B36D750DF 9DCEA0B18
TTY> FW> ProtectUefiImage - 0xDCEA0BC0
TTY> FW>   - 0x00000009DCA40000 - 0x0000000000040000
TTY> FW> InitializeRealTimeClock: using default timezone/daylight settings
TTY> FW> InstallProtocolInterface: 27CFAC87-46CC-11D4-9A38-0090273FC14D 0
TTY> FW> Loading driver 128FB770-5E79-4176-9E51-9BB268A17DD1
TTY> FW> InstallProtocolInterface: 5B1B31A1-9562-11D2-8E3F-00A0C969723B 9DCEA0240
TTY> FW> Loading driver at 0x009DCA1F000 EntryPoint=0x009DCA26B3C PciHostBridgeDxe.efi
TTY> FW> InstallProtocolInterface: BC62157E-3E33-4FEC-9920-2D3B36D750DF 9DCE33B18
TTY> FW> ProtectUefiImage - 0xDCEA0240
TTY> FW>   - 0x00000009DCA1F000 - 0x0000000000010000
TTY> FW> DxeMemoryProtectionHobLibConstructor - Unable to fetch memory protection HOB. Zero-ing memory protection settings
TTY> FW> RootBridge: PciRoot(0x0)
TTY> FW>   Support/Attr: 0 / 0
TTY> FW>     DmaAbove4G: Yes
TTY> FW> NoExtConfSpace: No
TTY> FW>      AllocAttr: 3 (CombineMemPMem Mem64Decode)
TTY> FW>            Bus: 0 - FF Translation=0
TTY> FW>             Io: FFFFFFFFFFFFFFFF - 0 Translation=0
TTY> FW>            Mem: C0000000 - FFFFFFFF Translation=FFFFFFFB00000000
TTY> FW>     MemAbove4G: 400000000 - 41FFFFFFF Translation=0
TTY> FW>           PMem: FFFFFFFFFFFFFFFF - 0 Translation=0
TTY> FW>    PMemAbove4G: FFFFFFFFFFFFFFFF - 0 Translation=0
TTY> FW> InstallProtocolInterface: CF8034BE-6768-4D8B-B739-7CCE683A9FBE 9DCE33CC0
TTY> FW> InstallProtocolInterface: 09576E91-6D3F-11D2-8E39-00A0C969723B 9DCE33D98
TTY> FW> InstallProtocolInterface: 2F707EBB-4A1A-11D4-9A38-0090273FC14D 9DCE33670
TTY> FW> Loading driver 28A03FF4-12B3-4305-A417-BB1A4F94081E
TTY> FW> InstallProtocolInterface: 5B1B31A1-9562-11D2-8E3F-00A0C969723B 9DCB320C0
TTY> FW> Loading driver at 0x009DCA11000 EntryPoint=0x009DCA18F3C RamDiskDxe.efi
TTY> FW> InstallProtocolInterface: BC62157E-3E33-4FEC-9920-2D3B36D750DF 9DCB32D18
TTY> FW> ProtectUefiImage - 0xDCB320C0
TTY> FW>   - 0x00000009DCA11000 - 0x000000000000E000
TTY> FW> InstallProtocolInterface: 09576E91-6D3F-11D2-8E39-00A0C969723B 9DCB32898
TTY> FW> InstallProtocolInterface: 330D4706-F2A0-4E4F-A369-B66FA8D54385 9DCA1C2B8
TTY> FW> InstallProtocolInterface: 09576E91-6D3F-11D2-8E39-00A0C969723B 9DCA1C1C8
TTY> FW> InstallProtocolInterface: 330D4706-F2A0-4E4F-A369-B66FA8D54385 9DCB30FB0
TTY> FW> InstallProtocolInterface: AB38A0DF-6873-44A9-87E6-D4EB56148449 9DCA1C0A0
TTY> FW> InstallProtocolInterface: 28A03FF4-12B3-4305-A417-BB1A4F94081E 9DCB30F98
TTY> FW> Loading driver CB933912-DF8F-4305-B1F9-7B44FA11395C
TTY> FW> InstallProtocolInterface: 5B1B31A1-9562-11D2-8E3F-00A0C969723B 9DCB2F840
TTY> FW> Loading driver at 0x009DCA33000 EntryPoint=0x009DCA35588 AcpiPlatform.efi
TTY> FW> InstallProtocolInterface: BC62157E-3E33-4FEC-9920-2D3B36D750DF 9DCB31718
TTY> FW> ProtectUefiImage - 0xDCB2F840
TTY> FW>   - 0x00000009DCA33000 - 0x0000000000006000
TTY> FW> AcpiPlatformEntryPoint: AcpiPlatform driver started
TTY> FW> ECAM GCD AddMemorySpace(0x690000000,0x100000) = Success
TTY> FW> AcpiPlatformEntryPoint: Locating ACPI table protocol
TTY> FW> AcpiPlatformEntryPoint: Locating device specific ACPI tables
TTY> FW> ACPI INSTALL instance=0 sig=DBG2 len=0x60
TTY> FW> ACPI INSTALL instance=1 sig=MCFG len=0x3C
TTY> FW> ACPI INSTALL instance=2 sig=DSDT len=0x4BA
TTY> FW> AcpiPlatformEntryPoint: Locating SoC specific ACPI tables
TTY> FW> ACPI INSTALL instance=0 sig=APIC len=0x2E8
TTY> FW> ACPI INSTALL instance=1 sig=PPTT len=0x100
TTY> FW> AcpiPlatformEntryPoint: Locating generic ACPI tables
TTY> FW> ACPI INSTALL instance=0 sig=GTDT len=0x68
TTY> FW> AcpiPlatformEntryPoint: Locating device family ACPI tables
TTY> FW> ACPI INSTALL instance=0 sig=FACP len=0x114
TTY> FW> ACPI LIVE: 7 configuration tables
TTY> FW> ACPI LIVE: cfg[0] guid0=0xFC1BCDB0 table=0x9DD76DE18
TTY> FW> ACPI LIVE: cfg[1] guid0=0xEE4E5898 table=0x9DD76F198
TTY> FW> ACPI LIVE: cfg[2] guid0=0x05AD34BA table=0x9DD971A20
TTY> FW> ACPI LIVE: cfg[3] guid0=0x7739F24C table=0x9DD76D018
TTY> FW> ACPI LIVE: cfg[4] guid0=0x4C19049F table=0x9DD971858
TTY> FW> ACPI LIVE: cfg[5] guid0=0x49152E77 table=0x9DD9726E0
TTY> FW> ACPI LIVE: cfg[6] guid0=0x8868E871 table=0x9DCEFD018
TTY> FW> ACPI LIVE: RSDP @ 0x9DCEFD018
TTY> FW> ACPI LIVE: XSDT @ 0x9DCEFDF18
TTY> FW> ACPI LIVE: XSDT[0] FACP @0x9DCB2C018
TTY> FW> ACPI LIVE: XSDT[1] RGRT @0x9DCAEB018
TTY> FW> ACPI LIVE: XSDT[2] DBG2 @0x9DCEFDB18
TTY> FW> ACPI LIVE: XSDT[3] MCFG @0x9DCEFDE98
TTY> FW> ACPI LIVE: XSDT[4] APIC @0x9DCEFD718
TTY> FW> ACPI LIVE: XSDT[5] PPTT @0x9DCEFDC18
TTY> FW> ACPI LIVE: XSDT[6] GTDT @0x9DCEFDD98
TTY> FW> Error: Image at 009DCA33000 start failed: 00000001
TTY> FW> Loading driver 58018FB9-0E53-429A-ADD1-87FED52C8559
TTY> FW> InstallProtocolInterface: 5B1B31A1-9562-11D2-8E3F-00A0C969723B 9DCB2F840
TTY> FW> Loading driver at 0x009DCA31000 EntryPoint=0x009DCA33E6C SmBiosTableDxe.efi
TTY> FW> InstallProtocolInterface: BC62157E-3E33-4FEC-9920-2D3B36D750DF 9DCB31998
TTY> FW> ProtectUefiImage - 0xDCB2F840
TTY> FW>   - 0x00000009DCA31000 - 0x0000000000007000
TTY> FW> SmbiosAdd: Smbios type 0 with size 0x57 is added to 32-bit table
TTY> FW> SmbiosAdd: Smbios type 0 with size 0x57 is added to 64-bit table
TTY> FW> SmbiosCreateTable: Initialize 32-bit entry point structure
TTY> FW> SmbiosCreateTable() re-allocate SMBIOS 32-bit table
TTY> FW> SmbiosCreateTable: Initialize 64-bit entry point structure
TTY> FW> SmbiosCreate64BitTable() re-allocate SMBIOS 64-bit table
TTY> FW> SmbiosAdd: Smbios type 1 with size 0x6D is added to 32-bit table
TTY> FW> SmbiosAdd: Smbios type 1 with size 0x6D is added to 64-bit table
TTY> FW> SmbiosAdd: Smbios type 2 with size 0x63 is added to 32-bit table
TTY> FW> SmbiosAdd: Smbios type 2 with size 0x63 is added to 64-bit table
TTY> FW> SmbiosAdd: Smbios type 3 with size 0x4E is added to 32-bit table
TTY> FW> SmbiosAdd: Smbios type 3 with size 0x4E is added to 64-bit table
TTY> FW> SmbiosAdd: Smbios type 7 with size 0x33 is added to 32-bit table
TTY> FW> SmbiosAdd: Smbios type 7 with size 0x33 is added to 64-bit table
TTY> FW> SmbiosAdd: Smbios type 7 with size 0x2E is added to 32-bit table
TTY> FW> SmbiosAdd: Smbios type 7 with size 0x2E is added to 64-bit table
TTY> FW> SmbiosAdd: Smbios type 7 with size 0x33 is added to 32-bit table
TTY> FW> SmbiosAdd: Smbios type 7 with size 0x33 is added to 64-bit table
TTY> FW> SmbiosAdd: Smbios type 4 with size 0x61 is added to 32-bit table
TTY> FW> SmbiosAdd: Smbios type 4 with size 0x61 is added to 64-bit table
TTY> FW> SmbiosAdd: Smbios type 7 with size 0x3A is added to 32-bit table
TTY> FW> SmbiosAdd: Smbios type 7 with size 0x3A is added to 64-bit table
TTY> FW> SmbiosAdd: Smbios type 16 with size 0x19 is added to 32-bit table
TTY> FW> SmbiosAdd: Smbios type 16 with size 0x19 is added to 64-bit table
TTY> FW> SmbiosAdd: Smbios type 17 with size 0xA9 is added to 32-bit table
TTY> FW> SmbiosAdd: Smbios type 17 with size 0xA9 is added to 64-bit table
TTY> FW> SmbiosAdd: Smbios type 19 with size 0x21 is added to 32-bit table
TTY> FW> SmbiosAdd: Smbios type 19 with size 0x21 is added to 64-bit table
TTY> FW> Loading driver E660EA85-058E-4B55-A54B-F02F83A24707
TTY> FW> InstallProtocolInterface: 5B1B31A1-9562-11D2-8E3F-00A0C969723B 9DCB2B2C0
TTY> FW> Loading driver at 0x009DC9E4000 EntryPoint=0x009DC9F3460 DisplayEngine.efi
TTY> FW> InstallProtocolInterface: BC62157E-3E33-4FEC-9920-2D3B36D750DF 9DCB2B898
TTY> FW> ProtectUefiImage - 0xDCB2B2C0
TTY> FW>   - 0x00000009DC9E4000 - 0x0000000000016000
TTY> FW> InstallProtocolInterface: 9BBE29E9-FDA1-41EC-AD52-452213742D2E 9DC9F60D0
TTY> FW> InstallProtocolInterface: 4311EDC0-6054-46D4-9E40-893EA952FCCC 9DC9F60E8
TTY> FW> Loading driver EBF8ED7C-0DD1-4787-84F1-F48D537DCACF
TTY> FW> InstallProtocolInterface: 5B1B31A1-9562-11D2-8E3F-00A0C969723B 9DCA3EB40
TTY> FW> Loading driver at 0x009DC9D7000 EntryPoint=0x009DC9DDDF8 DriverHealthManagerDxe.efi
TTY> FW> InstallProtocolInterface: BC62157E-3E33-4FEC-9920-2D3B36D750DF 9DCA3E098
TTY> FW> ProtectUefiImage - 0xDCA3EB40
TTY> FW>   - 0x00000009DC9D7000 - 0x000000000000D000
TTY> FW> InstallProtocolInterface: 09576E91-6D3F-11D2-8E39-00A0C969723B 9DC9E21D8
TTY> FW> InstallProtocolInterface: 330D4706-F2A0-4E4F-A369-B66FA8D54385 9DC9E21C0
TTY> FW> Loading driver 6D33944A-EC75-4855-A54D-809C75241F6C
TTY> FW> InstallProtocolInterface: 5B1B31A1-9562-11D2-8E3F-00A0C969723B 9DCA3C040
TTY> FW> Loading driver at 0x009DC91A000 EntryPoint=0x009DC92F2B4 BdsDxe.efi
TTY> FW> InstallProtocolInterface: BC62157E-3E33-4FEC-9920-2D3B36D750DF 9DCA3C398
TTY> FW> ProtectUefiImage - 0xDCA3C040
TTY> FW>   - 0x00000009DC91A000 - 0x000000000005E000
TTY> FW> InstallProtocolInterface: 665E3FF6-46CC-11D4-9A38-0090273FC14D 9DC976008
TTY> FW> Loading driver 0CCF27CF-E68D-4279-96B0-8A4E1CDFF10C
TTY> FW> InstallProtocolInterface: 5B1B31A1-9562-11D2-8E3F-00A0C969723B 9DCA3B1C0
TTY> FW> Loading driver at 0x009DC994000 EntryPoint=0x009DC9A831C SettingsManagerDxe.efi
TTY> FW> InstallProtocolInterface: BC62157E-3E33-4FEC-9920-2D3B36D750DF 9DCA3B418
TTY> FW> ProtectUefiImage - 0xDCA3B1C0
TTY> FW>   - 0x00000009DC994000 - 0x0000000000021000
TTY> FW> PasswordPolicyGeneratePasswordHash: Entry
TTY> FW> PasswordPolicyGeneratePasswordHash: Exit. Code=Success
TTY> FW> InstallProtocolInterface: 68E6A3C8-2138-4846-A085-73EAB4C344E0 0
TTY> FW> PasswordPolicyValidatePasswordHash: Entry
TTY> FW> Located Authentication Protocol after Notify. Code=Success
TTY> FW> NullAuthManager - GetEnrolledIdentities
TTY> FW> CheckForAuthenticationProtocol: Failed to get owner ids. Unsupported
TTY> FW> InstallProtocolInterface: D701B10F-9E95-4D6D-9685-B8A910CFBF3F 9DC9B3188
TTY> FW> DfciPasswordProviderConstructor - Event Registered.
TTY> FW> DfciSettingsConstructor: Event Registered.
TTY> FW> DfciVirtualizationSettingsConstructor: Event Registered.
TTY> FW> DfciWpbtSettingConstructor: Event Registered.
TTY> FW> DfciWpbtSettingGet - Variable WPBTen not found. Getting default value.
TTY> FW> DfciWpbtSettingGet - Setting WPBTen retrieved.
TTY> FW> InstallProtocolInterface: 1E7367F0-E09A-47A4-AFE6-831ECEFEF9F4 0
TTY> FW> DfciAssetTagSettingConstructor: Event Registered.
TTY> FW> InstallProtocolInterface: C16C7ED8-3751-45A5-A893-296A03B88F9D 9DC9B3000
TTY> FW> InstallProtocolInterface: 83FB5B14-8FBA-4D55-9578-A5314F3633A5 9DC9B3158
TTY> FW> InstallProtocolInterface: 91B3BF34-6DB1-4E3C-808F-BB615B3AAF08 9DC9B31A8
TTY> FW> Registering Password Setting Provider
TTY> FW> Registering Provider with ID Device.Password.Password
TTY> FW> FindGroup - Failed to find (Device.Password.Password)
TTY> FW> Registering Provider with ID Dfci.RecoveryUrl.String
TTY> FW> FindGroup - Failed to find (Dfci.RecoveryUrl.String)
TTY> FW> Registering Provider with ID Dfci.RecoveryBootstrapUrl.String
TTY> FW> FindGroup - Failed to find (Dfci.RecoveryBootstrapUrl.String)
TTY> FW> Registering Provider with ID Dfci.HttpsCert.Binary
TTY> FW> FindGroup - Failed to find (Dfci.HttpsCert.Binary)
TTY> FW> Registering Provider with ID Dfci.RegistrationId.String
TTY> FW> FindGroup - Failed to find (Dfci.RegistrationId.String)
TTY> FW> Registering Provider with ID Dfci.TenantId.String
TTY> FW> FindGroup - Failed to find (Dfci.TenantId.String)
TTY> FW> Registering Provider with ID MDM.FriendlyName.String
TTY> FW> FindGroup - Failed to find (MDM.FriendlyName.String)
TTY> FW> Registering Provider with ID MDM.TenantName.String
TTY> FW> FindGroup - Failed to find (MDM.TenantName.String)
TTY> FW> Registering Provider with ID Device.CpuAndIoVirtualization.Enable
TTY> FW> FindGroup - Failed to find (Device.CpuAndIoVirtualization.Enable)
TTY> FW> Registering Provider with ID Dfci3.OnboardWpbt.Enable
TTY> FW> FindGroup - Failed to find (Dfci3.OnboardWpbt.Enable)
TTY> FW> Registering Provider with ID Dfci3.AssetTag.String
TTY> FW> FindGroup - Failed to find (Dfci3.AssetTag.String)
TTY> FW> Loading driver 8D865E53-BD58-4E4C-8ECA-EE96B620F40F
TTY> FW> InstallProtocolInterface: 5B1B31A1-9562-11D2-8E3F-00A0C969723B 9DCA39040
TTY> FW> Loading driver at 0x009DC871000 EntryPoint=0x009DC87D900 BootMenu.efi
TTY> FW> InstallProtocolInterface: BC62157E-3E33-4FEC-9920-2D3B36D750DF 9DCA3A318
TTY> FW> ProtectUefiImage - 0xDCA39040
TTY> FW>   - 0x00000009DC871000 - 0x0000000000054000
TTY> FW> InstallProtocolInterface: 09576E91-6D3F-11D2-8E39-00A0C969723B 9DC8C21F4
TTY> FW> InstallProtocolInterface: 330D4706-F2A0-4E4F-A369-B66FA8D54385 9DC8C2228
TTY> FW> Loading driver 9E863906-A40F-4875-977F-5B93FF237FC6
TTY> FW> InstallProtocolInterface: 5B1B31A1-9562-11D2-8E3F-00A0C969723B 9DCA10AC0
TTY> FW> Loading driver at 0x009DC9CB000 EntryPoint=0x009DC9D1F54 TerminalDxe.efi
TTY> FW> InstallProtocolInterface: BC62157E-3E33-4FEC-9920-2D3B36D750DF 9DCA2FD98
TTY> FW> ProtectUefiImage - 0xDCA10AC0
TTY> FW>   - 0x00000009DC9CB000 - 0x000000000000C000
TTY> FW> InstallProtocolInterface: 18A031AB-B443-4D1A-A5C0-0C09261E9F71 9DC9D5140
TTY> FW> Loading driver 93B80004-9FB3-11D4-9A3A-0090273FC14D
TTY> FW> InstallProtocolInterface: 5B1B31A1-9562-11D2-8E3F-00A0C969723B 9DCA2F740
TTY> FW> Loading driver at 0x009DC9B6000 EntryPoint=0x009DC9C4DC0 PciBusDxe.efi
TTY> FW> InstallProtocolInterface: BC62157E-3E33-4FEC-9920-2D3B36D750DF 9DCA30F98
TTY> FW> ProtectUefiImage - 0xDCA2F740
TTY> FW>   - 0x00000009DC9B6000 - 0x0000000000015000
TTY> FW> InstallProtocolInterface: 18A031AB-B443-4D1A-A5C0-0C09261E9F71 9DC9C9208
TTY> FW> InstallProtocolInterface: 19CB87AB-2CB9-4665-8360-DDCF6054F79D 9DC9C9008
TTY> FW> Loading driver 71FD84CD-353B-464D-B7A4-6EA7B96995CB
TTY> FW> InstallProtocolInterface: 5B1B31A1-9562-11D2-8E3F-00A0C969723B 9DCA30540
TTY> FW> Loading driver at 0x009DC9FF000 EntryPoint=0x009DCA035C8 NonDiscoverablePciDeviceDxe.efi
TTY> FW> InstallProtocolInterface: BC62157E-3E33-4FEC-9920-2D3B36D750DF 9DCA30898
TTY> FW> ProtectUefiImage - 0xDCA30540
TTY> FW>   - 0x00000009DC9FF000 - 0x0000000000008000
TTY> FW> InstallProtocolInterface: 18A031AB-B443-4D1A-A5C0-0C09261E9F71 9DCA050F0
TTY> FW> Loading driver 5BE3BDF4-53CF-46A3-A6A9-73C34A6E5EE3
TTY> FW> InstallProtocolInterface: 5B1B31A1-9562-11D2-8E3F-00A0C969723B 9DCA0FBC0
TTY> FW> Loading driver at 0x009DC90B000 EntryPoint=0x009DC914974 NvmExpressDxe.efi
TTY> FW> InstallProtocolInterface: BC62157E-3E33-4FEC-9920-2D3B36D750DF 9DCA0F118
TTY> FW> ProtectUefiImage - 0xDCA0FBC0
TTY> FW>   - 0x00000009DC90B000 - 0x000000000000F000
TTY> FW> InstallProtocolInterface: 18A031AB-B443-4D1A-A5C0-0C09261E9F71 9DC918158
TTY> FW> InstallProtocolInterface: 5C198761-16A8-4E69-972C-89D67954F81D 9DC918000
TTY> FW> Loading driver 88079B18-B42B-44AA-A6F2-B83911075E89
TTY> FW> InstallProtocolInterface: 5B1B31A1-9562-11D2-8E3F-00A0C969723B 9DCA0F1C0
TTY> FW> Loading driver at 0x009DC98D000 EntryPoint=0x009DC990504 VirtualKeyboardDxe.efi
TTY> FW> InstallProtocolInterface: BC62157E-3E33-4FEC-9920-2D3B36D750DF 9DC9FEF98
TTY> FW> ProtectUefiImage - 0xDCA0F1C0
TTY> FW>   - 0x00000009DC98D000 - 0x0000000000007000
TTY> FW> InstallProtocolInterface: 18A031AB-B443-4D1A-A5C0-0C09261E9F71 9DC992060
TTY> FW> Loading driver 907125C0-A5F1-11E3-A3FE-A3198B49350C
TTY> FW> InstallProtocolInterface: 5B1B31A1-9562-11D2-8E3F-00A0C969723B 9DC9FE140
TTY> FW> Loading driver at 0x009DC978000 EntryPoint=0x009DC97D110 FvSimpleFileSystem.efi
TTY> FW> InstallProtocolInterface: BC62157E-3E33-4FEC-9920-2D3B36D750DF 9DC9FEA18
TTY> FW> ProtectUefiImage - 0xDC9FE140
TTY> FW>   - 0x00000009DC978000 - 0x000000000000A000
TTY> FW> InstallProtocolInterface: 18A031AB-B443-4D1A-A5C0-0C09261E9F71 9DC9800E8
TTY> FW> Loading driver 2FB92EFA-2EE0-4BAE-9EB6-7464125E1EF7
TTY> FW> InstallProtocolInterface: 5B1B31A1-9562-11D2-8E3F-00A0C969723B 9DC9FE740
TTY> FW> Loading driver at 0x009DC982000 EntryPoint=0x009DC988448 UhciDxe.efi
TTY> FW> InstallProtocolInterface: BC62157E-3E33-4FEC-9920-2D3B36D750DF 9DCA0EC18
TTY> FW> ProtectUefiImage - 0xDC9FE740
TTY> FW>   - 0x00000009DC982000 - 0x000000000000B000
TTY> FW> InstallProtocolInterface: 18A031AB-B443-4D1A-A5C0-0C09261E9F71 9DC98B060
TTY> FW> Loading driver BDFE430E-8F2A-4DB0-9991-6F856594777E
TTY> FW> InstallProtocolInterface: 5B1B31A1-9562-11D2-8E3F-00A0C969723B 9DCA0E1C0
TTY> FW> Loading driver at 0x009DC8F2000 EntryPoint=0x009DC8F95A4 EhciDxe.efi
TTY> FW> InstallProtocolInterface: BC62157E-3E33-4FEC-9920-2D3B36D750DF 9DCA0E518
TTY> FW> ProtectUefiImage - 0xDCA0E1C0
TTY> FW>   - 0x00000009DC8F2000 - 0x000000000000C000
TTY> FW> InstallProtocolInterface: 18A031AB-B443-4D1A-A5C0-0C09261E9F71 9DC8FC060
TTY> FW> Loading driver B7F50E91-A759-412C-ADE4-DCD03E7F7C28
TTY> FW> InstallProtocolInterface: 5B1B31A1-9562-11D2-8E3F-00A0C969723B 9DCA0DB40
TTY> FW> Loading driver at 0x009DC8CF000 EntryPoint=0x009DC8DA088 XhciDxe.efi
TTY> FW> InstallProtocolInterface: BC62157E-3E33-4FEC-9920-2D3B36D750DF 9DCA0D098
TTY> FW> ProtectUefiImage - 0xDCA0DB40
TTY> FW>   - 0x00000009DC8CF000 - 0x0000000000011000
TTY> FW> InstallProtocolInterface: 18A031AB-B443-4D1A-A5C0-0C09261E9F71 9DC8DE060
TTY> FW> Loading driver 2D2E62CF-9ECF-43B7-8219-94E7FC713DFE
TTY> FW> InstallProtocolInterface: 5B1B31A1-9562-11D2-8E3F-00A0C969723B 9DCA0D1C0
TTY> FW> Loading driver at 0x009DC8E9000 EntryPoint=0x009DC8EE614 UsbKbDxe.efi
TTY> FW> InstallProtocolInterface: BC62157E-3E33-4FEC-9920-2D3B36D750DF 9DCA0D998
TTY> FW> ProtectUefiImage - 0xDCA0D1C0
TTY> FW>   - 0x00000009DC8E9000 - 0x0000000000009000
TTY> FW> InstallProtocolInterface: 18A031AB-B443-4D1A-A5C0-0C09261E9F71 9DC8F00D0
TTY> FW> Loading driver 4EA43463-747C-46EB-97FB-B0E5C5F05306
TTY> FW> InstallProtocolInterface: 5B1B31A1-9562-11D2-8E3F-00A0C969723B 9DCA0C140
TTY> FW> Loading driver at 0x009DC8E1000 EntryPoint=0x009DC8E4CA8 UsbMouseAbsolutePointerDxe.efi
TTY> FW> InstallProtocolInterface: BC62157E-3E33-4FEC-9920-2D3B36D750DF 9DCA0CB18
TTY> FW> ProtectUefiImage - 0xDCA0C140
TTY> FW>   - 0x00000009DC8E1000 - 0x0000000000008000
TTY> FW> InstallProtocolInterface: 18A031AB-B443-4D1A-A5C0-0C09261E9F71 9DC8E7050
TTY> FW> Loading driver 240612B7-A063-11D4-9A3A-0090273FC14D
TTY> FW> InstallProtocolInterface: 5B1B31A1-9562-11D2-8E3F-00A0C969723B 9DCA0C5C0
TTY> FW> Loading driver at 0x009DC854000 EntryPoint=0x009DC85C008 UsbBusDxe.efi
TTY> FW> InstallProtocolInterface: BC62157E-3E33-4FEC-9920-2D3B36D750DF 9DCA0BF98
TTY> FW> ProtectUefiImage - 0xDCA0C5C0
TTY> FW>   - 0x00000009DC854000 - 0x000000000000E000
TTY> FW> InstallProtocolInterface: 18A031AB-B443-4D1A-A5C0-0C09261E9F71 9DC860070
TTY> FW> Loading driver 9FB4B4A7-42C0-4BCD-8540-9BCC6711F83E
TTY> FW> InstallProtocolInterface: 5B1B31A1-9562-11D2-8E3F-00A0C969723B 9DCA0B1C0
TTY> FW> Loading driver at 0x009DC8C5000 EntryPoint=0x009DC8CA1EC UsbMassStorageDxe.efi
TTY> FW> InstallProtocolInterface: BC62157E-3E33-4FEC-9920-2D3B36D750DF 9DCA0BA18
TTY> FW> ProtectUefiImage - 0xDCA0B1C0
TTY> FW>   - 0x00000009DC8C5000 - 0x000000000000A000
TTY> FW> InstallProtocolInterface: 18A031AB-B443-4D1A-A5C0-0C09261E9F71 9DC8CD050
TTY> FW> Loading driver 6B38F7B4-AD98-40E9-9093-ACA2B5A253C4
TTY> FW> InstallProtocolInterface: 5B1B31A1-9562-11D2-8E3F-00A0C969723B 9DCA09040
TTY> FW> Loading driver at 0x009DC869000 EntryPoint=0x009DC86D0F4 DiskIoDxe.efi
TTY> FW> InstallProtocolInterface: BC62157E-3E33-4FEC-9920-2D3B36D750DF 9DCA0B818
TTY> FW> ProtectUefiImage - 0xDCA09040
TTY> FW>   - 0x00000009DC869000 - 0x0000000000008000
TTY> FW> InstallProtocolInterface: 18A031AB-B443-4D1A-A5C0-0C09261E9F71 9DC86F050
TTY> FW> Loading driver 1FA1F39E-FEFF-4AAE-BD7B-38A070A3B609
TTY> FW> InstallProtocolInterface: 5B1B31A1-9562-11D2-8E3F-00A0C969723B 9DCA093C0
TTY> FW> Loading driver at 0x009DC84A000 EntryPoint=0x009DC84FA58 PartitionDxe.efi
TTY> FW> InstallProtocolInterface: BC62157E-3E33-4FEC-9920-2D3B36D750DF 9DCA09C18
TTY> FW> ProtectUefiImage - 0xDCA093C0
TTY> FW>   - 0x00000009DC84A000 - 0x000000000000A000
TTY> FW> InstallProtocolInterface: 18A031AB-B443-4D1A-A5C0-0C09261E9F71 9DC852080
TTY> FW> Loading driver 961578FE-B6B7-44C3-AF35-6BC705CD2B1F
TTY> FW> InstallProtocolInterface: 5B1B31A1-9562-11D2-8E3F-00A0C969723B 9DCA08040
TTY> FW> Loading driver at 0x009DC82D000 EntryPoint=0x009DC835D34 Fat.efi
TTY> FW> InstallProtocolInterface: BC62157E-3E33-4FEC-9920-2D3B36D750DF 9DCA09A18
TTY> FW> ProtectUefiImage - 0xDCA08040
TTY> FW>   - 0x00000009DC82D000 - 0x000000000000E000
TTY> FW> InstallProtocolInterface: 18A031AB-B443-4D1A-A5C0-0C09261E9F71 9DC839108
TTY> FW> Loading driver CD3BAFB6-50FB-4FE8-8E4E-AB74D2C1A600
TTY> FW> InstallProtocolInterface: 5B1B31A1-9562-11D2-8E3F-00A0C969723B 9DCA083C0
TTY> FW> Loading driver at 0x009DC8FE000 EntryPoint=0x009DC900580 EnglishDxe.efi
TTY> FW> InstallProtocolInterface: BC62157E-3E33-4FEC-9920-2D3B36D750DF 9DCA08C18
TTY> FW> ProtectUefiImage - 0xDCA083C0
TTY> FW>   - 0x00000009DC8FE000 - 0x0000000000006000
TTY> FW> InstallProtocolInterface: 1D85CD7F-F43D-11D2-9A0C-0090273FC14D 9DC902020
TTY> FW> InstallProtocolInterface: A4C751FC-23AE-4C3E-92E9-4964CF63F349 9DC902058
TTY> FW> Loading driver 69B5DBD8-92C0-492C-859F-7256D5100D2A
TTY> FW> InstallProtocolInterface: 5B1B31A1-9562-11D2-8E3F-00A0C969723B 9DCA07C40
TTY> FW> Loading driver at 0x009DC863000 EntryPoint=0x009DC8659A4 BootRamdiskHelperDxe.efi
TTY> FW> InstallProtocolInterface: BC62157E-3E33-4FEC-9920-2D3B36D750DF 9DCA07A98
TTY> FW> ProtectUefiImage - 0xDCA07C40
TTY> FW>   - 0x00000009DC863000 - 0x0000000000006000
TTY> FW> BootRamdiskHelperDxe started
TTY> FW> BootRamdiskHelperDxe: no preloaded RAMDisk at 0x860000000, falling back to the FV
TTY> FW> InstallProtocolInterface: 964E5B21-6459-11D2-8E39-00A0C969723B 9DCA071A8
TTY> FW> InstallProtocolInterface: A77B2472-E282-4E9F-A245-C2C0E27BBCC1 9DCA071D8
TTY> FW> InstallProtocolInterface: 09576E91-6D3F-11D2-8E39-00A0C969723B 9DCA07318
TTY> FW> InstallProtocolInterface: CE345171-BA0B-11D2-8E4F-00A0C969723B 9DC9FDDA0
TTY> FW> InstallProtocolInterface: 151C8EAE-7F2C-472C-9E54-9828194F6A88 9DC9FDDB8
TTY> FW>  BlockSize : 512 
TTY> FW>  LastBlock : 3FFF 
TTY> FW> InstallProtocolInterface: 964E5B22-6459-11D2-8E39-00A0C969723B 9DC906030
TTY> FW> Installed Fat filesystem on 9DCA07398
TTY> FW> Loading driver B8E62775-BB0A-43F0-A843-5BE8B14F8CCD
TTY> FW> InstallProtocolInterface: 5B1B31A1-9562-11D2-8E3F-00A0C969723B 9DC9FC140
TTY> FW> Loading driver at 0x009DAF9A000 EntryPoint=0x009DAF9CB3C BootGraphicsResourceTableDxe.efi
TTY> FW> InstallProtocolInterface: BC62157E-3E33-4FEC-9920-2D3B36D750DF 9DCA07998
TTY> FW> ProtectUefiImage - 0xDC9FC140
TTY> FW>   - 0x00000009DAF9A000 - 0x0000000000006000
TTY> FW> InstallProtocolInterface: CDEA2BD3-FC25-4C1C-B97C-B31186064990 9DAF9E000
TTY> FW> InstallProtocolInterface: 4B5DC1DF-1EAA-48B2-A7E9-EAC489A00B5C 9DAF9E008
TTY> FW> Loading driver 3E197E9C-D8DC-42D3-89CE-B04FA9833756
TTY> FW> InstallProtocolInterface: 5B1B31A1-9562-11D2-8E3F-00A0C969723B 9DC9FC4C0
TTY> FW> Loading driver at 0x009DAECD000 EntryPoint=0x009DAED0E5C RegularExpressionDxe.efi
TTY> FW> InstallProtocolInterface: BC62157E-3E33-4FEC-9920-2D3B36D750DF 9DC9FCA18
TTY> FW> ProtectUefiImage - 0xDC9FC4C0
TTY> FW>   - 0x00000009DAECD000 - 0x0000000000066000
TTY> FW> InstallProtocolInterface: B3F79D9A-436C-DC11-B052-CD85DF524CE6 9DAF2D020
TTY> FW> Loading driver 8E747032-7D55-4D95-9A84-77F83370B3A4
TTY> FW> InstallProtocolInterface: 5B1B31A1-9562-11D2-8E3F-00A0C969723B 9DC9FB0C0
TTY> FW> Loading driver at 0x009DAF7B000 EntryPoint=0x009DAF82E1C SimpleWindowManagerDxe.efi
TTY> FW> InstallProtocolInterface: BC62157E-3E33-4FEC-9920-2D3B36D750DF 9DC9FBD98
TTY> FW> ProtectUefiImage - 0xDC9FB0C0
TTY> FW>   - 0x00000009DAF7B000 - 0x000000000000F000
TTY> FW> Loading driver 917C56F2-2FE3-498F-AFFB-87AC0E19FE5E
TTY> FW> InstallProtocolInterface: 5B1B31A1-9562-11D2-8E3F-00A0C969723B 9DC9FA040
TTY> FW> Loading driver at 0x009DAF42000 EntryPoint=0x009DAF474D8 OnScreenKeyboardDxe.efi
TTY> FW> InstallProtocolInterface: BC62157E-3E33-4FEC-9920-2D3B36D750DF 9DC9FA898
TTY> FW> ProtectUefiImage - 0xDC9FA040
TTY> FW>   - 0x00000009DAF42000 - 0x000000000001C000
TTY> FW> InstallProtocolInterface: 09576E91-6D3F-11D2-8E39-00A0C969723B 9DAF5812C
TTY> FW> OSKDriverEntryPoint OSK DEVICE Handle DC9B5E18
TTY> FW> InstallProtocolInterface: 18A031AB-B443-4D1A-A5C0-0C09261E9F71 9DAF58148
TTY> FW> InstallProtocolInterface: 3C4CA20D-C95A-4B8B-81AF-94A9830923E2 9DAF59A48
TTY> FW> [OSK]: Failed to find Simple Window Manager protocol (Not Found).
TTY> FW> Driver C5D0E6B2-A841-4C67-A0E3-92354DE07E51 was discovered but not loaded!!
TTY> FW> Driver C09E4CE4-AE29-4340-B941-078871BD89D1 was discovered but not loaded!!
TTY> FW> Driver 07F1B357-4270-4122-A32A-7EAB3C013BAC was discovered but not loaded!!
TTY> FW> Driver 995F045B-0265-46A4-8D21-001211A24A4F was discovered but not loaded!!
TTY> FW> [Bds] Entry...
TTY> FW> -----------------------------------------------------
TTY> FW> START PRINTING ALL REGISTERED SETTING PROVIDERS
TTY> FW> -----------------------------------------------------
TTY> FW> Id:            Device.Password.Password
TTY> FW> Printing Prov@ 0xDCA3A4B0
TTY> FW> Type:          PASSWORD TYPE
TTY> FW> Flags:         0x1
TTY> FW> Current Value: No System Password
TTY> FW> Default Value: No System Password
TTY> FW> DfciSettingsGet - Variable DfciUrl not found. Getting default value.
TTY> FW> DfciSettingsGet - Variable DfciUrl not found. Getting default value.
TTY> FW> DfciSettingsGet - Setting DfciUrl retrieved.
TTY> FW> Id:            Dfci.RecoveryUrl.String
TTY> FW> Printing Prov@ 0xDCA3AFB0
TTY> FW> Type:          STRING TYPE
TTY> FW> Flags:         0x0
TTY> FW> Current Value: 
TTY> FW> Default Value: 
TTY> FW> DfciSettingsGet - Variable DfciUrl2 not found. Getting default value.
TTY> FW> DfciSettingsGet - Variable DfciUrl2 not found. Getting default value.
TTY> FW> DfciSettingsGet - Setting DfciUrl2 retrieved.
TTY> FW> Id:            Dfci.RecoveryBootstrapUrl.String
TTY> FW> Printing Prov@ 0xDCA3A530
TTY> FW> Type:          STRING TYPE
TTY> FW> Flags:         0x0
TTY> FW> Current Value: 
TTY> FW> Default Value: 
TTY> FW> DfciSettingsGet - Variable DfciHttpsCert not found. Getting default value.
TTY> FW> DfciSettingsGet - Setting DfciHttpsCert retrieved.
TTY> FW> Id:            Dfci.HttpsCert.Binary
TTY> FW> Printing Prov@ 0xDCA3AB30
TTY> FW> Type:          CERT TYPE
TTY> FW> Flags:         0x0
TTY> FW> Current Value: 
TTY> FW> Default Value: 
TTY> FW> DfciSettingsGet - Variable DfciRegistrationId not found. Getting default value.
TTY> FW> DfciSettingsGet - Variable DfciRegistrationId not found. Getting default value.
TTY> FW> DfciSettingsGet - Setting DfciRegistrationId retrieved.
TTY> FW> Id:            Dfci.RegistrationId.String
TTY> FW> Printing Prov@ 0xDCA3ABB0
TTY> FW> Type:          STRING TYPE
TTY> FW> Flags:         0x0
TTY> FW> Current Value: 
TTY> FW> Default Value: 
TTY> FW> DfciSettingsGet - Variable DfciTenantId not found. Getting default value.
TTY> FW> DfciSettingsGet - Variable DfciTenantId not found. Getting default value.
TTY> FW> DfciSettingsGet - Setting DfciTenantId retrieved.
TTY> FW> Id:            Dfci.TenantId.String
TTY> FW> Printing Prov@ 0xDCA3A230
TTY> FW> Type:          STRING TYPE
TTY> FW> Flags:         0x0
TTY> FW> Current Value: 
TTY> FW> Default Value: 
TTY> FW> DfciSettingsGet - Variable MdmFriendlyName not found. Getting default value.
TTY> FW> DfciSettingsGet - Variable MdmFriendlyName not found. Getting default value.
TTY> FW> DfciSettingsGet - Setting MdmFriendlyName retrieved.
TTY> FW> Id:            MDM.FriendlyName.String
TTY> FW> Printing Prov@ 0xDCA3A430
TTY> FW> Type:          STRING TYPE
TTY> FW> Flags:         0x0
TTY> FW> Current Value: 
TTY> FW> Default Value: 
TTY> FW> DfciSettingsGet - Variable MdmTenantName not found. Getting default value.
TTY> FW> DfciSettingsGet - Variable MdmTenantName not found. Getting default value.
TTY> FW> DfciSettingsGet - Setting MdmTenantName retrieved.
TTY> FW> Id:            MDM.TenantName.String
TTY> FW> Printing Prov@ 0xDCA3A2B0
TTY> FW> Type:          STRING TYPE
TTY> FW> Flags:         0x0
TTY> FW> Current Value: 
TTY> FW> Default Value: 
TTY> FW> Id:            Device.CpuAndIoVirtualization.Enable
TTY> FW> Printing Prov@ 0xDCA3AD30
TTY> FW> Type:          ENABLE/DISABLE TYPE
TTY> FW> Flags:         0x0
TTY> FW> Current Value: Enabled
TTY> FW> Default Value: Enabled
TTY> FW> DfciWpbtSettingGet - Variable WPBTen not found. Getting default value.
TTY> FW> DfciWpbtSettingGet - Setting WPBTen retrieved.
TTY> FW> Id:            Dfci3.OnboardWpbt.Enable
TTY> FW> Printing Prov@ 0xDCA3A0B0
TTY> FW> Type:          ENABLE/DISABLE TYPE
TTY> FW> Flags:         0x1
TTY> FW> Current Value: Enabled
TTY> FW> Default Value: Enabled
TTY> FW> DfciAssetTagSettingGet - Variable AssetTag not found. Getting default value.
TTY> FW> DfciAssetTagSettingGet - Variable AssetTag not found. Getting default value.
TTY> FW> DfciAssetTagSettingGet - Setting AssetTag retrieved.
TTY> FW> Id:            Dfci3.AssetTag.String
TTY> FW> Printing Prov@ 0xDCA3A7B0
TTY> FW> Type:          STRING TYPE
TTY> FW> Flags:         0x0
TTY> FW> Current Value: 
TTY> FW> Default Value: 
TTY> FW> -----------------------------------------------------
TTY> FW>  END PRINTING ALL REGISTERED SETTING PROVIDERS
TTY> FW> -----------------------------------------------------
TTY> FW> -----------------------------------------------------
TTY> FW> START PRINTING ALL REGISTERED GROUPS
TTY> FW> -----------------------------------------------------
TTY> FW> -----------------------------------------------------
TTY> FW>  END PRINTING ALL REGISTERED GROUPS
TTY> FW> -----------------------------------------------------
TTY> FW> InstallProtocolInterface: 7B9CC1A0-218D-4C1C-9FCF-99F3A34D35F8 9DC9B3170
TTY> FW> UpdateRebootReason current reboot reason is         . Code=Not Found
TTY> FW> Variable Driver Auto Update Lang, Lang:eng, PlatformLang:en Status: Success
TTY> FW> PCI Bus First Scanning
TTY> HV: PCI ECAM first access bdf=00:00.0 reg=0x0 w=0
TTY> HV: PCI cfg 00:00.0 reg=0x000 w=0 width=4 val=0x0
TTY> HV: PCI cfg 00:00.0 reg=0x000 w=0 width=4 val=0x0
TTY> HV: PCI cfg 00:00.0 reg=0x004 w=0 width=4 val=0x0
TTY> HV: PCI cfg 00:00.0 reg=0x008 w=0 width=4 val=0x0
TTY> HV: PCI cfg 00:00.0 reg=0x00c w=0 width=4 val=0x0
TTY> HV: PCI cfg 00:00.0 reg=0x010 w=0 width=4 val=0x0
TTY> HV: PCI cfg 00:00.0 reg=0x014 w=0 width=4 val=0x0
TTY> HV: PCI cfg 00:00.0 reg=0x018 w=0 width=4 val=0x0
TTY> HV: PCI cfg 00:00.0 reg=0x01c w=0 width=4 val=0x0
TTY> HV: PCI cfg 00:00.0 reg=0x020 w=0 width=4 val=0x0
TTY> HV: PCI cfg 00:00.0 reg=0x024 w=0 width=4 val=0x0
TTY> HV: PCI cfg 00:00.0 reg=0x028 w=0 width=4 val=0x0
TTY> HV: PCI cfg 00:00.0 reg=0x02c w=0 width=4 val=0x0
TTY> HV: PCI cfg 00:00.0 reg=0x030 w=0 width=4 val=0x0
TTY> HV: PCI cfg 00:00.0 reg=0x034 w=0 width=4 val=0x0
TTY> HV: PCI cfg 00:00.0 reg=0x038 w=0 width=4 val=0x0
TTY> HV: PCI cfg 00:00.0 reg=0x03c w=0 width=4 val=0x0
TTY> HV: PCI cfg 00:00.0 reg=0x000 w=0 width=4 val=0x0
TTY> HV: PCI cfg 00:00.0 reg=0x000 w=0 width=4 val=0x0
TTY> HV: PCI cfg 00:00.0 reg=0x004 w=0 width=4 val=0x0
TTY> HV: PCI cfg 00:00.0 reg=0x008 w=0 width=4 val=0x0
TTY> HV: PCI cfg 00:00.0 reg=0x00c w=0 width=4 val=0x0
TTY> HV: PCI cfg 00:00.0 reg=0x010 w=0 width=4 val=0x0
TTY> HV: PCI cfg 00:00.0 reg=0x014 w=0 width=4 val=0x0
TTY> HV: PCI cfg 00:00.0 reg=0x018 w=0 width=4 val=0x0
TTY> HV: PCI cfg 00:00.0 reg=0x01c w=0 width=4 val=0x0
TTY> HV: PCI cfg 00:00.0 reg=0x020 w=0 width=4 val=0x0
TTY> HV: PCI cfg 00:00.0 reg=0x024 w=0 width=4 val=0x0
TTY> HV: PCI cfg 00:00.0 reg=0x028 w=0 width=4 val=0x0
TTY> HV: PCI cfg 00:00.0 reg=0x02c w=0 width=4 val=0x0
TTY> HV: PCI cfg 00:00.0 reg=0x030 w=0 width=4 val=0x0
TTY> HV: PCI cfg 00:00.0 reg=0x034 w=0 width=4 val=0x0
TTY> HV: PCI cfg 00:00.0 reg=0x038 w=0 width=4 val=0x0
TTY> HV: PCI cfg 00:00.0 reg=0x03c w=0 width=4 val=0x0
TTY> FW> PciBus: Discovered PCI @ [00|00|00]  [VID = 0x1B36, DID = 0x10]
TTY> HV: PCI cfg 00:00.0 reg=0x004 w=0 width=2 val=0x0
TTY> HV: PCI cfg 00:00.0 reg=0x004 w=1 width=2 val=0x0
TTY> HV: PCI cfg 00:00.0 reg=0x010 w=0 width=4 val=0x0
TTY> HV: PCI cfg 00:00.0 reg=0x010 w=1 width=4 val=0xffffffff
TTY> HV: PCI cfg 00:00.0 reg=0x010 w=0 width=4 val=0x0
TTY> HV: PCI cfg 00:00.0 reg=0x010 w=1 width=4 val=0x4
TTY> HV: PCI cfg 00:00.0 reg=0x014 w=0 width=4 val=0x0
TTY> HV: PCI cfg 00:00.0 reg=0x014 w=1 width=4 val=0xffffffff
TTY> HV: PCI cfg 00:00.0 reg=0x014 w=0 width=4 val=0x0
TTY> HV: PCI cfg 00:00.0 reg=0x014 w=1 width=4 val=0x0
TTY> HV: PCI cfg 00:00.0 reg=0x018 w=0 width=4 val=0x0
TTY> HV: PCI cfg 00:00.0 reg=0x018 w=1 width=4 val=0xffffffff
TTY> HV: PCI cfg 00:00.0 reg=0x018 w=0 width=4 val=0x0
TTY> HV: PCI cfg 00:00.0 reg=0x018 w=1 width=4 val=0x0
TTY> HV: PCI cfg 00:00.0 reg=0x01c w=0 width=4 val=0x0
TTY> HV: PCI cfg 00:00.0 reg=0x01c w=1 width=4 val=0xffffffff
TTY> HV: PCI cfg 00:00.0 reg=0x01c w=0 width=4 val=0x0
TTY> HV: PCI cfg 00:00.0 reg=0x01c w=1 width=4 val=0x0
TTY> HV: PCI cfg 00:00.0 reg=0x020 w=0 width=4 val=0x0
TTY> HV: PCI cfg 00:00.0 reg=0x020 w=1 width=4 val=0xffffffff
TTY> HV: PCI cfg 00:00.0 reg=0x020 w=0 width=4 val=0x0
TTY> HV: PCI cfg 00:00.0 reg=0x020 w=1 width=4 val=0x0
TTY> HV: PCI cfg 00:00.0 reg=0x024 w=0 width=4 val=0x0
TTY> HV: PCI cfg 00:00.0 reg=0x024 w=1 width=4 val=0xffffffff
TTY> HV: PCI cfg 00:00.0 reg=0x024 w=0 width=4 val=0x0
TTY> HV: PCI cfg 00:00.0 reg=0x024 w=1 width=4 val=0x0
TTY> FW>    BAR[0]: Type =  Mem64; Alignment = 0xFFFFFF;	Length = 0x1000000;	Offset = 0x10
TTY> 
TTY> HV: PCI cfg 00:00.0 reg=0x030 w=1 width=4 val=0xfffffffe
TTY> HV: PCI cfg 00:00.0 reg=0x030 w=0 width=4 val=0x0
TTY> HV: PCI cfg 00:00.0 reg=0x000 w=0 width=4 val=0x0
TTY> HV: PCI cfg 00:00.0 reg=0x000 w=0 width=4 val=0x0
TTY> HV: PCI cfg 00:00.0 reg=0x004 w=0 width=4 val=0x0
TTY> HV: PCI cfg 00:00.0 reg=0x008 w=0 width=4 val=0x0
TTY> HV: PCI cfg 00:00.0 reg=0x00c w=0 width=4 val=0x0
TTY> HV: PCI cfg 00:00.0 reg=0x010 w=0 width=4 val=0x0
TTY> HV: PCI cfg 00:00.0 reg=0x014 w=0 width=4 val=0x0
TTY> HV: PCI cfg 00:00.0 reg=0x018 w=0 width=4 val=0x0
TTY> HV: PCI cfg 00:00.0 reg=0x01c w=0 width=4 val=0x0
TTY> HV: PCI cfg 00:00.0 reg=0x020 w=0 width=4 val=0x0
TTY> HV: PCI cfg 00:00.0 reg=0x024 w=0 width=4 val=0x0
TTY> HV: PCI cfg 00:00.0 reg=0x028 w=0 width=4 val=0x0
TTY> HV: PCI cfg 00:00.0 reg=0x02c w=0 width=4 val=0x0
TTY> HV: PCI cfg 00:00.0 reg=0x030 w=0 width=4 val=0x0
TTY> HV: PCI cfg 00:00.0 reg=0x034 w=0 width=4 val=0x0
TTY> HV: PCI cfg 00:00.0 reg=0x038 w=0 width=4 val=0x0
TTY> HV: PCI cfg 00:00.0 reg=0x03c w=0 width=4 val=0x0
TTY> FW> PciBus: Discovered PCI @ [00|00|00]  [VID = 0x1B36, DID = 0x10]
TTY> HV: PCI cfg 00:00.0 reg=0x004 w=0 width=2 val=0x0
TTY> HV: PCI cfg 00:00.0 reg=0x004 w=1 width=2 val=0x0
TTY> HV: PCI cfg 00:00.0 reg=0x010 w=0 width=4 val=0x0
TTY> HV: PCI cfg 00:00.0 reg=0x010 w=1 width=4 val=0xffffffff
TTY> HV: PCI cfg 00:00.0 reg=0x010 w=0 width=4 val=0x0
TTY> HV: PCI cfg 00:00.0 reg=0x010 w=1 width=4 val=0x4
TTY> HV: PCI cfg 00:00.0 reg=0x014 w=0 width=4 val=0x0
TTY> HV: PCI cfg 00:00.0 reg=0x014 w=1 width=4 val=0xffffffff
TTY> HV: PCI cfg 00:00.0 reg=0x014 w=0 width=4 val=0x0
TTY> HV: PCI cfg 00:00.0 reg=0x014 w=1 width=4 val=0x0
TTY> HV: PCI cfg 00:00.0 reg=0x018 w=0 width=4 val=0x0
TTY> HV: PCI cfg 00:00.0 reg=0x018 w=1 width=4 val=0xffffffff
TTY> HV: PCI cfg 00:00.0 reg=0x018 w=0 width=4 val=0x0
TTY> HV: PCI cfg 00:00.0 reg=0x018 w=1 width=4 val=0x0
TTY> HV: PCI cfg 00:00.0 reg=0x01c w=0 width=4 val=0x0
TTY> HV: PCI cfg 00:00.0 reg=0x01c w=1 width=4 val=0xffffffff
TTY> HV: PCI cfg 00:00.0 reg=0x01c w=0 width=4 val=0x0
TTY> HV: PCI cfg 00:00.0 reg=0x01c w=1 width=4 val=0x0
TTY> HV: PCI cfg 00:00.0 reg=0x020 w=0 width=4 val=0x0
TTY> HV: PCI cfg 00:00.0 reg=0x020 w=1 width=4 val=0xffffffff
TTY> HV: PCI cfg 00:00.0 reg=0x020 w=0 width=4 val=0x0
TTY> HV: PCI cfg 00:00.0 reg=0x020 w=1 width=4 val=0x0
TTY> HV: PCI cfg 00:00.0 reg=0x024 w=0 width=4 val=0x0
TTY> HV: PCI cfg 00:00.0 reg=0x024 w=1 width=4 val=0xffffffff
TTY> HV: PCI cfg 00:00.0 reg=0x024 w=0 width=4 val=0x0
TTY> HV: PCI cfg 00:00.0 reg=0x024 w=1 width=4 val=0x0
TTY> FW>    BAR[0]: Type =  Mem64; Alignment = 0xFFFFFF;	Length = 0x1000000;	Offset = 0x10
TTY> 
TTY> HV: PCI cfg 00:00.0 reg=0x030 w=1 width=4 val=0xfffffffe
TTY> HV: PCI cfg 00:00.0 reg=0x030 w=0 width=4 val=0x0
TTY> FW> PciHostBridge: SubmitResources for PciRoot(0x0)
TTY> FW>  Mem: Granularity/SpecificFlag = 64 / 00
TTY> FW>       Length/Alignment = 0x1000000 / 0xFFFFFF
TTY> FW> PciBus: HostBridge->SubmitResources() - Success
TTY> FW> PciHostBridge: NotifyPhase (AllocateResources)
TTY> FW>  RootBridge: PciRoot(0x0)
TTY> FW>   Mem64: Base/Length/Alignment = 400000000/1000000/FFFFFF - Success
TTY> FW> PciBus: HostBridge->NotifyPhase(AllocateResources) - Success
TTY> HV: PCI cfg 00:00.0 reg=0x010 w=1 width=4 val=0x0
TTY> HV: PCI cfg 00:00.0 reg=0x014 w=1 width=4 val=0x4
TTY> FW> Process Option ROM: BAR Base/Length = 0/0
TTY> FW> PciBus: Resource Map for Root Bridge PciRoot(0x0)
TTY> FW> Type =  Mem64; Base = 0x400000000;	Length = 0x1000000;	Alignment = 0xFFFFFF
TTY> FW>    Base = 0x400000000;	Length = 0x1000000;	Alignment = 0xFFFFFF;	Owner = PCI [00|00|00:10]
TTY> 
TTY> HV: PCI cfg 00:00.0 reg=0x004 w=0 width=2 val=0x0
TTY> HV: PCI cfg 00:00.0 reg=0x004 w=1 width=2 val=0x27
TTY> HV: PCI BAR0 programmed at 0x400000000, arming NVMe MMIO trap
TTY> HV: NVMe BAR0 MMIO live at 0x400000000 (backend=1)
TTY> HV: PCI cfg 00:00.0 reg=0x004 w=0 width=2 val=0x0
TTY> HV: PCI cfg 00:00.0 reg=0x004 w=1 width=2 val=0x0
TTY> HV: PCI cfg 00:00.0 reg=0x004 w=0 width=2 val=0x0
TTY> HV: PCI cfg 00:00.0 reg=0x004 w=1 width=2 val=0x10
TTY> HV: PCI cfg 00:00.0 reg=0x004 w=0 width=2 val=0x0
TTY> HV: PCI cfg 00:00.0 reg=0x004 w=0 width=2 val=0x0
TTY> HV: PCI cfg 00:00.0 reg=0x004 w=1 width=2 val=0x10
TTY> FW> InstallProtocolInterface: 09576E91-6D3F-11D2-8E39-00A0C969723B 9DC9B5398
TTY> FW> InstallProtocolInterface: 4CF5B200-68B8-4CA5-9EEC-B23E3F50029A 9DC905428
TTY> HV: PCI cfg 00:00.0 reg=0x03c w=1 width=1 val=0xff
TTY> FW> InstallProtocolInterface: 30CFE3E7-3DE1-4586-BE20-DEABA1B3B793 0
TTY> FW> CreateShellDevicePath
TTY> FW> Fv->Read of Internal Shell - Code=Not Found
TTY> FW> Fv->Read of Internal Shell - Code=Success
TTY> FW> Added   Boot option as Boot0001 - Internal UEFI Shell 2.0
TTY> FW> SERIALCON: platform path (63 bytes): 01 04 14 00 4B 7D 98 D3 1A 97 5F 43 8C AF 49 67 EB 62 72 41 03 0E 13 00 00 00 00 00 00 C2 01 00 00 00 00 00 08 01 01 03 0A 14 00 80 6D 91 7D B1 5B 8C 45 A4 8F E2 5F DD 51 EF 94 7F FF 04 00
TTY> FW> SERIALCON: serial console handle not found = Not Found
TTY> FW> GraphicsConsole video resolution 2560 x 1600
TTY> FW> Graphics - Mode 0, Column = 80, Row = 25
TTY> FW> Graphics - Mode 1, Column = 80, Row = 50
TTY> FW> Graphics - Mode 2, Column = 100, Row = 31
TTY> FW> Graphics - Mode 3, Column = 128, Row = 40
TTY> FW> Graphics - Mode 4, Column = 160, Row = 42
TTY> FW> Graphics - Mode 5, Column = 240, Row = 56
TTY> FW> Graphics - Mode 6, Column = 320, Row = 84
TTY> FW> Graphics Console Started, Mode: -1
TTY> FW> InstallProtocolInterface: 387477C2-69C7-11D2-8E39-00A0C969723B 9DC904030
TTY> FW> SERIALCON: ConOut variable is 87 bytes: 01 04 14 00 DE A9 42 90 DC 23 38 4A 96 FB 7A DE D0 80 51 6A 7F 01 04 00 01 04 14 00 4B 7D 98 D3 1A 97 5F 43 8C AF 49 67 EB 62 72 41 03 0E 13 00 00 00 00 00 00 C2 01 00 00 00 00 00 08 01 01 03 0A 14 00 80 6D 91 7D B1 5B 8C 45 A4 8F E2 5F DD 51 EF 94 7F FF 04 00
TTY> FW> ExitPmAuth ()- Start
TTY> FW> DXE - Total Runtime Image Count: 0x6
TTY> FW> DXE - Dump Runtime Image Records:
TTY> FW> RealTimeClock.efi: 0x9DCA40000 - 0x9DCA80000
TTY> FW>   Code Section: 0x9DCA50000 - 0x9DCA60000
TTY> FW> CapsuleRuntimeDxe.efi: 0x9DCA90000 - 0x9DCAD0000
TTY> FW>   Code Section: 0x9DCAA0000 - 0x9DCAB0000
TTY> FW> VariableRuntimeDxe.efi: 0x9DCB40000 - 0x9DCB90000
TTY> FW>   Code Section: 0x9DCB50000 - 0x9DCB60000
TTY> FW> ResetSystemRuntimeDxe.efi: 0x9DCBA0000 - 0x9DCBF0000
TTY> FW>   Code Section: 0x9DCBB0000 - 0x9DCBC0000
TTY> FW> EmbeddedMonotonicCounter.efi: 0x9DCE50000 - 0x9DCE90000
TTY> FW>   Code Section: 0x9DCE60000 - 0x9DCE70000
TTY> FW> RuntimeDxe.efi: 0x9DD7A0000 - 0x9DD7F0000
TTY> FW>   Code Section: 0x9DD7B0000 - 0x9DD7C0000
TTY> FW> [Variable]END_OF_DXE is signaled
TTY> FW> Initialize variable error flag (FF)
TTY> FW> AppleUsbTypeCBringupDxeBringupCallback started
TTY> FW> DeviceTree parent depth underflow: 0
TTY> FW> Missing DeviceTree prop: ranges
TTY> FW> AppleUsbTypeCBringupDxeBringupCallback: DWC3_1 base address: 0x502280000, size = 0x100000
TTY> FW> Dwc3XhciCoreInit: Power optimization unavailable
TTY> FW> InstallProtocolInterface: 0D51905B-B77E-452A-A2C0-ECA0CC8D514A 9DC904B18
TTY> FW> InstallProtocolInterface: 09576E91-6D3F-11D2-8E39-00A0C969723B 9DC905E98
TTY> FW> All EndOfDxe callbacks have returned successfully
TTY> FW> InstallProtocolInterface: 60FF8964-E906-41D0-AFED-F241E974E08E 0
TTY> FW> ExitPmAuth ()- End
TTY> FW> Bds: BootOptionSupport NV variable forbids starting the hotkey service.
TTY> FW> InstallProtocolInterface: D3B36F2C-D551-11D4-9A46-0090273FC14D 0
TTY> FW> InstallProtocolInterface: D3B36F2D-D551-11D4-9A46-0090273FC14D 0
TTY> FW> InstallProtocolInterface: 9042A9DE-23DC-4A38-96FB-7ADED080516A 9DCED8278
TTY> FW> InstallProtocolInterface: 982C298B-F4FA-41CB-B838-77AA688FB839 9DCED8250
TTY> FW> Terminal - Mode 0, Column = 80, Row = 25
TTY> FW> Terminal - Mode 1, Column = 80, Row = 50
TTY> FW> Terminal - Mode 2, Column = 100, Row = 31
TTY> FW> Terminal - Mode 0, Column = 80, Row = 25
TTY> FW> Terminal - Mode 1, Column = 80, Row = 50
TTY> FW> Terminal - Mode 2, Column = 100, Row = 31
TTY> FW> Inside MsPrebootchecks
TTY> FW> SystemPowerCheck
TTY> FW> SystemPowerCheck Success
TTY> FW> MaxMode:0x1 
TTY> FW> Mode:0x0 
TTY> FW> SizeOfInfo:0x24 
TTY> FW> FrameBufferBase:0x5F000000 
TTY> FW> FrameBufferSize:0xFA0000 
TTY> FW> Version:0x0 
TTY> FW> HorizontalResolution:0xA00 
TTY> FW> VerticalResolution:0x640 
TTY> FW> PixelFormat:0x1 
TTY> FW> PixelsPerScanLine:0xA00 
TTY> FW> On Screen Notifications: 
TTY> FW> 	DEVICE_STATE_SECUREBOOT_OFF
TTY> FW> 	DEVICE_STATE_PLATFORM_MODE_0
TTY> FW> 	DEVICE_STATE_DEVELOPMENT_BUILD_ENABLED
TTY> FW> 	DEVICE_STATE_MANUFACTURING_MODE
TTY> FW> 	DEVICE_STATE_UNIT_TEST_MODE
TTY> FW> 0: shl:0 shr:0 mask:FF0000
TTY> FW> 1: shl:0 shr:0 mask:FF00
TTY> FW> 2: shl:0 shr:0 mask:FF
TTY> FW> Bytes per pixel: 4
TTY> FW> 0: shl:0 shr:0 mask:FF0000
TTY> FW> 1: shl:0 shr:0 mask:FF00
TTY> FW> 2: shl:0 shr:0 mask:FF
TTY> FW> Bytes per pixel: 4
TTY> FW> TranslateBmpToGopBlt: Compression Type unsupported.
TTY> FW> Failed to TranslateBmpToGopBlt In Logo.c Unsupported
TTY> FW> DeviceBootManagerAfterConsole Unabled to set graphics - Unsupported
TTY> FW> BootMode 0x4
TTY> FW> [Bds]OsIndication: 0000000000000000
TTY> FW> [Bds]=============Begin Load Options Dumping ...=============
TTY> FW>   Driver Options:
TTY> FW>   SysPrep Options:
TTY> FW>   Boot Options:
TTY> FW>     Boot0000: FrontPage 		 0x0109
TTY> FW>     Boot0001: Internal UEFI Shell 2.0 		 0x0001
TTY> FW>   PlatformRecovery Options:
TTY> FW>     PlatformRecovery0000: Default PlatformRecovery 		 0x0001
TTY> FW> [Bds]=============End Load Options Dumping=============
TTY> FW> [Bds]BdsWait ...Zzzzzzzzzzzz...
TTY> FW> [Bds]BdsWait(3)..Zzzz...
TTY> FW> [Bds]BdsWait(2)..Zzzz...
TTY> FW> [Bds]BdsWait(1)..Zzzz...
TTY> FW> [Bds]Exit the waiting!
TTY> FW> MsBootPolicyLibIsSettingsBoot failed to locate ButtonServices protocol, assuming no presses.
TTY> FW> FindGroup - Failed to find (OEM.AlternateBoot.Enable)
TTY> FW> InternalSystemSettingAccessGet - Requested ID (OEM.AlternateBoot.Enable) not found.
TTY> FW> MsBootPolicyLibIsAltBoot failed to locate ButtonServices protocol, assuming no presses.
TTY> FW> No Priority Boot option selected.
TTY> FW> GetBootManagerSetting - Error Not Found.  Returning Default.
TTY> FW> BdsBootLockBootVariables - BootOrder is not locked
TTY> FW> [OSK] GOP not yet initialized. Cannot set the keyboard size. Default size will be retained 
TTY> FW> [OSK] Cannot set keyboardposition, GOP not yet initialized 0 0
TTY> FW> [OSK]: Cannot change ShowKeyboardIcon. GOP not found 0x00000000
TTY> FW> [OSK]: Set keyboard mode 0x00000005.  Status = Success
TTY> FW> WARN: Failed to find the Simple Window Manager protocol (Not Found).
TTY> FW> PopulateCurrentSettingsIfNeeded: Entry
TTY> FW> SMID_LoadFromFlash - Var not found.  1st boot after flash?
TTY> FW> CreateXmlStringFromCurrentSettings - Internal Data Var not found.  LSV will be 0.
TTY> FW> FindFirstChildNodeByName - Looking for 'Settings;
TTY> FW> FindFirstChildNodeByName - Looking in children of 'CurrentSettingsPacket
TTY> FW> Checking Node: ElementName = 'Date'
TTY> FW> Checking Node: ElementName = 'Settings'
TTY> FW> Found element
TTY> FW> DfciSettingsGet - Variable DfciUrl not found. Getting default value.
TTY> FW> DfciSettingsGet - Variable DfciUrl not found. Getting default value.
TTY> FW> DfciSettingsGet - Setting DfciUrl retrieved.
TTY> FW> DfciSettingsGet - Variable DfciUrl2 not found. Getting default value.
TTY> FW> DfciSettingsGet - Variable DfciUrl2 not found. Getting default value.
TTY> FW> DfciSettingsGet - Setting DfciUrl2 retrieved.
TTY> FW> DfciSettingsGet - Variable DfciHttpsCert not found. Getting default value.
TTY> FW> DfciSettingsGet - Setting DfciHttpsCert retrieved.
TTY> FW> DfciSettingsGet - Variable DfciRegistrationId not found. Getting default value.
TTY> FW> DfciSettingsGet - Variable DfciRegistrationId not found. Getting default value.
TTY> FW> DfciSettingsGet - Setting DfciRegistrationId retrieved.
TTY> FW> DfciSettingsGet - Variable DfciTenantId not found. Getting default value.
TTY> FW> DfciSettingsGet - Variable DfciTenantId not found. Getting default value.
TTY> FW> DfciSettingsGet - Setting DfciTenantId retrieved.
TTY> FW> DfciSettingsGet - Variable MdmFriendlyName not found. Getting default value.
TTY> FW> DfciSettingsGet - Variable MdmFriendlyName not found. Getting default value.
TTY> FW> DfciSettingsGet - Setting MdmFriendlyName retrieved.
TTY> FW> DfciSettingsGet - Variable MdmTenantName not found. Getting default value.
TTY> FW> DfciSettingsGet - Variable MdmTenantName not found. Getting default value.
TTY> FW> DfciSettingsGet - Setting MdmTenantName retrieved.
TTY> FW> DfciWpbtSettingGet - Variable WPBTen not found. Getting default value.
TTY> FW> DfciWpbtSettingGet - Setting WPBTen retrieved.
TTY> FW> DfciAssetTagSettingGet - Variable AssetTag not found. Getting default value.
TTY> FW> DfciAssetTagSettingGet - Variable AssetTag not found. Getting default value.
TTY> FW> DfciAssetTagSettingGet - Setting AssetTag retrieved.
TTY> FW> Processing Group settings
TTY> FW> PRINTING CURRENT SETTINGS XML - Start
TTY> FW> <?xml version="1.0" encoding="utf-8"?>
TTY> FW> <CurrentSettingsPacket>
TTY> FW> _<Date>2019-01-01T00:11:06</Date>
TTY> FW> _<Settings>
TTY> FW> _ <SettingCurrent>
TTY> FW> _  <Id>Device.Password.Password</Id>
TTY> FW> _  <Value>No System Password</Value>
TTY> FW> _ </SettingCurrent>
TTY> FW> _ <SettingCurrent>
TTY> FW> _  <Id>Dfci.RecoveryUrl.String</Id>
TTY> FW> _  <Value />
TTY> FW> _ </SettingCurrent>
TTY> FW> _ <SettingCurrent>
TTY> FW> _  <Id>Dfci.RecoveryBootstrapUrl.String</Id>
TTY> FW> _  <Value />
TTY> FW> _ </SettingCurrent>
TTY> FW> _ <SettingCurrent>
TTY> FW> _  <Id>Dfci.HttpsCert.Binary</Id>
TTY> FW> _  <Value />
TTY> FW> _ </SettingCurrent>
TTY> FW> _ <SettingCurrent>
TTY> FW> _  <Id>Dfci.RegistrationId.String</Id>
TTY> FW> _  <Value />
TTY> FW> _ </SettingCurrent>
TTY> FW> _ <SettingCurrent>
TTY> FW> _  <Id>Dfci.TenantId.String</Id>
TTY> FW> _  <Value />
TTY> FW> _ </SettingCurrent>
TTY> FW> _ <SettingCurrent>
TTY> FW> _  <Id>MDM.FriendlyName.String</Id>
TTY> FW> _  <Value />
TTY> FW> _ </SettingCurrent>
TTY> FW> _ <SettingCurrent>
TTY> FW> _  <Id>MDM.TenantName.String</Id>
TTY> FW> _  <Value />
TTY> FW> _ </SettingCurrent>
TTY> FW> _ <SettingCurrent>
TTY> FW> _  <Id>Device.CpuAndIoVirtualization.Enable</Id>
TTY> FW> _  <Value>Enabled</Value>
TTY> FW> _ </SettingCurrent>
TTY> FW> _ <SettingCurrent>
TTY> FW> _  <Id>Dfci3.OnboardWpbt.Enable</Id>
TTY> FW> _  <Value>Enabled</Value>
TTY> FW> _ </SettingCurrent>
TTY> FW> _ <SettingCurrent>
TTY> FW> _  <Id>Dfci3.AssetTag.String</Id>
TTY> FW> _  <Value />
TTY> FW> _ </SettingCurrent>
TTY> FW> _</Settings>
TTY> FW> _<LSV>0</LSV>
TTY> FW> </CurrentSettingsPacket>
TTY> FW> PRINTING CURRENT SETTINGS XML - End
TTY> FW> XmlTreeToString - Pre Calculated Size of string is 0x409
TTY> FW> XmlTreeToString - Pre Calculated Length of string is 0x408. AsciiStrLen is 0x408
TTY> FW> PopulateCurrentSettingsIfNeeded - Current Settings Xml Var Set with data size: 0x409
TTY> FW> SMID_LoadFromFlash - Var not found.  1st boot after flash?
TTY> FW> CreateXmlStringFromCurrentSettings - Internal Data Var not found.  LSV will be 0.
TTY> FW> FindFirstChildNodeByName - Looking for 'Settings;
TTY> FW> FindFirstChildNodeByName - Looking in children of 'CurrentSettingsPacket
TTY> FW> Checking Node: ElementName = 'Date'
TTY> FW> Checking Node: ElementName = 'Settings'
TTY> FW> Found element
TTY> FW> DfciV1NumberFromId: Called - Returning standard Id
TTY> FW> DfciSettingsGet - Variable DfciUrl not found. Getting default value.
TTY> FW> DfciSettingsGet - Variable DfciUrl not found. Getting default value.
TTY> FW> DfciSettingsGet - Setting DfciUrl retrieved.
TTY> FW> DfciV1NumberFromId: Called - Returning standard Id
TTY> FW> DfciSettingsGet - Variable DfciUrl2 not found. Getting default value.
TTY> FW> DfciSettingsGet - Variable DfciUrl2 not found. Getting default value.
TTY> FW> DfciSettingsGet - Setting DfciUrl2 retrieved.
TTY> FW> DfciV1NumberFromId: Called - Returning standard Id
TTY> FW> DfciSettingsGet - Variable DfciHttpsCert not found. Getting default value.
TTY> FW> DfciSettingsGet - Setting DfciHttpsCert retrieved.
TTY> FW> DfciV1NumberFromId: Called - Returning standard Id
TTY> FW> DfciSettingsGet - Variable DfciRegistrationId not found. Getting default value.
TTY> FW> DfciSettingsGet - Variable DfciRegistrationId not found. Getting default value.
TTY> FW> DfciSettingsGet - Setting DfciRegistrationId retrieved.
TTY> FW> DfciV1NumberFromId: Called - Returning standard Id
TTY> FW> DfciSettingsGet - Variable DfciTenantId not found. Getting default value.
TTY> FW> DfciSettingsGet - Variable DfciTenantId not found. Getting default value.
TTY> FW> DfciSettingsGet - Setting DfciTenantId retrieved.
TTY> FW> DfciV1NumberFromId: Called - Returning standard Id
TTY> FW> DfciSettingsGet - Variable MdmFriendlyName not found. Getting default value.
TTY> FW> DfciSettingsGet - Variable MdmFriendlyName not found. Getting default value.
TTY> FW> DfciSettingsGet - Setting MdmFriendlyName retrieved.
TTY> FW> DfciV1NumberFromId: Called - Returning standard Id
TTY> FW> DfciSettingsGet - Variable MdmTenantName not found. Getting default value.
TTY> FW> DfciSettingsGet - Variable MdmTenantName not found. Getting default value.
TTY> FW> DfciSettingsGet - Setting MdmTenantName retrieved.
TTY> FW> DfciV1NumberFromId: Called - Returning standard Id
TTY> FW> DfciV1NumberFromId: Called - Returning standard Id
TTY> FW> DfciWpbtSettingGet - Variable WPBTen not found. Getting default value.
TTY> FW> DfciWpbtSettingGet - Setting WPBTen retrieved.
TTY> FW> DfciV1NumberFromId: Called - Returning standard Id
TTY> FW> DfciAssetTagSettingGet - Variable AssetTag not found. Getting default value.
TTY> FW> DfciAssetTagSettingGet - Variable AssetTag not found. Getting default value.
TTY> FW> DfciAssetTagSettingGet - Setting AssetTag retrieved.
TTY> FW> DfciV1NumberFromId: Called - Returning standard Id
TTY> FW> Processing Group settings
TTY> FW> PRINTING CURRENT SETTINGS XML - Start
TTY> FW> <?xml version="1.0" encoding="utf-8"?>
TTY> FW> <CurrentSettingsPacket>
TTY> FW> _<Date>2019-01-01T00:11:06</Date>
TTY> FW> _<Settings>
TTY> FW> _ <SettingCurrent>
TTY> FW> _  <Id>Device.Password.Password</Id>
TTY> FW> _  <Value>No System Password</Value>
TTY> FW> _ </SettingCurrent>
TTY> FW> _ <SettingCurrent>
TTY> FW> _  <Id>Dfci.RecoveryUrl.String</Id>
TTY> FW> _  <Value />
TTY> FW> _ </SettingCurrent>
TTY> FW> _ <SettingCurrent>
TTY> FW> _  <Id>Dfci.RecoveryBootstrapUrl.String</Id>
TTY> FW> _  <Value />
TTY> FW> _ </SettingCurrent>
TTY> FW> _ <SettingCurrent>
TTY> FW> _  <Id>Dfci.HttpsCert.Binary</Id>
TTY> FW> _  <Value />
TTY> FW> _ </SettingCurrent>
TTY> FW> _ <SettingCurrent>
TTY> FW> _  <Id>Dfci.RegistrationId.String</Id>
TTY> FW> _  <Value />
TTY> FW> _ </SettingCurrent>
TTY> FW> _ <SettingCurrent>
TTY> FW> _  <Id>Dfci.TenantId.String</Id>
TTY> FW> _  <Value />
TTY> FW> _ </SettingCurrent>
TTY> FW> _ <SettingCurrent>
TTY> FW> _  <Id>MDM.FriendlyName.String</Id>
TTY> FW> _  <Value />
TTY> FW> _ </SettingCurrent>
TTY> FW> _ <SettingCurrent>
TTY> FW> _  <Id>MDM.TenantName.String</Id>
TTY> FW> _  <Value />
TTY> FW> _ </SettingCurrent>
TTY> FW> _ <SettingCurrent>
TTY> FW> _  <Id>Device.CpuAndIoVirtualization.Enable</Id>
TTY> FW> _  <Value>Enabled</Value>
TTY> FW> _ </SettingCurrent>
TTY> FW> _ <SettingCurrent>
TTY> FW> _  <Id>Dfci3.OnboardWpbt.Enable</Id>
TTY> FW> _  <Value>Enabled</Value>
TTY> FW> _ </SettingCurrent>
TTY> FW> _ <SettingCurrent>
TTY> FW> _  <Id>Dfci3.AssetTag.String</Id>
TTY> FW> _  <Value />
TTY> FW> _ </SettingCurrent>
TTY> FW> _</Settings>
TTY> FW> _<LSV>0</LSV>
TTY> FW> </CurrentSettingsPacket>
TTY> FW> PRINTING CURRENT SETTINGS XML - End
TTY> FW> XmlTreeToString - Pre Calculated Size of string is 0x409
TTY> FW> XmlTreeToString - Pre Calculated Length of string is 0x408. AsciiStrLen is 0x408
TTY> FW> PopulateCurrentSettingsIfNeeded - V1 Current Settings Xml Var Set with data size: 0x409
TTY> FW> FindFirstChildNodeByName - Looking for 'Identifiers;
TTY> FW> FindFirstChildNodeByName - Looking in children of 'UEFIDeviceIdentifierPacket
TTY> FW> Checking Node: ElementName = 'Identifiers'
TTY> FW> Found element
TTY> FW> PRINTING DEVICE ID XML - Start
TTY> FW> <?xml version="1.0" encoding="utf-8"?>
TTY> FW> <UEFIDeviceIdentifierPacket>
TTY> FW> _<Identifiers>
TTY> FW> _ <Identifier>
TTY> FW> _  <Id>Manufacturer</Id>
TTY> FW> _  <Value>Apple Inc.</Value>
TTY> FW> _ </Identifier>
TTY> FW> _ <Identifier>
TTY> FW> _  <Id>Product Name</Id>
TTY> FW> _  <Value>Not Specified</Value>
TTY> FW> _ </Identifier>
TTY> FW> _ <Identifier>
TTY> FW> _  <Id>Serial Number</Id>
TTY> FW> _  <Value>Not Specified</Value>
TTY> FW> _ </Identifier>
TTY> FW> _</Identifiers>
TTY> FW> _<DfciVersion>2</DfciVersion>
TTY> FW> </UEFIDeviceIdentifierPacket>
TTY> FW> PRINTING DEVICE ID  XML - End
TTY> FW> XmlTreeToString - Pre Calculated Size of string is 0x173
TTY> FW> XmlTreeToString - Pre Calculated Length of string is 0x172. AsciiStrLen is 0x172
TTY> FW> PublishDeviceIdentifier - Device Id Settings Xml Var Set with data size: 0x173
TTY> FW> GenerateVariableList PCD ended with a ';' sign.
TTY> FW> GenerateVariableList found 0 variables for the BERT table - Success
TTY> FW> SetupBert: leaving because list of entries to catalogue was empty.
TTY> FW> WindowsAutoBootDxe: checking 1 filesystems
TTY> FW> [LockPolicyInterfaceAtReadyToBoot] Unit test mode is enabled -- skipping variable policy lock.
TTY> HV: PCI cfg 00:00.0 reg=0x008 w=0 width=1 val=0x0
TTY> HV: PCI cfg 00:00.0 reg=0x008 w=0 width=1 val=0x0
TTY> HV: PCI cfg 00:00.0 reg=0x008 w=0 width=1 val=0x0
TTY> FW> Terminal - Mode 0, Column = 80, Row = 25
TTY> FW> Terminal - Mode 1, Column = 80, Row = 50
TTY> FW> Terminal - Mode 2, Column = 100, Row = 31
TTY> FW> InstallProtocolInterface: 964E5B22-6459-11D2-8E39-00A0C969723B 9DC9046D0
TTY> FW> InstallProtocolInterface: 964E5B22-6459-11D2-8E39-00A0C969723B 9DCEB3550
TTY> FW> Terminal - Mode 0, Column = 80, Row = 25
TTY> FW> Terminal - Mode 1, Column = 80, Row = 50
TTY> FW> Terminal - Mode 2, Column = 100, Row = 31
TTY> FW> HV: PCI cfg 00:00.0 reg=0x008 w=0 width=1 val=0x0
TTY> HV: PCI cfg 00:00.0 reg=0x008 w=0 width=1 val=0x0
TTY> HV: PCI cfg 00:00.0 reg=0x008 w=0 width=1 val=0x0
TTY> HV: PCI cfg 00:00.0 reg=0x008 w=0 width=1 val=0x0
TTY> HV: PCI cfg 00:00.0 reg=0x008 w=0 width=1 val=0x0
TTY> HV: PCI cfg 00:00.0 reg=0x008 w=0 width=1 val=0x0
TTY> HV: PCI cfg 00:00.0 reg=0x008 w=0 width=1 val=0x0
TTY> HV: PCI cfg 00:00.0 reg=0x008 w=0 width=1 val=0x0
TTY> HV: PCI cfg 00:00.0 reg=0x008 w=0 width=1 val=0x0
TTY> HV: PCI cfg 00:00.0 reg=0x008 w=0 width=1 val=0x0
TTY> HV: PCI cfg 00:00.0 reg=0x008 w=0 width=1 val=0x0
TTY> HV: PCI cfg 00:00.0 reg=0x008 w=0 width=1 val=0x0
TTY> NvmExpressDriverBindingStart: start
TTY> HV: PCI cfg 00:00.0 reg=0x004 w=0 width=2 val=0x0
TTY> HV: PCI cfg 00:00.0 reg=0x004 w=1 width=2 val=0x10
TTY> HV: PCI cfg 00:00.0 reg=0x000 w=0 width=2 val=0x0
TTY> HV: PCI cfg 00:00.0 reg=0x000 w=0 width=2 val=0x0
TTY> HV: PCI cfg 00:00.0 reg=0x004 w=0 width=2 val=0x0
TTY> HV: PCI cfg 00:00.0 reg=0x004 w=1 width=2 val=0x17
TTY> HV: PCI BAR0 programmed at 0x400000000, arming NVMe MMIO trap
TTY> HV: NVMe BAR0 MMIO live at 0x400000000 (backend=1)
TTY> FW> Cc.En: 0
TTY> FW> Cc.Css: 0
TTY> FW> Cc.Mps: 0
TTY> FW> Cc.Ams: 0
TTY> FW> Cc.Shn: 0
TTY> FW> Cc.Iosqes: 0
TTY> FW> Cc.Iocqes: 0
TTY> FW> NVMe controller is disabled with status [Success].
TTY> FW> Aqa.Asqs: 1
TTY> FW> Aqa.Acqs: 1
TTY> FW> Private->Buffer = [00000000DAFA3000]
TTY> FW> Admin     Submission Queue size (Number of Entries) = [00000001]
TTY> FW> Admin     Completion Queue size (Number of Entries) = [00000001]
TTY> FW> Admin     Submission Queue (SqBuffer[0]) = [00000000DAFA3000]
TTY> FW> Admin     Completion Queue (CqBuffer[0]) = [00000000DAFA4000]
TTY> FW> Asq: 9DAFA3000
TTY> FW> Acq: 9DAFA4000h
TTY> HV: NVMe enable CC=0x460001 ASQS=2 ACQS=2 max=256 backend=1
TTY> HV: NVMe ready: AQA=0x10001 ASQ=0x9dafa3000 ACQ=0x9dafa4000
TTY> FW> Cc.En: 1
TTY> FW> Cc.Css: 0
TTY> FW> Cc.Mps: 0
TTY> FW> Cc.Ams: 0
TTY> FW> Cc.Shn: 0
TTY> FW> Cc.Iosqes: 6
TTY> FW> Cc.Iocqes: 4
TTY> FW> NVMe controller is enabled with status [Success].
TTY> HV: NVMe INTx 64 pending: GICD disabled
TTY> HV: NVMe INTx 64 pending: GICD disabled
TTY> HV: NVMe INTx 64 pending: GICD disabled
TTY> FW>  == NVME IDENTIFY CONTROLLER DATA ==
TTY> FW>     PCI VID   : 0x1B36
TTY> FW>     PCI SSVID : 0x1B36
TTY> FW>     SN        : M1N1NVME000000000001
TTY> FW>     MN        : m1n1 Apple ANS NVMe bridge              
TTY> FW>     FR        : 0x20312E30
TTY> FW>     TNVMCAP (high 8-byte) : 0x0
TTY> FW>     TNVMCAP (low 8-byte)  : 0x0
TTY> FW>     RAB       : 0x4
TTY> FW>     IEEE      : 0x0
TTY> FW>     AERL      : 0x0
TTY> FW>     SQES      : 0x66
TTY> FW>     CQES      : 0x44
TTY> FW>     NN        : 0x1
TTY> FW> Number of Data Queue Pairs Requested: 2
TTY> HV: NVMe INTx 64 pending: GICD disabled
TTY> HV: NVMe INTx 64 pending: GICD disabled
TTY> HV: NVMe INTx 64 pending: GICD disabled
TTY> FW> Number of Data Queue Pairs Allocated By Controller: 1, 
TTY> FW> Number of Data Queue Pairs Supported By Driver: 1, 
TTY> FW> Data IO   Submission Queue (SqBuffer[1]) = [00000000DAF79000]
TTY> FW> Data IO   Completion Queue (CqBuffer[1]) = [00000000DAF7A000]
TTY> HV: NVMe INTx 64 pending: GICD disabled
TTY> HV: NVMe INTx 64 pending: GICD disabled
TTY> FW> InstallProtocolInterface: 52C78312-8EDC-4233-98F2-1A1AA5E388A5 9DC8626E0
TTY> FW> InstallProtocolInterface: 09576E91-6D3F-11D2-8E39-00A0C969723B 9DC904398
TTY> FW> InstallProtocolInterface: 964E5B21-6459-11D2-8E39-00A0C969723B 9DAF75088
TTY> FW> InstallProtocolInterface: D432A67F-14DC-484B-B3BB-3F0291849327 9DAF750E0
TTY> FW> InstallProtocolInterface: 0D799A99-25AF-429E-9272-D0B27D6D5F14 9DAF75120
TTY> FW>  == NVME IDENTIFY NAMESPACE [1] DATA ==
TTY> FW>     NSZE        : 0x3A70C70
TTY> FW>     NCAP        : 0x3A70C70
TTY> FW>     NUSE        : 0x3A70C70
TTY> FW>     LBAF0.LBADS : 0xC
TTY> FW> NvmExpressDriverBindingStart: end successfully
TTY> FW> InstallProtocolInterface: CE345171-BA0B-11D2-8E4F-00A0C969723B 9DAFA0120
TTY> FW>  BlockSize : 4096 
TTY> FW>  LastBlock : 3A70C6F 
TTY> FW>  Valid efi partition table header
TTY> FW>  Valid efi partition table header
TTY> FW>  Valid primary and Valid backup partition table
TTY> FW>  Partition entries read block success
TTY> FW>  Number of partition entries: 128
TTY> FW>  start check partition entries
TTY> FW>  End check partition entries
TTY> FW>  Index : 0
TTY> FW>  Start LBA : 6
TTY> FW>  End LBA : 1F405
TTY> FW>  Partition size: 1F400
TTY> FW>  Start : 6000 End : 1F405000
TTY> FW> InstallProtocolInterface: 09576E91-6D3F-11D2-8E39-00A0C969723B 9DAFA0698
TTY> FW> InstallProtocolInterface: 964E5B21-6459-11D2-8E39-00A0C969723B 9DAF8A030
TTY> FW> InstallProtocolInterface: 8CF2F62C-BC9B-4821-808D-EC9EC421A1A0 9DAF8A0E8
TTY> FW> InstallProtocolInterface: 69646961-6700-11AA-AA11-00306543ECAC 0
TTY> FW>  Index : 1
TTY> FW>  Start LBA : 1F406
TTY> FW>  End LBA : 1CA8105
TTY> FW>  Partition size: 1C88D00
TTY> FW>  Start : 1F406000 End : 1CA8105000
TTY> FW> InstallProtocolInterface: 09576E91-6D3F-11D2-8E39-00A0C969723B 9DAF8AE98
TTY> FW> InstallProtocolInterface: 964E5B21-6459-11D2-8E39-00A0C969723B 9DAF8A2B0
TTY> FW> InstallProtocolInterface: 8CF2F62C-BC9B-4821-808D-EC9EC421A1A0 9DAF8A368
TTY> FW> InstallProtocolInterface: 7C3457EF-0000-11AA-AA11-00306543ECAC 0
TTY> FW>  Index : 2
TTY> FW>  Start LBA : 1CA8106
TTY> FW>  End LBA : 1D3D105
TTY> FW>  Partition size: 95000
TTY> FW>  Start : 1CA8106000 End : 1D3D105000
TTY> FW> InstallProtocolInterface: 09576E91-6D3F-11D2-8E39-00A0C969723B 9DAF8A818
TTY> FW> InstallProtocolInterface: 964E5B21-6459-11D2-8E39-00A0C969723B 9DAF8A5B0
TTY> FW> InstallProtocolInterface: 8CF2F62C-BC9B-4821-808D-EC9EC421A1A0 9DAF8A668
TTY> FW> InstallProtocolInterface: 7C3457EF-0000-11AA-AA11-00306543ECAC 0
TTY> FW>  Index : 3
TTY> FW>  Start LBA : 1D3D106
TTY> FW>  End LBA : 1D5AE05
TTY> FW>  Partition size: 1DD00
TTY> FW>  Start : 1D3D106000 End : 1D5AE05000
TTY> FW> InstallProtocolInterface: 09576E91-6D3F-11D2-8E39-00A0C969723B 9DAF6FE98
TTY> FW> InstallProtocolInterface: 964E5B21-6459-11D2-8E39-00A0C969723B 9DAF6FBB0
TTY> FW> InstallProtocolInterface: 8CF2F62C-BC9B-4821-808D-EC9EC421A1A0 9DAF6FC68
TTY> FW> InstallProtocolInterface: C12A7328-F81F-11D2-BA4B-00A0C93EC93B 0
TTY> FW>  Index : 4
TTY> FW>  Start LBA : 1D5AF00
TTY> FW>  End LBA : 1D7AEFF
TTY> FW>  Partition size: 20000
TTY> FW>  Start : 1D5AF00000 End : 1D7AEFF000
TTY> FW> InstallProtocolInterface: 09576E91-6D3F-11D2-8E39-00A0C969723B 9DAF6F398
TTY> FW> InstallProtocolInterface: 964E5B21-6459-11D2-8E39-00A0C969723B 9DAF6F130
TTY> FW> InstallProtocolInterface: 8CF2F62C-BC9B-4821-808D-EC9EC421A1A0 9DAF6F1E8
TTY> FW> InstallProtocolInterface: C12A7328-F81F-11D2-BA4B-00A0C93EC93B 0
TTY> FW>  Index : 5
TTY> FW>  Start LBA : 1D7AF00
TTY> FW>  End LBA : 1D7BEFF
TTY> FW>  Partition size: 1000
TTY> FW>  Start : 1D7AF00000 End : 1D7BEFF000
TTY> FW> InstallProtocolInterface: 09576E91-6D3F-11D2-8E39-00A0C969723B 9DAF6F598
TTY> FW> InstallProtocolInterface: 964E5B21-6459-11D2-8E39-00A0C969723B 9DAF6E030
TTY> FW> InstallProtocolInterface: 8CF2F62C-BC9B-4821-808D-EC9EC421A1A0 9DAF6E0E8
TTY> FW> InstallProtocolInterface: E3C9E316-0B5C-4DB8-817D-F92DF00215AE 0
TTY> FW>  Index : 6
TTY> FW>  Start LBA : 1D7BF00
TTY> FW>  End LBA : 3930BFF
TTY> FW>  Partition size: 1BB4D00
TTY> FW>  Start : 1D7BF00000 End : 3930BFF000
TTY> FW> InstallProtocolInterface: 09576E91-6D3F-11D2-8E39-00A0C969723B 9DAF6E318
TTY> FW> InstallProtocolInterface: 964E5B21-6459-11D2-8E39-00A0C969723B 9DAF6E9B0
TTY> FW> InstallProtocolInterface: 8CF2F62C-BC9B-4821-808D-EC9EC421A1A0 9DAF6EA68
TTY> FW> InstallProtocolInterface: EBD0A0A2-B9E5-4433-87C0-68B6B72699C7 0
TTY> FW>  Index : 7
TTY> FW>  Start LBA : 3930C76
TTY> FW>  End LBA : 3A70C6A
TTY> FW>  Partition size: 13FFF5
TTY> FW>  Start : 3930C76000 End : 3A70C6A000
TTY> FW> InstallProtocolInterface: 09576E91-6D3F-11D2-8E39-00A0C969723B 9DAF6DF18
TTY> FW> InstallProtocolInterface: 964E5B21-6459-11D2-8E39-00A0C969723B 9DAF6E430
TTY> FW> InstallProtocolInterface: 8CF2F62C-BC9B-4821-808D-EC9EC421A1A0 9DAF6E4E8
TTY> FW> InstallProtocolInterface: 52637672-7900-11AA-AA11-00306543ECAC 0
TTY> FW> Prepare to Free Pool
TTY> FW> InstallProtocolInterface: CE345171-BA0B-11D2-8E4F-00A0C969723B 9DAFA0420
TTY> FW>  BlockSize : 4096 
TTY> FW>  LastBlock : 1F3FF 
TTY> FW> InstallProtocolInterface: CE345171-BA0B-11D2-8E4F-00A0C969723B 9DAF6D8A0
TTY> FW>  BlockSize : 4096 
TTY> FW>  LastBlock : 1C88CFF 
TTY> FW> InstallProtocolInterface: CE345171-BA0B-11D2-8E4F-00A0C969723B 9DAF6D320
TTY> FW>  BlockSize : 4096 
TTY> FW>  LastBlock : 94FFF 
TTY> FW> InstallProtocolInterface: CE345171-BA0B-11D2-8E4F-00A0C969723B 9DAF78BA0
TTY> FW>  BlockSize : 4096 
TTY> FW>  LastBlock : 1DCFF 
TTY> FW> InstallProtocolInterface: 964E5B22-6459-11D2-8E39-00A0C969723B 9DAF70030
TTY> FW> Installed Fat filesystem on 9DAF6F098
TTY> FW> InstallProtocolInterface: CE345171-BA0B-11D2-8E4F-00A0C969723B 9DAF78120
TTY> FW>  BlockSize : 4096 
TTY> FW>  LastBlock : 1FFFF 
TTY> FW> PartitionValidMbr: Bad MBR partition size EndingLBA(D99299D3) > LastLBA(FFFFF)
TTY> FW> InstallProtocolInterface: 964E5B22-6459-11D2-8E39-00A0C969723B 9DAF68030
TTY> FW> Installed Fat filesystem on 9DAF6F698
TTY> FW> InstallProtocolInterface: CE345171-BA0B-11D2-8E4F-00A0C969723B 9DAF77020
TTY> FW>  BlockSize : 4096 
TTY> FW>  LastBlock : FFF 
TTY> FW> InstallProtocolInterface: CE345171-BA0B-11D2-8E4F-00A0C969723B 9DAF77120
TTY> FW>  BlockSize : 4096 
TTY> FW>  LastBlock : 1BB4CFF 
TTY> FW> PartitionValidMbr: Bad MBR partition size EndingLBA(DEB56E8B) > LastLBA(DDA67FF)
TTY> FW> InstallProtocolInterface: CE345171-BA0B-11D2-8E4F-00A0C969723B 9DAF77720
TTY> FW>  BlockSize : 4096 
TTY> FW>  LastBlock : 13FFF4 
TTY> FW> [OSK]: Failed to find Simple Window Manager protocol (Not Found).
TTY> FW> NvmExpressDriverBindingStart: start
TTY> FW> NvmExpressDriverBindingStart: end successfully
TTY> FW>  BlockSize : 4096 
TTY> FW>  LastBlock : 3A70C6F 
TTY> FW>  Valid efi partition table header
TTY> FW>  Valid efi partition table header
TTY> FW>  Valid primary and Valid backup partition table
TTY> FW>  Partition entries read block success
TTY> FW>  Number of partition entries: 128
TTY> FW>  start check partition entries
TTY> FW>  End check partition entries
TTY> FW>  Index : 0
TTY> FW>  Start LBA : 6
TTY> FW>  End LBA : 1F405
TTY> FW>  Partition size: 1F400
TTY> FW>  Start : 6000 End : 1F405000
TTY> FW>  Index : 1
TTY> FW>  Start LBA : 1F406
TTY> FW>  End LBA : 1CA8105
TTY> FW>  Partition size: 1C88D00
TTY> FW>  Start : 1F406000 End : 1CA8105000
TTY> FW>  Index : 2
TTY> FW>  Start LBA : 1CA8106
TTY> FW>  End LBA : 1D3D105
TTY> FW>  Partition size: 95000
TTY> FW>  Start : 1CA8106000 End : 1D3D105000
TTY> FW>  Index : 3
TTY> FW>  Start LBA : 1D3D106
TTY> FW>  End LBA : 1D5AE05
TTY> FW>  Partition size: 1DD00
TTY> FW>  Start : 1D3D106000 End : 1D5AE05000
TTY> FW>  Index : 4
TTY> FW>  Start LBA : 1D5AF00
TTY> FW>  End LBA : 1D7AEFF
TTY> FW>  Partition size: 20000
TTY> FW>  Start : 1D5AF00000 End : 1D7AEFF000
TTY> FW>  Index : 5
TTY> FW>  Start LBA : 1D7AF00
TTY> FW>  End LBA : 1D7BEFF
TTY> FW>  Partition size: 1000
TTY> FW>  Start : 1D7AF00000 End : 1D7BEFF000
TTY> FW>  Index : 6
TTY> FW>  Start LBA : 1D7BF00
TTY> FW>  End LBA : 3930BFF
TTY> FW>  Partition size: 1BB4D00
TTY> FW>  Start : 1D7BF00000 End : 3930BFF000
TTY> FW>  Index : 7
TTY> FW>  Start LBA : 3930C76
TTY> FW>  End LBA : 3A70C6A
TTY> FW>  Partition size: 13FFF5
TTY> FW>  Start : 3930C76000 End : 3A70C6A000
TTY> FW> Prepare to Free Pool
TTY> FW>  BlockSize : 4096 
TTY> FW>  LastBlock : 1F3FF 
TTY> FW>  BlockSize : 4096 
TTY> FW>  LastBlock : 1C88CFF 
TTY> FW>  BlockSize : 4096 
TTY> FW>  LastBlock : 94FFF 
TTY> FW>  BlockSize : 4096 
TTY> FW>  LastBlock : FFF 
TTY> FW>  BlockSize : 4096 
TTY> FW>  LastBlock : 1BB4CFF 
TTY> FW> PartitionValidMbr: Bad MBR partition size EndingLBA(DEB56E8B) > LastLBA(DDA67FF)
TTY> FW>  BlockSize : 4096 
TTY> FW>  LastBlock : 13FFF4 
TTY> FW> InstallProtocolInterface: 4CF5B200-68B8-4CA5-9EEC-B23E3F50029A 9DAF67A28
TTY> HV: xHCI guest capability AC64 masked hardware=0x238ffcd guest=0x238ffcc offset=0x10 width=4
TTY> HV: xHCI capabilities discovered caplen=0x20 rtsoff=0x440
TTY> FW> XhcCreateUsb3Hc: Capability length 0x20
TTY> FW> XhcCreateUsb3Hc: HcSParams1 0x200047F
TTY> FW> XhcCreateUsb3Hc: HcSParams2 0x1C0000F1
TTY> FW> XhcCreateUsb3Hc: HcCParams 0x238FFCC
TTY> FW> XhcCreateUsb3Hc: DBOff 0x4E0
TTY> FW> XhcCreateUsb3Hc: RTSOff 0x440
TTY> FW> XhcCreateUsb3Hc: UsbLegSupOffset 0x0
TTY> FW> XhcCreateUsb3Hc: DebugCapSupOffset 0xFFFFFFFF
TTY> FW> XhcCreateUsb3Hc: Usb2SupOffset 0x10
TTY> FW> XhcCreateUsb3Hc: Usb3SupOffset 0x20
TTY> FW> XhcSetBiosOwnership: called to set BIOS ownership
TTY> FW> XhcResetHC!
TTY> dart: dart /arm-io/dart-usb1 at 0x502f00000 is a t8020
TTY> dart: dart /arm-io/dart-usb1 at 0x502f80000 is a t8020
TTY> HV: xHCI DART 32-bit stage-2 view ready pages=491392 runs=4 high_base=0x800000000
TTY> FW> XhcInitSched:DCBAA=0x3FFD0000
TTY> FW> XhcInitSched: Created CMD ring [3FFD0400~3FFD1400) EVENT ring [3FFD1400~3FFD3400)
TTY> FW> InstallProtocolInterface: 3E745226-9818-45B6-A2AC-D7CD0E8BA2BC 9DA14E038
TTY> FW> XhcDriverBindingStart: XHCI started for controller @ DCF2D518
TTY> FW> InstallProtocolInterface: 240612B7-A063-11D4-9A3A-0090273FC14D 9DAF66020
TTY> FW> XhcGetCapability: 2 ports, 64 bit 0
TTY> FW> UsbRootHubInit: root hub 9DAF66C18 - max speed 3, 2 ports
TTY> FW> FSOpen: Open '\EFI\BOOT\BOOTAA64.EFI' Success
TTY> FW> FSOpen: Open '\EFI\BOOT\BOOTAA64.EFI' Success
TTY> FW> [Security] 3rd party image[0] can be loaded after EndOfDxe: PciRoot(0x0)/Pci(0x0,0x0)/NVMe(0x1,00-00-00-00-00-00-00-00)/HD(5,GPT,F05B9952-EE05-44E1-BCC4-B678A8501B2A,0x1D5AF00,0x20000)/\EFI\BOOT\BOOTAA64.EFI.
TTY> FW> InstallProtocolInterface: 5B1B31A1-9562-11D2-8E3F-00A0C969723B 9DAF5E040
TTY> FW> Loading driver at 0x00010000000 EntryPoint=0x0001003A130 bootmgfw.efi
TTY> FW> InstallProtocolInterface: BC62157E-3E33-4FEC-9920-2D3B36D750DF 9DAF5F218
TTY> FW> ProtectUefiImage - 0xDAF5E040
TTY> FW>   - 0x0000000010000000 - 0x000000000032B000
TTY> FW> WindowsAutoBootDxe: starting \EFI\BOOT\BOOTAA64.EFI
TTY> HV PMUv3 Redirect: mrs x8, PMCR_EL0 = 0xc0
TTY> HV PMUv3 Redirect (OK): msr PMCNTENCLR_EL0, x8 = 0xffffffff
TTY> HV PMUv3 Redirect (OK): msr PMOVSCLR_EL0, x8 = 0xffffffff
TTY> HV PMUv3 Redirect (OK): msr PMINTENCLR_EL1, x8 = 0xffffffff
TTY> HV PMUv3 Redirect (OK): msr PMCR_EL0, x8 = 0xd5
TTY> HV PMUv3 Redirect (OK): msr PMCCFILTR_EL0, x8 = 0x8000000
TTY> HV PMUv3 Redirect (OK): msr PMCNTENSET_EL0, x8 = 0x80000000
TTY> HV PMUv3 Redirect (skipped write): msr PMUSERENR_EL0, x8 = 0x0
TTY> FW> FSOpen: Open 'EFI' Success
TTY> FW> FSOpen: Open 'Microsoft' Success
TTY> FW> FSOpen: Open 'Boot' Success
TTY> FW> FSOpen: Open 'bootstat.dat' Success
TTY> FW> FSOpen: Open 'BOOT' Success
TTY> FW> FSOpen: Open 'Recovery' Success
TTY> FW> FSOpen: Open 'BCD' Success
TTY> FW> FSOpen: Open 'BCD' Success
TTY> FW> FSOpen: Open 'WinSiPolicy.p7b' Success
TTY> FW> FSOpen: Open 'CiPolicies' Success
TTY> FW> FSOpen: Open 'Active' Success
TTY> FW> FSOpen: Open '{5DAC656C-21AD-4A02-AB49-649917162E70}.cip' Success
TTY> FW> FSOpen: Open '{82443e1e-8a39-4b4a-96a8-f40ddc00b9f3}.cip' Success
TTY> FW> FSOpen: Open '{CDD5CB55-DB68-4D71-AA38-3DF2B6473A52}.cip' Success
TTY> FW> FSOpen: Open 'BOOTAA64.EFI' Success
TTY> HV PMUv3 Redirect: mrs x8, PMCR_EL0 = 0xc1
TTY> HV PMUv3 Redirect (OK): msr PMCR_EL0, x8 = 0xd1
TTY> HV PMUv3 Redirect (OK): msr PMCCFILTR_EL0, x8 = 0x8000000
TTY> HV PMUv3 Redirect (OK): msr PMCNTENSET_EL0, x8 = 0x80000000
TTY> HV PMUv3 Redirect (skipped write): msr PMUSERENR_EL0, x8 = 0x0
TTY> FW> FSOpen: Open 'EFI' Success
TTY> FW> FSOpen: Open 'Microsoft' Success
TTY> FW> FSOpen: Open 'Boot' Success
TTY> FW> XhcClearBiosOwnership: called to clear BIOS ownership
TTY> FW> Capsule Interface Locked!!
TTY> FW> MU_CHANGE 161994
TTY> HV PMUv3 Redirect: mrs x9, PMCR_EL0 = 0xc1
TTY> HV PMUv3 Redirect (OK): msr PMCR_EL0, x8 = 0xd1
TTY> HV PMUv3 Redirect (OK): msr PMINTENCLR_EL1, x9 = 0x80000000
TTY> HV PMUv3 Redirect (OK): msr PMCCFILTR_EL0, x8 = 0x8000000
TTY> HV PMUv3 Redirect (OK): msr PMCNTENSET_EL0, x9 = 0x80000000
TTY> HV PMUv3 Redirect: mrs x8, PMUSERENR_EL0 = 0x0
TTY> HV PMUv3 Redirect (skipped write): msr PMUSERENR_EL0, x8 = 0x4
TTY> HV PMUv3 Redirect: mrs x9, PMCR_EL0 = 0xc1
TTY> HV PMUv3 Redirect (OK): msr PMCR_EL0, x8 = 0xd1
TTY> HV PMUv3 Redirect (OK): msr PMINTENCLR_EL1, x9 = 0x80000000
TTY> HV PMUv3 Redirect (OK): msr PMCCFILTR_EL0, x8 = 0x8000000
TTY> HV PMUv3 Redirect (OK): msr PMCNTENSET_EL0, x9 = 0x80000000
TTY> HV PMUv3 Redirect: mrs x8, PMUSERENR_EL0 = 0x0
TTY> HV PMUv3 Redirect (skipped write): msr PMUSERENR_EL0, x8 = 0x4
TTY> PSCI DEBUG: turning on CPU1 MPIDR: 0x1
TTY> HV: Initializing secondary 1
TTY> HV: Secondary 1 published entry=0x8ea4f7010 x0=0x10e000
TTY> HV: Entering guest secondary 1 at 0x8ea4f7010
TTY> HV: Secondary 1 consumed entry=0x8ea4f7010 x0=0x10e000
TTY> HV vGIC: first redistributor access frame=1 reg=0x8 from_cpu=1
TTY> HV PMUv3 Redirect: mrs x9, PMCR_EL0 = 0xc0
TTY> HV PMUv3 Redirect (OK): msr PMCR_EL0, x8 = 0xd1
TTY> HV PMUv3 Redirect (OK): msr PMINTENCLR_EL1, x9 = 0x80000000
TTY> HV PMUv3 Redirect (OK): msr PMCCFILTR_EL0, x8 = 0x8000000
TTY> HV PMUv3 Redirect (OK): msr PMCNTENSET_EL0, x9 = 0x80000000
TTY> HV PMUv3 Redirect: mrs x8, PMUSERENR_EL0 = 0x0
TTY> HV PMUv3 Redirect (skipped write): msr PMUSERENR_EL0, x8 = 0x4
TTY> PSCI DEBUG: turning on CPU2 MPIDR: 0x2
TTY> HV: Initializing secondary 2
TTY> HV: Secondary 2 published entry=0x8ea4f7010 x0=0x10f000
TTY> HV: Entering guest secondary 2 at 0x8ea4f7010
TTY> HV: Secondary 2 consumed entry=0x8ea4f7010 x0=0x10f000
TTY> HV vGIC: first redistributor access frame=2 reg=0x8 from_cpu=2
TTY> HV PMUv3 Redirect: mrs x9, PMCR_EL0 = 0xc0
TTY> HV PMUv3 Redirect (OK): msr PMCR_EL0, x8 = 0xd1
TTY> HV PMUv3 Redirect (OK): msr PMINTENCLR_EL1, x9 = 0x80000000
TTY> HV PMUv3 Redirect (OK): msr PMCCFILTR_EL0, x8 = 0x8000000
TTY> HV PMUv3 Redirect (OK): msr PMCNTENSET_EL0, x9 = 0x80000000
TTY> HV PMUv3 Redirect: mrs x8, PMUSERENR_EL0 = 0x0
TTY> HV PMUv3 Redirect (skipped write): msr PMUSERENR_EL0, x8 = 0x4
TTY> HV SGI QUEUE: from=0 to=1 intid=0 old=0x0
TTY> HV SGI QUEUE: from=0 to=2 intid=0 old=0x0
TTY> HV SGI QUEUE: from=0 to=3 intid=0 old=0x0
TTY> HV SGI QUEUE: from=0 to=4 intid=0 old=0x0
TTY> HV SGI QUEUE: from=0 to=5 intid=0 old=0x0
TTY> HV SGI QUEUE: from=0 to=6 intid=0 old=0x0
TTY> HV SGI QUEUE: from=0 to=7 intid=0 old=0x0
TTY> PSCI DEBUG: turning on CPU3 MPIDR: 0x3
TTY> HV: Initializing secondary 3
TTY> HV: Secondary 3 published entry=0x8ea4f7010 x0=0x180000
TTY> HV: Entering guest secondary 3 at 0x8ea4f7010
TTY> HV: Secondary 3 consumed entry=0x8ea4f7010 x0=0x180000
TTY> HV vGIC: first redistributor access frame=3 reg=0x8 from_cpu=3
TTY> HV PMUv3 Redirect: mrs x9, PMCR_EL0 = 0xc0
TTY> HV PMUv3 Redirect (OK): msr PMCR_EL0, x8 = 0xd1
TTY> HV PMUv3 Redirect (OK): msr PMINTENCLR_EL1, x9 = 0x80000000
TTY> PSCI DEBUG: turning on CPU4 MPIDR: 0x10100
TTY> HV: Initializing secondary 4
TTY> HV: Secondary 4 published entry=0x8ea4f7010 x0=0x181000
TTY> HV: Entering guest secondary 4 at 0x8ea4f7010
TTY> HV: Secondary 4 consumed entry=0x8ea4f7010 x0=0x181000
TTY> HV vGIC: first redistributor access frame=4 reg=0x8 from_cpu=4
TTY> HV PMUv3 Redirect: mrs x9, PMCR_EL0 = 0xc0
TTY> HV PMUv3 Redirect (OK): msr PMCR_EL0, x8 = 0xd1
TTY> HV PMUv3 Redirect (OK): msr PMINTENCLR_EL1, x9 = 0x80000000
TTY> HV PMUv3 Redirect (OK): msr PMCCFILTR_EL0, x8 = 0x8000000
TTY> HV PMUv3 Redirect (OK): msr PMCNTENSET_EL0, x9 = 0x80000000
TTY> HV PMUv3 Redirect: mrs x8, PMUSERENR_EL0 = 0x0
TTY> HV PMUv3 Redirect (skipped write): msr PMUSERENR_EL0, x8 = 0x4
TTY> PSCI DEBUG: turning on CPU5 MPIDR: 0x10101
TTY> HV: Initializing secondary 5
TTY> HV: Secondary 5 published entry=0x8ea4f7010 x0=0x182000
TTY> HV: Entering guest secondary 5 at 0x8ea4f7010
TTY> HV: Secondary 5 consumed entry=0x8ea4f7010 x0=0x182000
TTY> HV vGIC: first redistributor access frame=5 reg=0x8 from_cpu=5
TTY> HV PMUv3 Redirect: mrs x9, PMCR_EL0 = 0xc0
TTY> PSCI DEBUG: turning on CPU6 MPIDR: 0x10102
TTY> HV: Initializing secondary 6
TTY> HV: Secondary 6 published entry=0x8ea4f7010 x0=0x1a4000
TTY> HV: Entering guest secondary 6 at 0x8ea4f7010
TTY> HV: Secondary 6 consumed entry=0x8ea4f7010 x0=0x1a4000
TTY> HV vGIC: first redistributor access frame=6 reg=0x8 from_cpu=6
TTY> HV PMUv3 Redirect: mrs x9, PMCR_EL0 = 0xc0
TTY> HV PMUv3 Redirect (OK): msr PMCR_EL0, x8 = 0xd1
TTY> HV PMUv3 Redirect (OK): msr PMINTENCLR_EL1, x9 = 0x80000000
TTY> HV PMUv3 Redirect (OK): msr PMCCFILTR_EL0, x8 = 0x8000000
TTY> HV PMUv3 Redirect (OK): msr PMCNTENSET_EL0, x9 = 0x80000000
TTY> HV PMUv3 Redirect: mrs x8, PMUSERENR_EL0 = 0x0
TTY> HV PMUv3 Redirect (skipped write): msr PMUSERENR_EL0, x8 = 0x4
TTY> PSCI DEBUG: turning on CPU7 MPIDR: 0x10103
TTY> HV: Initializing secondary 7
TTY> HV: Secondary 7 published entry=0x8ea4f7010 x0=0x1a5000
TTY> HV: Entering guest secondary 7 at 0x8ea4f7010
TTY> HV: Secondary 7 consumed entry=0x8ea4f7010 x0=0x1a5000
TTY> HV vGIC: first redistributor access frame=7 reg=0x8 from_cpu=7
TTY> HV PMUv3 Redirect (OK): msr PMINTENCLR_EL1, x9 = 0x80000000
TTY> HV PMUv3 Redirect (OK): msr PMCCFILTR_EL0, x8 = 0x8000000
TTY> HV PMUv3 Redirect (OK): msr PMCNTENSET_EL0, x9 = 0x80000000
TTY> HV PMUv3 Redirect: mrs x8, PMUSERENR_EL0 = 0x0
TTY> HV PMUv3 Redirect (skipped write): msr PMUSERENR_EL0, x8 = 0x4
TTY> HV SGI QUEUE: from=0 to=1 intid=0 old=0x0
TTY> HV SGI QUEUE: from=0 to=2 intid=0 old=0x0
TTY> HV SGI QUEUE: from=0 to=3 intid=0 old=0x1 coalesced
TTY> HV SGI QUEUE: from=0 to=4 intid=0 old=0x1 coalesced
TTY> HV SGI QUEUE: from=0 to=5 intid=0 old=0x1 coalesced
TTY> HV SGI QUEUE: from=0 to=6 intid=0 old=0x1 coalesced
TTY> HV SGI QUEUE: from=0 to=7 intid=0 old=0x1 coalesced
TTY> HV SGI QUEUE: from=0 to=0 intid=0 old=0x0
TTY> HV SGI QUEUE: from=4 to=1 intid=0 old=0x0
TTY> HV SGI QUEUE: from=0 to=2 intid=0 old=0x0
TTY> HV SGI QUEUE: from=0 to=3 intid=0 old=0x0
TTY> HV SGI QUEUE: from=0 to=4 intid=0 old=0x0
TTY> HV SGI QUEUE: from=0 to=5 intid=0 old=0x0
TTY> HV SGI QUEUE: from=0 to=1 intid=0 old=0x0
TTY> HV SGI QUEUE: from=0 to=2 intid=0 old=0x0
TTY> HV SGI QUEUE: from=0 to=3 intid=0 old=0x0
TTY> HV SGI QUEUE: from=0 to=4 intid=0 old=0x0
TTY> HV SGI QUEUE: from=0 to=5 intid=0 old=0x0
TTY> HV SGI QUEUE: from=0 to=6 intid=0 old=0x0
TTY> HV SGI QUEUE: from=0 to=7 intid=0 old=0x0
TTY> CPU_ENTRY cpu=5 mpidr=0x80010101
TTY> HV DIAG ONLINE: cpu=5 mpidr=0x80010101 pc=0xfffff802ff4892fc spsr=0x800003c4
TTY> CPU_ENTRY cpu=6 mpidr=0x80010102
TTY> HV DIAG ONLINE: cpu=6 mpidr=0x80010102 pc=0xfffff802ff4892f4 spsr=0x800003c4
TTY> CPU_ENTRY cpu=7 mpidr=0x80010103
TTY> HV DIAG ONLINE: cpu=7 mpidr=0x80010103 pc=0xfffff802ff4892f4 spsr=0x800003c4
TTY> CPU_ENTRY cpu=2 mpidr=0x80000002
TTY> HV DIAG ONLINE: cpu=2 mpidr=0x80000002 pc=0xfffff802ff4892f0 spsr=0x800003c4
TTY> CPU_ENTRY cpu=3 mpidr=0x80000003
TTY> HV DIAG ONLINE: cpu=3 mpidr=0x80000003 pc=0xfffff802ff4892f0 spsr=0x800003c4
TTY> CPU_ENTRY cpu=4 mpidr=0x80010100
TTY> HV DIAG ONLINE: cpu=4 mpidr=0x80010100 pc=0xfffff802ff489304 spsr=0x800003c4
TTY> HV SGI QUEUE: from=0 to=2 intid=0 old=0x0
TTY> HV SGI QUEUE: from=2 to=3 intid=0 old=0x0
TTY> HV SGI QUEUE: from=0 to=1 intid=0 old=0x0
TTY> HV SGI QUEUE: from=0 to=2 intid=0 old=0x0
TTY> HV SGI QUEUE: from=0 to=3 intid=0 old=0x0
TTY> HV PMUv3 Redirect: mrs x11, PMCR_EL0 = 0xc1
TTY> HV: PCI cfg 00:00.0 reg=0x000 w=0 width=4 val=0x0
TTY> HV: PCI cfg 00:00.0 reg=0x00c w=0 width=4 val=0x0
TTY> HV: PCI cfg 00:00.0 reg=0x034 w=0 width=4 val=0x0
TTY> HV: PCI cfg 00:00.0 reg=0x00c w=0 width=4 val=0x0
TTY> HV: PCI cfg 00:00.0 reg=0x008 w=0 width=4 val=0x0
TTY> HV: PCI cfg 00:00.0 reg=0x008 w=0 width=4 val=0x0
TTY> HV: PCI cfg 00:00.0 reg=0x00c w=0 width=4 val=0x0
TTY> HV: PCI cfg 00:00.0 reg=0x034 w=0 width=4 val=0x0
TTY> HV: PCI cfg 00:00.0 reg=0x00c w=0 width=4 val=0x0
TTY> HV: PCI cfg 00:00.0 reg=0x034 w=0 width=4 val=0x0
TTY> HV: PCI cfg 00:00.0 reg=0x00c w=0 width=4 val=0x0
TTY> HV: PCI cfg 00:00.0 reg=0x000 w=0 width=4 val=0x0
TTY> HV: PCI cfg 00:00.0 reg=0x000 w=0 width=4 val=0x0
TTY> HV: PCI cfg 00:00.0 reg=0x008 w=0 width=4 val=0x0
TTY> HV: PCI cfg 00:00.0 reg=0x008 w=0 width=4 val=0x0
TTY> HV: PCI cfg 00:00.0 reg=0x008 w=0 width=4 val=0x0
TTY> HV: PCI cfg 00:00.0 reg=0x008 w=0 width=4 val=0x0
TTY> HV: PCI cfg 00:00.0 reg=0x00c w=0 width=4 val=0x0
TTY> HV: PCI cfg 00:00.0 reg=0x02c w=0 width=4 val=0x0
TTY> HV: PCI cfg 00:00.0 reg=0x02c w=0 width=4 val=0x0
TTY> HV: PCI cfg 00:00.0 reg=0x004 w=0 width=4 val=0x0
TTY> HV: PCI cfg 00:00.0 reg=0x004 w=0 width=4 val=0x0
TTY> HV: PCI cfg 00:00.0 reg=0x004 w=0 width=4 val=0x0
TTY> HV: PCI cfg 00:00.0 reg=0x00c w=0 width=4 val=0x0
TTY> HV: PCI cfg 00:00.0 reg=0x00c w=0 width=4 val=0x0
TTY> HV: PCI cfg 00:00.0 reg=0x03c w=0 width=4 val=0x0
TTY> HV: PCI cfg 00:00.0 reg=0x03c w=0 width=4 val=0x0
TTY> HV: PCI cfg 00:00.0 reg=0x000 w=0 width=4 val=0x0
TTY> HV: PCI cfg 00:00.0 reg=0x004 w=0 width=4 val=0x0
TTY> HV: PCI cfg 00:00.0 reg=0x008 w=0 width=4 val=0x0
TTY> HV: PCI cfg 00:00.0 reg=0x00c w=0 width=4 val=0x0
TTY> HV: PCI cfg 00:00.0 reg=0x010 w=0 width=4 val=0x0
TTY> HV: PCI cfg 00:00.0 reg=0x014 w=0 width=4 val=0x0
TTY> HV: PCI cfg 00:00.0 reg=0x018 w=0 width=4 val=0x0
TTY> HV: PCI cfg 00:00.0 reg=0x01c w=0 width=4 val=0x0
TTY> HV: PCI cfg 00:00.0 reg=0x020 w=0 width=4 val=0x0
TTY> HV: PCI cfg 00:00.0 reg=0x024 w=0 width=4 val=0x0
TTY> HV: PCI cfg 00:00.0 reg=0x028 w=0 width=4 val=0x0
TTY> HV: PCI cfg 00:00.0 reg=0x02c w=0 width=4 val=0x0
TTY> HV: PCI cfg 00:00.0 reg=0x030 w=0 width=4 val=0x0
TTY> HV: PCI cfg 00:00.0 reg=0x034 w=0 width=4 val=0x0
TTY> HV: PCI cfg 00:00.0 reg=0x038 w=0 width=4 val=0x0
TTY> HV: PCI cfg 00:00.0 reg=0x03c w=0 width=4 val=0x0
TTY> HV: PCI cfg 00:00.0 reg=0x004 w=0 width=4 val=0x0
TTY> HV: PCI cfg 00:00.0 reg=0x004 w=1 width=2 val=0x410
TTY> HV: PCI cfg 00:00.0 reg=0x010 w=0 width=4 val=0x0
TTY> HV: PCI cfg 00:00.0 reg=0x014 w=0 width=4 val=0x0
TTY> HV: PCI cfg 00:00.0 reg=0x018 w=0 width=4 val=0x0
TTY> HV: PCI cfg 00:00.0 reg=0x01c w=0 width=4 val=0x0
TTY> HV: PCI cfg 00:00.0 reg=0x020 w=0 width=4 val=0x0
TTY> HV: PCI cfg 00:00.0 reg=0x024 w=0 width=4 val=0x0
TTY> HV: PCI cfg 00:00.0 reg=0x010 w=1 width=4 val=0xffffffff
TTY> HV: PCI cfg 00:00.0 reg=0x014 w=1 width=4 val=0xffffffff
TTY> HV: PCI cfg 00:00.0 reg=0x018 w=1 width=4 val=0xffffffff
TTY> HV: PCI cfg 00:00.0 reg=0x01c w=1 width=4 val=0xffffffff
TTY> HV: PCI cfg 00:00.0 reg=0x020 w=1 width=4 val=0xffffffff
TTY> HV: PCI cfg 00:00.0 reg=0x024 w=1 width=4 val=0xffffffff
TTY> HV: PCI cfg 00:00.0 reg=0x010 w=0 width=4 val=0x0
TTY> HV: PCI cfg 00:00.0 reg=0x014 w=0 width=4 val=0x0
TTY> HV: PCI cfg 00:00.0 reg=0x018 w=0 width=4 val=0x0
TTY> HV: PCI cfg 00:00.0 reg=0x01c w=0 width=4 val=0x0
TTY> HV: PCI cfg 00:00.0 reg=0x020 w=0 width=4 val=0x0
TTY> HV: PCI cfg 00:00.0 reg=0x024 w=0 width=4 val=0x0
TTY> HV: PCI cfg 00:00.0 reg=0x010 w=1 width=4 val=0x4
TTY> HV: PCI cfg 00:00.0 reg=0x014 w=1 width=4 val=0x4
TTY> HV: PCI cfg 00:00.0 reg=0x018 w=1 width=4 val=0x0
TTY> HV: PCI cfg 00:00.0 reg=0x01c w=1 width=4 val=0x0
TTY> HV: PCI cfg 00:00.0 reg=0x020 w=1 width=4 val=0x0
TTY> HV: PCI cfg 00:00.0 reg=0x024 w=1 width=4 val=0x0
TTY> HV: PCI cfg 00:00.0 reg=0x030 w=0 width=4 val=0x0
TTY> HV: PCI cfg 00:00.0 reg=0x030 w=1 width=4 val=0xffffffff
TTY> HV: PCI cfg 00:00.0 reg=0x030 w=0 width=4 val=0x0
TTY> HV: PCI cfg 00:00.0 reg=0x030 w=1 width=4 val=0x0
TTY> HV: PCI cfg 00:00.0 reg=0x004 w=1 width=2 val=0x17
TTY> HV: PCI BAR0 programmed at 0x400000000, arming NVMe MMIO trap
TTY> HV: NVMe BAR0 MMIO live at 0x400000000 (backend=1)
TTY> HV: PCI cfg 00:00.0 reg=0x004 w=0 width=4 val=0x0
TTY> HV: PCI cfg 00:00.0 reg=0x010 w=0 width=4 val=0x0
TTY> HV: PCI cfg 00:00.0 reg=0x014 w=0 width=4 val=0x0
TTY> HV: PCI cfg 00:00.0 reg=0x018 w=0 width=4 val=0x0
TTY> HV: PCI cfg 00:00.0 reg=0x01c w=0 width=4 val=0x0
TTY> HV: PCI cfg 00:00.0 reg=0x020 w=0 width=4 val=0x0
TTY> HV: PCI cfg 00:00.0 reg=0x024 w=0 width=4 val=0x0
TTY> HV: PCI cfg 00:00.0 reg=0x030 w=0 width=4 val=0x0
TTY> HV: PCI cfg 00:00.0 reg=0x004 w=0 width=4 val=0x0
TTY> HV: PCI cfg 00:00.0 reg=0x000 w=0 width=4 val=0x0
TTY> HV: PCI cfg 00:00.0 reg=0x000 w=0 width=4 val=0x0
TTY> HV: PCI cfg 00:00.0 reg=0x008 w=0 width=4 val=0x0
TTY> HV: PCI cfg 00:00.0 reg=0x008 w=0 width=4 val=0x0
TTY> HV: PCI cfg 00:00.0 reg=0x008 w=0 width=4 val=0x0
TTY> HV: PCI cfg 00:00.0 reg=0x008 w=0 width=4 val=0x0
TTY> HV: PCI cfg 00:00.0 reg=0x00c w=0 width=4 val=0x0
TTY> HV: PCI cfg 00:00.0 reg=0x02c w=0 width=4 val=0x0
TTY> HV: PCI cfg 00:00.0 reg=0x02c w=0 width=4 val=0x0
TTY> HV: PCI cfg 00:00.0 reg=0x004 w=0 width=4 val=0x0
TTY> HV: PCI cfg 00:00.0 reg=0x010 w=0 width=4 val=0x0
TTY> HV: PCI cfg 00:00.0 reg=0x014 w=0 width=4 val=0x0
TTY> HV: PCI cfg 00:00.0 reg=0x018 w=0 width=4 val=0x0
TTY> HV: PCI cfg 00:00.0 reg=0x01c w=0 width=4 val=0x0
TTY> HV: PCI cfg 00:00.0 reg=0x020 w=0 width=4 val=0x0
TTY> HV: PCI cfg 00:00.0 reg=0x024 w=0 width=4 val=0x0
TTY> HV: PCI cfg 00:00.0 reg=0x030 w=0 width=4 val=0x0
TTY> HV: PCI cfg 00:00.0 reg=0x004 w=0 width=4 val=0x0
TTY> HV: PCI cfg 00:00.0 reg=0x000 w=0 width=4 val=0x0
TTY> HV: PCI cfg 00:00.0 reg=0x004 w=0 width=4 val=0x0
TTY> HV: PCI cfg 00:00.0 reg=0x008 w=0 width=4 val=0x0
TTY> HV: PCI cfg 00:00.0 reg=0x00c w=0 width=4 val=0x0
TTY> HV: PCI cfg 00:00.0 reg=0x010 w=0 width=4 val=0x0
TTY> HV: PCI cfg 00:00.0 reg=0x014 w=0 width=4 val=0x0
TTY> HV: PCI cfg 00:00.0 reg=0x018 w=0 width=4 val=0x0
TTY> HV: PCI cfg 00:00.0 reg=0x01c w=0 width=4 val=0x0
TTY> HV: PCI cfg 00:00.0 reg=0x020 w=0 width=4 val=0x0
TTY> HV: PCI cfg 00:00.0 reg=0x024 w=0 width=4 val=0x0
TTY> HV: PCI cfg 00:00.0 reg=0x028 w=0 width=4 val=0x0
TTY> HV: PCI cfg 00:00.0 reg=0x02c w=0 width=4 val=0x0
TTY> HV: PCI cfg 00:00.0 reg=0x030 w=0 width=4 val=0x0
TTY> HV: PCI cfg 00:00.0 reg=0x034 w=0 width=4 val=0x0
TTY> HV: PCI cfg 00:00.0 reg=0x038 w=0 width=4 val=0x0
TTY> HV: PCI cfg 00:00.0 reg=0x03c w=0 width=4 val=0x0
TTY> HV: PCI cfg 00:00.0 reg=0x000 w=0 width=4 val=0x0
TTY> HV: PCI cfg 00:00.0 reg=0x004 w=0 width=4 val=0x0
TTY> HV: PCI cfg 00:00.0 reg=0x008 w=0 width=4 val=0x0
TTY> HV: PCI cfg 00:00.0 reg=0x00c w=0 width=4 val=0x0
TTY> HV: PCI cfg 00:00.0 reg=0x010 w=0 width=4 val=0x0
TTY> HV: PCI cfg 00:00.0 reg=0x014 w=0 width=4 val=0x0
TTY> HV: PCI cfg 00:00.0 reg=0x018 w=0 width=4 val=0x0
TTY> HV: PCI cfg 00:00.0 reg=0x01c w=0 width=4 val=0x0
TTY> HV: PCI cfg 00:00.0 reg=0x020 w=0 width=4 val=0x0
TTY> HV: PCI cfg 00:00.0 reg=0x024 w=0 width=4 val=0x0
TTY> HV: PCI cfg 00:00.0 reg=0x028 w=0 width=4 val=0x0
TTY> HV: PCI cfg 00:00.0 reg=0x02c w=0 width=4 val=0x0
TTY> HV: PCI cfg 00:00.0 reg=0x030 w=0 width=4 val=0x0
TTY> HV: PCI cfg 00:00.0 reg=0x034 w=0 width=4 val=0x0
TTY> HV: PCI cfg 00:00.0 reg=0x038 w=0 width=4 val=0x0
TTY> HV: PCI cfg 00:00.0 reg=0x03c w=0 width=4 val=0x0
TTY> HV: PCI cfg 00:00.0 reg=0x03c w=1 width=1 val=0x40
TTY> HV: PCI cfg 00:00.0 reg=0x000 w=0 width=4 val=0x0
TTY> HV: PCI cfg 00:00.0 reg=0x000 w=0 width=4 val=0x0
TTY> HV: PCI cfg 00:00.0 reg=0x008 w=0 width=4 val=0x0
TTY> HV: PCI cfg 00:00.0 reg=0x008 w=0 width=4 val=0x0
TTY> HV: PCI cfg 00:00.0 reg=0x008 w=0 width=4 val=0x0
TTY> HV: PCI cfg 00:00.0 reg=0x008 w=0 width=4 val=0x0
TTY> HV: PCI cfg 00:00.0 reg=0x00c w=0 width=4 val=0x0
TTY> HV: PCI cfg 00:00.0 reg=0x02c w=0 width=4 val=0x0
TTY> HV: PCI cfg 00:00.0 reg=0x02c w=0 width=4 val=0x0
TTY> HV: PCI cfg 00:00.0 reg=0x004 w=0 width=4 val=0x0
TTY> HV: PCI cfg 00:00.0 reg=0x004 w=1 width=2 val=0x410
TTY> HV: PCI cfg 00:00.0 reg=0x010 w=1 width=4 val=0x0
TTY> HV: PCI cfg 00:00.0 reg=0x014 w=1 width=4 val=0x4
TTY> HV: PCI cfg 00:00.0 reg=0x018 w=1 width=4 val=0x0
TTY> HV: PCI cfg 00:00.0 reg=0x01c w=1 width=4 val=0x0
TTY> HV: PCI cfg 00:00.0 reg=0x020 w=1 width=4 val=0x0
TTY> HV: PCI cfg 00:00.0 reg=0x024 w=1 width=4 val=0x0
TTY> HV: PCI cfg 00:00.0 reg=0x030 w=1 width=4 val=0x0
TTY> HV: PCI cfg 00:00.0 reg=0x03c w=1 width=1 val=0x40
TTY> HV: PCI cfg 00:00.0 reg=0x00c w=1 width=1 val=0x0
TTY> HV: PCI cfg 00:00.0 reg=0x00c w=1 width=1 val=0x0
TTY> HV: PCI cfg 00:00.0 reg=0x004 w=1 width=2 val=0x410
TTY> HV: PCI cfg 00:00.0 reg=0x004 w=0 width=4 val=0x0
TTY> HV: PCI cfg 00:00.0 reg=0x004 w=1 width=2 val=0x416
TTY> HV: PCI BAR0 programmed at 0x400000000, arming NVMe MMIO trap
TTY> HV: NVMe BAR0 MMIO live at 0x400000000 (backend=1)
TTY> HV: PCI cfg 00:00.0 reg=0x004 w=1 width=2 val=0xf900
TTY> HV: PCI cfg 00:00.0 reg=0x004 w=0 width=4 val=0x0
TTY> HV: PCI cfg 00:00.0 reg=0x004 w=1 width=2 val=0x416
TTY> HV: PCI cfg 00:00.0 reg=0x004 w=0 width=4 val=0x0
TTY> HV: PCI cfg 00:00.0 reg=0x004 w=1 width=2 val=0x16
TTY> HV: PCI cfg 00:00.0 reg=0x000 w=0 width=4 val=0x0
TTY> HV: PCI cfg 00:00.0 reg=0x004 w=0 width=4 val=0x0
TTY> HV: PCI cfg 00:00.0 reg=0x008 w=0 width=4 val=0x0
TTY> HV: PCI cfg 00:00.0 reg=0x00c w=0 width=4 val=0x0
TTY> HV: PCI cfg 00:00.0 reg=0x010 w=0 width=4 val=0x0
TTY> HV: PCI cfg 00:00.0 reg=0x014 w=0 width=4 val=0x0
TTY> HV: PCI cfg 00:00.0 reg=0x018 w=0 width=4 val=0x0
TTY> HV: PCI cfg 00:00.0 reg=0x01c w=0 width=4 val=0x0
TTY> HV: PCI cfg 00:00.0 reg=0x020 w=0 width=4 val=0x0
TTY> HV: PCI cfg 00:00.0 reg=0x024 w=0 width=4 val=0x0
TTY> HV: PCI cfg 00:00.0 reg=0x028 w=0 width=4 val=0x0
TTY> HV: PCI cfg 00:00.0 reg=0x02c w=0 width=4 val=0x0
TTY> HV: PCI cfg 00:00.0 reg=0x030 w=0 width=4 val=0x0
TTY> HV: PCI cfg 00:00.0 reg=0x034 w=0 width=4 val=0x0
TTY> HV: PCI cfg 00:00.0 reg=0x038 w=0 width=4 val=0x0
TTY> HV: PCI cfg 00:00.0 reg=0x03c w=0 width=4 val=0x0
TTY> HV: PCI cfg 00:00.0 reg=0x000 w=0 width=4 val=0x0
TTY> HV: PCI cfg 00:00.0 reg=0x004 w=0 width=4 val=0x0
TTY> HV: PCI cfg 00:00.0 reg=0x008 w=0 width=4 val=0x0
TTY> HV: PCI cfg 00:00.0 reg=0x00c w=0 width=4 val=0x0
TTY> HV: PCI cfg 00:00.0 reg=0x010 w=0 width=4 val=0x0
TTY> HV: PCI cfg 00:00.0 reg=0x014 w=0 width=4 val=0x0
TTY> HV: PCI cfg 00:00.0 reg=0x018 w=0 width=4 val=0x0
TTY> HV: PCI cfg 00:00.0 reg=0x01c w=0 width=4 val=0x0
TTY> HV: PCI cfg 00:00.0 reg=0x020 w=0 width=4 val=0x0
TTY> HV: PCI cfg 00:00.0 reg=0x024 w=0 width=4 val=0x0
TTY> HV: PCI cfg 00:00.0 reg=0x028 w=0 width=4 val=0x0
TTY> HV: PCI cfg 00:00.0 reg=0x02c w=0 width=4 val=0x0
TTY> HV: PCI cfg 00:00.0 reg=0x030 w=0 width=4 val=0x0
TTY> HV: PCI cfg 00:00.0 reg=0x034 w=0 width=4 val=0x0
TTY> HV: PCI cfg 00:00.0 reg=0x038 w=0 width=4 val=0x0
TTY> HV: PCI cfg 00:00.0 reg=0x03c w=0 width=4 val=0x0
TTY> HV: NVMe enable CC=0x460001 ASQS=256 ACQS=256 max=256 backend=1
TTY> CPU_ENTRY cpu=1 mpidr=0x80000001
TTY> HV DIAG ONLINE: cpu=1 mpidr=0x80000001 pc=0xfffff802ff25db20 spsr=0x600000c4
TTY> HV: PCI cfg 00:00.0 reg=0x03c w=1 width=1 val=0x40
TTY> HV: IRQ route enabled vINTID=857 AIC=857
TTY> HV: xHCI route-enable cap=0x1100020 caplen=0x20 dboff=0x4e0 rtsoff=0x440 USBCMD=0x0 USBSTS=0x11 CRCR=0x0 DCBAAP=0x3ffd9000 CONFIG=0x7f IMAN0=0x0 IMOD0=0xfa0 ERSTSZ0=0x4 ERSTBA=0x3ffde000 ERDP=0x3ffdd000 DART0_ERR=0xf0b0000@0x0bfb19793/TCR0=0x80 DART1_ERR=0xf0e0000@0x019bfba90/TCR1=0x80
Event checksum error: dropping type=3 length=16348 wire=0x00000000 expected=0xd0decade computed=0x8ce5b464
TTY>                                                                                                                                                                                                                                                                                                                                                                                                                                                                                                                                                                                                                                                                                                                                                                                                                                                                                                                                                                                                                                                                                                                                                                                                                                                                                                                                                                                                                                                                                                                                                                                                                                                                                                                                                                                                                                                                                                                                                                                                                                                                                                                                                                                                                                                                                                                                                                                                                                                                                                                                                                                                                                                                                                                                                                                                                                                                                                                                                                                                                                                                                                                                                                                                                                                                                                                                                                                                                                                                                                                                                                                                                                                                                                                                                                                                                                                                                                                                                                                                                                                                                                                                                            ÞÊÞÐEvent checksum error: dropping type=3 length=16348 wire=0x00000000 expected=0xd0decade computed=0x90e22064
                                                                                                                                                                                                                                                                                                                                                                                                                                                                                                                                                                                                                                                                                                                                                                                                                                                                                                                                                                                                                                                                                                                                                                                                                                                                                                                                                                                                                                                                                                                                                                                                                                                                                                                                                                                                                                                                                                                                                                                                                                                                                                                                                                                                                                                                                                                                                                                                                                                                                                                                                                                                                                                                                                                                                                                                                                                                                                                                                                                                                                                                                                                                                                                                                                                                                                                                                                                                                                                                                                                                                                                                                                                                                                                                                                                                                                                                                                                                                                                                                                                                                                                                                                                                                                                                                                                                                                                                                                                                                                                                                                                                                                                                                                                                                                                                                                                                                                                                                                                                                                                                                                                                                                                                                                                                                                                                                                                                                                                                                                                                                                                                                                                                                                                                                                                                                                                                                                                                                                                                                                                                                                                                                                                                                                                                                                                                                                                                                                                                                                                                                                                                                                                                                                                                                                                                                                                                                                                                                                                                                                                                                                                                                                                                                                                                                                                                                                                                                                                                                                                                                                                                                                                                                                                                                                                                                                                                                                                                                                                                                                                                                                                                                                                                                                                                                                                                                                                                                                                                                                                                                                                                                                                                                                                                                                                                                                                                                                                                                                                                                                                                                                                                                                                                                                                                                                                                                                                                                                                                                                                ÞÊÞÐEvent checksum error: dropping type=3 length=16348 wire=0x00000000 expected=0xd0decade computed=0x2be809a8
                                                                                                                                                                                                                                                                                                                                                                                                                                                                                                                                                                                                                                                                                                                                                                                                                                                                                                                                                                                                                                                                                                                                                                                                                                                                                                                                                                                                                                                                                                                                                                                                                                                                                                                                                                                                                                                                                                                                                                                                                                                                                                                                                                                                                                                                                                                                                                                                                                                                                                                                                                                                                                                                                                                                                                                                                                                                                                                                                                                                                                                                                                                                                                                                                                                                                                                                                                                                                                                                                                                                                                                                                                                                                                                                                                                                                                                                                                                                                                                                                                                                                                                                                                                                                                                                                                                                                                                                                                                                                                                                                                                                                                                                                                                                                                                                                                                                                                                                                                                                                                                                                                                                                                                                                                                                                                                                                                                                                                                                                                                                                                                                                                                                                                                                                                                                                                                                                                                                                                                                                                                                                                                                                                                                                                                                                                                                                                                                                                                                                                                                                                                                                                                                                                                                                                                                                                                                                                                                                                                                                                                                                                                                                                                                                                                                                                                                                                                                                                                                                                                                                                                                                                                                                                                                                                                                                                                                                                                                                                                                                                                                                                                                                                                                                                                                                                                                                                                                                                                                                                                                                                                                                                                                                                                                                                                                                                                                                                                                                                                                                                                                                                                                                                                                                                                                                                                                                                                                                                                                                                                                                                                                                                                                                                                                                                                                                                                                                                                                                                                                                                                                                                                                                                                                                                                                                                                                                                                                                                                                                                                                                                                                                                                                                                                                                                                                                                                                                                                                                                                                                                                                                                                                                                                                                                                                                                                                                                                                                                                                                                                                                                                                                                                                                                                                                                                                                                                                                                                                                                                                                                                                        ÞÊÞÐEvent checksum error: dropping type=3 length=16348 wire=0x00000000 expected=0xd0decade computed=0x5cd9488c
                                                                                                                                                                                                                                                                                                                                                                                                                                                                                                                                                                                                                                                                                                                                                                                                                                                                                                                                                                                                                                                                                                                                                                                                                                                                                                                                                                                                                                                                                                                                                                                                                                                                                                                                                                                                                                                                                                                                                                                                                                                                                                                                                                                                                                                                                                                                                                                                                                                                                                                                                                                                                                                                                                                                                                                                                                                                                                                                                                                                                                                                                                                                                                                                                                                                                                                                                                                                                                                                                                                                                                                                                                                                    ÞÊÞÐEvent checksum error: dropping type=3 length=16348 wire=0x00000000 expected=0xd0decade computed=0xb68f5df4
                    ÞÊÞÐEvent checksum error: dropping type=3 length=16348 wire=0x00000000 expected=0xd0decade computed=0x4db489d8
                                                                                                                                                                                                                                                                                                                                                                                                                                                                                                                                                                                                                                                                                                                                                                                                                                                                                                                                                                                                                                                                                                                                                                                                                                                                                                                                                                                                                                                                                                                                                                                                                                                                                                                                                                                                                                                                                                                                                                                                                                                                                                                                                                                                                                                                                                                                                                                                                                                                                                                                                                                                                                                                                                                                                                                                                                                                                                                                                                                                                                                                                                                                                                                                                                                                                                                                                                                                                                                                                                                                                                                                                                                                                                                                                                                                                                                                                                                                                                                                                                                                                                                                                                                                                                                                                                                                                                                                                                                                                                                                                                                                                                                                                                                                                                                                                                                                                                                                                                                                                                                                                                                                                                                                                                                                ÞÊÞÐEvent checksum error: dropping type=3 length=16348 wire=0x00000000 expected=0xd0decade computed=0xc762b2e8
                                                                                                                                                                                                                                                                                                                                                                                                                                                                                                                                                                                                                                                                                                                                                                                                                                                                                                                                                                                                                                                                                                                                                                                                                                                                                                                                                                                                                                                                                                                                                                                                                                                                                                                                                                                                                                                                                                                                                                                                                                                                                                                                                                                                                                                                                                                                                                                                                                                                                                                                                                                                                                                                                                                                                                                                                                                                                                                                                                                                                                                                                                                                                                                                                                                                                                                                                                                                                                                                                                                                                                                                                                                                                                                                                                                                                                                                                                                                                                                                                                                                                                                                                                                                                                                                                                                                                                                                                                                                                                                                                                                                                                                                                                                                                                                                                                                                                                                                                                                                                                                                                                                                                                                                                                                                                                                                                                                                                                                                                                                                                                                                                                                                                                                                                                                                                                                                                                                                                                                                                                                                                                                                                                                                                                                                                                                                                                                                                                                                                                                                                                                                                                                                                                                                                                                                                                                                                                                                                                                                                                                                                                                                                                                                                                                                                                                                                                                                                                                                                                                                                                                                                                                                                                                                                                                                                                                                                                                                                                                                                                                                                                                                                                                                                                                                                                                                                                                                                                                                                                                                                                                                                                                                                                                                                                                                                                                                                                                                                                                                                                                                                                                                                                                                                                                                                                                                                                                                                                                                                                                                                                                                                                                                                                                                                                                                                                                                                                                                                                                                                                                                                                                                                                                                                                                                                                                                                                                                                                                                                                                                                                                                                                                                                                                                                                                                                                                ÞÊÞÐEvent checksum error: dropping type=3 length=16348 wire=0x00000000 expected=0xd0decade computed=0xfe6c4c98
                                                                                                                                                                                                                                                                                                                                                                                                                                                                                                                                                                                                                                                                                                                                                                                                                                                                                                                                                                                                                                                                                                                                                                                                                                                                                                                                                                                                                                                                                                                                                                                                                                                                                                                                                                                                                                                                                                                                                                                                                                                                                                                                                                                                                                                                                                                                                                                                                                                                                                                                                                                                                                                                                                                                                                                                                                                                                                                                                                                                                                                                                                                                                                                                                                                                                                                                                                                                                                                                                                                                                                                                                                                                                                                                                                                                                                                                                                                                                                                                                                                                                                                                                                                                                                                                                                                                                                                                                                                                                                                                                                                                                                                                                                                                                                                                                                                                                                                                                                                                                                                                                                                                                                                                                                                                                                                                                                                                                                                                                                                                                                                                                                                                                                                                                                                                                                                                                                                                                                                                                                                                                                                                                                                                                                                                                                                                                                                                                                                                                                                                                                                                                                                                                                                                                                                                                                                                                                                                                                                                                                                                                                                                                                                                                                                                                                                                                                                                                                                                                                                                                                                                                                                                                                                                                                                                                                                                                                                                                                                                                                                                                                                                                                                                                                                                                                                                                                                                                                                                                                                                                                                                                                                                                                                                                                                                                                                                                                                                                                                                                                                                                                                                                                                                                                                                                                                                                                                                                                                                                                                                                                                                                                                                                                                                                                                                                                                                                                                                                                                                                                                                                                                                                                                                                                                                                                                                                                                                                                                                                                                                                                                                                                                                                                                                                                                                                                                                                                                                                                                                                                                                                                                                                                                                                                                                                                                                                                                                                                                                                                                                                                                                                                                                                                                                                                                                                                                                                                                                                                                                                                                                                                                                                                                                                                                                                                                                                                                                                                                                                                                                                                                                                                                                                                                                                                                                                                                                                                                                                                                                                                                                                                                                                                                                                                                                                                                                                                                                                                                                                                                                                                                                                                                                                                                                                                                                                                                                            ÞÊÞÐEvent checksum error: dropping type=3 length=16348 wire=0x00000000 expected=0xd0decade computed=0xd5f83998
                                                                                                                                                                                                                                                                                                                                                                                                                                                                                                                                                                                                                                                                                                                                                                                                                                                                                                                                                                                                                                                                                                                                                                                                                                                                                                                                                                                                                                                                                                                                                                                                                                                                                                                                                                                                                                                                                                                                                                                                                                                                                                                                                                                                                                                                                                                                                                                                                                                                                                                                                                                                                                                                                                                                                                                                                                                                                                                                                                                                                                                                                                                                                                                                                                                                                                                                                                                                                                                                                                                                                                                                                                                                                                                                                                                                                                                                                                                                                                                                                                                                                                                                                                                                                                                                                                                                                                                                                                                                                                                                                                                                                                                                                                                                                                                                                                                                                                                                                                                                                                                                                                                                                                                                                                                                                                                                                                                                                                                                                                                                                                                                                                                                                                                                                                                                                                                                                                                                                                                                                                                                                                                                                                                                                                                                                                                                                                                                                                                                                                                                                                                                                                                                                                                                                                                                                                                                                                                                                                                                                                                                                                                                                                                                                                                                                                                                                                                                                                                                                                                                                                                                                                                                                                                                                                                                                                                                                                                                                                                                                                                                                                                                                                                                                                                                                                                                                                                                    ÞÊÞÐEvent checksum error: dropping type=3 length=16348 wire=0x00000000 expected=0xd0decade computed=0x517cb548
                                                                                                                                                                                                                                                                                                                                                                                                                                                                                                                                                                                                                                                                                                                                                                                                                                                                                                                                                                                                                                                                                                                                                                                                                                                                                                                                                                                                                                                                                                                                                                                                                                                                                                                                                                                                                                                                                                                                                                                                                                                                                                                                                                                                                                                                                                                                                                                                                                                                                                                                                                                                                                                                                                                                                                                                                                                                                                                                                                                                                                                                                                                                                                                                                                                                                                                                                                                                                                                                                                                                                                                                                                                                                                                                                                                                                                                                                                                                                                                                                                                                                                                                                                                                                                                                                                                                                                                                                                                                                                                                                                                                                                                                                                                                                                                                                                                                                                                                                                                                                                                                                                                                                                                                                                                                                                                                                                                                                                                                                                                                                                                                                                                                                                                                                                                                                                                                                                                                                                                                                                                                                                                                                                                                                                                                                                                                                                                                                                                                                                                                                                                                                                                                                                                                                                                                                                                                                                                                                                                                                                                                                                                                                                                                                                                                                                                                                                                                                                                                                                                                                                                                                                                                                                                                                                                                                                                                                                                                                                                                                                                                                                                                                                                                                                                                                                                                                                                                                                                                                                                                                                                                                                                                                                                                                                                                                                                                                                                                                                                                                                                                                                                                                                                                                                                                                                                                                                                                                                                                                                                                                                                                                                                                                                                                                                                                                                                                                                                                                                                                                                            ÞÊÞÐHV: User interrupt; pre-rendezvous watchdog snapshot
TTY> HV WATCHDOG CPU: cpu=0 pc=0xfffff802ff50e324 spsr=0x400011c4 cntpct=0x4e1149598 cntvct=0x4e1149598 cntvoff=0x0 pctl=0x4 pcval=0x3bb1a1c35 vctl=0x5 vcval=0x3eeefc7ed vm_tmr=0x2 hcr=0x32480040039 ich_hcr=0x1405 ich_vmcr=0xf04c000b isr=0x0 pinj=0 vinj=1 tq=0 iq=0 pend=0x0 q=18956 ipi=18956 drain=18956 inj=18946 repend=10 no_lr=0 iar=18956 eoi=18956 ap_eoi=10 last_sgi=0<-1 last_iar=0@0x3eef478e0 last_eoi=0@0x3eef47936 marker=0x7866465878664658 lrc=8 lr0=0x9080020000000040 lr1=0x0 lr2=0x9020020000000012 lr3=0x0HV WATCHDOG CPU: cpu=1 pc=0xfffff802ff5182fc spsr=0x600000c4 cntpct=0x4e0fbf137 cntvct=0x4e0fbf137 cntvoff=0x0 pctl=0x7 pcval=0x0 vctl=0x5 vcval=0x4e0fbf12a vm_tmr=0x2 hcr=0x324800400b9 ich_hcr=0x1405 ich_vmcr=0xf04c000b isr=0x0 pinj=0 vinj=1 tq=0 iq=0 pend=0x0 q=17906 ipi=17906 drain=17906 inj=17893 repend=13 no_lr=0 iar=17906 eoi=17906 ap_eoi=13 last_sgi=0<-2 last_iar=18@0x4e0fb357d last_eoi=18@0x4e0fb35c2 marker=0x53612373536d2373 lrc=8 lr0=0x5020020000000012 lr1=0x9080020000000359 lr2=0x0 lr3=0x0 lr4=0HV WATCHDOG CPU: cpu=2 pc=0xfffff802ff50e324 spsr=0x400011c4 cntpct=0x4e0f854b2 cntvct=0x4e0f854b2 cntvoff=0x0 pctl=0x7 pcval=0x0 vctl=0x1 vcval=0x4e0f873a5 vm_tmr=0x3 hcr=0x32480040039 ich_hcr=0x1405 ich_vmcr=0xf04c000b isr=0x0 pinj=0 vinj=0 tq=0 iq=0 pend=0x0 q=18842 ipi=18842 drain=18842 inj=18817 repend=25 no_lr=0 iar=18842 eoi=18842 ap_eoi=25 last_sgi=0<-1 last_iar=18@0x4e0f7d0b6 last_eoi=18@0x4e0f7d0f7 marker=0x53612373536d2373 lrc=8 lr0=0x0 lr1=0x0 lr2=0x0 lr3=0x0 lr4=0x0 lr5=0x0 lr6=0x0 lr7=0x0
TTY> HV WATCHDOG CPU: cpu=3 pc=0xfffff802ff50e320 spsr=0x40001144 cntpct=0x4e0fee3b9 cntvct=0x4e0fee3b9 cntvoff=0x0 pctl=0x7 pcval=0x0 vctl=0x5 vcval=0x3eeefbda6 vm_tmr=0x2 hcr=0x32480040039 ich_hcr=0x1405 ich_vmcr=0xf04c000b isr=0x0 pinj=0 vinj=1 tq=0 iq=0 pend=0x0 q=17006 ipi=17005 drain=17005 inj=16979 repend=26 no_lr=0 iar=17005 eoi=17005 ap_eoi=26 last_sgi=0<-2 last_iar=0@0x3fe7eaa2b last_eoi=0@0x3fe7eaa5c marker=0x53612373536d2373 lrc=8 lr0=0x0 lr1=0x9020020000000012 lr2=0x0 lr3=0x0 lr4=0x0 lr5=0x0 lr6=0xHV WATCHDOG CPU: cpu=4 pc=0xfffff802ff50e2f8 spsr=0x600013c4 cntpct=0x4e09f2083 cntvct=0x4e09f2083 cntvoff=0x0 pctl=0x7 pcval=0x0 vctl=0x5 vcval=0x3ee514390 vm_tmr=0x2 hcr=0x32480040039 ich_hcr=0x1405 ich_vmcr=0xf04c000b isr=0x0 pinj=0 vinj=1 tq=0 iq=0 pend=0x0 q=12190 ipi=12189 drain=12189 inj=12185 repend=4 no_lr=0 iar=12189 eoi=12189 ap_eoi=4 last_sgi=0<-1 last_iar=0@0x3eef47936 last_eoi=0@0x3eef4798c marker=0x53612373536d2373 lrc=8 lr0=0x0 lr1=0x9020020000000012 lr2=0x0 lr3=0x0 lr4=0x0 lr5=0x0 lr6=0x0 HV WATCHDOG CPU: cpu=5 pc=0xfffff802ff50e320 spsr=0x40001044 cntpct=0x4e10eaa16 cntvct=0x4e10eaa16 cntvoff=0x0 pctl=0x7 pcval=0x0 vctl=0x5 vcval=0x3ebe36f9a vm_tmr=0x2 hcr=0x32480040039 ich_hcr=0x1405 ich_vmcr=0xf04c000b isr=0x0 pinj=0 vinj=1 tq=0 iq=0 pend=0x0 q=12358 ipi=12357 drain=12357 inj=12354 repend=3 no_lr=0 iar=12357 eoi=12357 ap_eoi=3 last_sgi=0<-1 last_iar=0@0x3eef4795b last_eoi=0@0x3eef479ae marker=0x53612373536d2373 lrc=8 lr0=0x9020020000000012 lr1=0x0 lr2=0x0 lr3=0x0 lr4=0x0 lr5=0x0 lr6=0x0 HV WATCHDOG CPU: cpu=6 pc=0xfffff802ff50e324 spsr=0x400000c4 cntpct=0x4e0d76041 cntvct=0x4e0d76041 cntvoff=0x0 pctl=0x7 pcval=0x0 vctl=0x5 vcval=0x3ed818320 vm_tmr=0x2 hcr=0x32480040039 ich_hcr=0x1405 ich_vmcr=0xf04c000b isr=0x0 pinj=0 vinj=1 tq=0 iq=0 pend=0x0 q=12375 ipi=12374 drain=12374 inj=12372 repend=2 no_lr=0 iar=12374 eoi=12374 ap_eoi=2 last_sgi=0<-1 last_iar=0@0x3eef47942 last_eoi=0@0x3eef4798f marker=0x53612373536d2373 lrc=8 lr0=0x0 lr1=0x9020020000000012 lr2=0x0 lr3=0x0 lr4=0x0 lr5=0x0 lr6=0x0 HV WATCHDOG CPU: cpu=7 pc=0xfffff802ff50e320 spsr=0x40001144 cntpct=0x4e0a86d5e cntvct=0x4e0a86d5e cntvoff=0x0 pctl=0x7 pcval=0x0 vctl=0x5 vcval=0x3eeeef7f5 vm_tmr=0x2 hcr=0x32480040039 ich_hcr=0x1405 ich_vmcr=0xf04c000b isr=0x0 pinj=0 vinj=1 tq=0 iq=0 pend=0x0 q=12261 ipi=12260 drain=12260 inj=12259 repend=1 no_lr=0 iar=12260 eoi=12260 ap_eoi=1 last_sgi=0<-1 last_iar=0@0x3eef47955 last_eoi=0@0x3eef479a1 marker=0x53612373536d2373 lrc=8 lr0=0x9020020000000012 lr1=0x0 lr2=0x0 lr3=0x0 lr4=0x0 lr5=0x0 lr6=0x0 [cpu0] User interrupt
HOST CONTROL: diagnostic snapshot captured; continuing guest
HV: User interrupt; pre-rendezvous watchdog snapshot
TTY> HV WATCHDOG CPU: cpu=0 pc=0xfffff802ff50e310 spsr=0x40001144 cntpct=0x4fdc17c40 cntvct=0x4fdc17c40 cntvoff=0x5a1f3c pctl=0x4 pcval=0x3bb1a1c35 vctl=0x5 vcval=0x3eeefc7ed vm_tmr=0x2 hcr=0x32480040039 ich_hcr=0x1405 ich_vmcr=0xf04c000b isr=0x0 pinj=0 vinj=1 tq=0 iq=0 pend=0x0 q=18956 ipi=18956 drain=18956 inj=18946 repend=10 no_lr=0 iar=18956 eoi=18956 ap_eoi=10 last_sgi=0<-1 last_iar=0@0x3eef478e0 last_eoi=0@0x3eef47936 marker=0x7866465878664658 lrc=8 lr0=0x9080020000000040 lr1=0x0 lr2=0x9020020000000012 lrHV WATCHDOG CPU: cpu=1 pc=0xfffff802ff518318 spsr=0x600000c4 cntpct=0x4fdc4356d cntvct=0x4fdc4356d cntvoff=0x5a1f3c pctl=0x7 pcval=0x0 vctl=0x1 vcval=0x4fd6a2e52 vm_tmr=0x3 hcr=0x32480040039 ich_hcr=0x1405 ich_vmcr=0xf04c000b isr=0x0 pinj=0 vinj=0 tq=0 iq=0 pend=0x0 q=17906 ipi=17907 drain=17906 inj=17893 repend=13 no_lr=0 iar=17906 eoi=17906 ap_eoi=13 last_sgi=0<-2 last_iar=18@0x4fdc3aa42 last_eoi=18@0x4fdc3aa86 marker=0x53612373536d2373 lrc=8 lr0=0x0 lr1=0x9080020000000359 lr2=0x0 lr3=0x0 lr4=0x0 lr5=0x0HV WATCHDOG CPU: cpu=2 pc=0xfffff802ff50e320 spsr=0x40001144 cntpct=0x4fdb2fe6d cntvct=0x4fdb2fe6d cntvoff=0x5a1f3c pctl=0x7 pcval=0x0 vctl=0x5 vcval=0x4fd58df24 vm_tmr=0x2 hcr=0x324800400b9 ich_hcr=0x1405 ich_vmcr=0xf04c000b isr=0x0 pinj=0 vinj=1 tq=0 iq=0 pend=0x0 q=18842 ipi=18843 drain=18842 inj=18817 repend=25 no_lr=0 iar=18842 eoi=18842 ap_eoi=25 last_sgi=0<-1 last_iar=18@0x4fdb25b13 last_eoi=18@0x4fdb25b57 marker=0x53612373536d2373 lrc=8 lr0=0x5020020000000012 lr1=0x0 lr2=0x0 lr3=0x0 lr4=0x0 lr5=0x0HV WATCHDOG CPU: cpu=3 pc=0xfffff802ff50e320 spsr=0x40001144 cntpct=0x4fdb71d5e cntvct=0x4fdb71d5e cntvoff=0x5a1f3c pctl=0x7 pcval=0x0 vctl=0x5 vcval=0x3eeefbda6 vm_tmr=0x2 hcr=0x32480040039 ich_hcr=0x1405 ich_vmcr=0xf04c000b isr=0x0 pinj=0 vinj=1 tq=0 iq=0 pend=0x0 q=17006 ipi=17006 drain=17005 inj=16979 repend=26 no_lr=0 iar=17005 eoi=17005 ap_eoi=26 last_sgi=0<-2 last_iar=0@0x3fe7eaa2b last_eoi=0@0x3fe7eaa5c marker=0x536d237346587866 lrc=8 lr0=0x0 lr1=0x9020020000000012 lr2=0x0 lr3=0x0 lr4=0x0 lr5=0x0 lHV WATCHDOG CPU: cpu=4 pc=0xfffff802ff50e324 spsr=0x400013c4 cntpct=0x4fd545faa cntvct=0x4fd545faa cntvoff=0x5a1f3c pctl=0x7 pcval=0x0 vctl=0x5 vcval=0x3ee514390 vm_tmr=0x2 hcr=0x32480040039 ich_hcr=0x1405 ich_vmcr=0xf04c000b isr=0x0 pinj=0 vinj=1 tq=0 iq=0 pend=0x0 q=12190 ipi=12190 drain=12189 inj=12185 repend=4 no_lr=0 iar=12189 eoi=12189 ap_eoi=4 last_sgi=0<-1 last_iar=0@0x3eef47936 last_eoi=0@0x3eef4798c marker=0x536d237346587866 lrc=8 lr0=0x0 lr1=0x9020020000000012 lr2=0x0 lr3=0x0 lr4=0x0 lr5=0x0 lr6HV WATCHDOG CPU: cpu=5 pc=0xfffff802ff50e320 spsr=0x40001044 cntpct=0x4fcdb847c cntvct=0x4fcdb847c cntvoff=0x5a1f3c pctl=0x7 pcval=0x0 vctl=0x5 vcval=0x3ebe36f9a vm_tmr=0x2 hcr=0x32480040039 ich_hcr=0x1405 ich_vmcr=0xf04c000b isr=0x0 pinj=0 vinj=1 tq=0 iq=0 pend=0x0 q=12358 ipi=12358 drain=12357 inj=12354 repend=3 no_lr=0 iar=12357 eoi=12357 ap_eoi=3 last_sgi=0<-1 last_iar=0@0x3eef4795b last_eoi=0@0x3eef479ae marker=0x536d237346587866 lrc=8 lr0=0x9020020000000012 lr1=0x0 lr2=0x0 lr3=0x0 lr4=0x0 lr5=0x0 lr6HV WATCHDOG CPU: cpu=6 pc=0xfffff802ff50e320 spsr=0x40000044 cntpct=0x4fd8ef879 cntvct=0x4fd8ef879 cntvoff=0x5a1f3c pctl=0x7 pcval=0x0 vctl=0x5 vcval=0x3ed818320 vm_tmr=0x2 hcr=0x32480040039 ich_hcr=0x1405 ich_vmcr=0xf04c000b isr=0x0 pinj=0 vinj=1 tq=0 iq=0 pend=0x0 q=12375 ipi=12375 drain=12374 inj=12372 repend=2 no_lr=0 iar=12374 eoi=12374 ap_eoi=2 last_sgi=0<-1 last_iar=0@0x3eef47942 last_eoi=0@0x3eef4798f marker=0x536d237346587866 lrc=8 lr0=0x0 lr1=0x9020020000000012 lr2=0x0 lr3=0x0 lr4=0x0 lr5=0x0 lr6HV WATCHDOG CPU: cpu=7 pc=0xfffff802ff50e320 spsr=0x40001144 cntpct=0x4fd5f5c51 cntvct=0x4fd5f5c51 cntvoff=0x5a1f3c pctl=0x7 pcval=0x0 vctl=0x5 vcval=0x3eeeef7f5 vm_tmr=0x2 hcr=0x32480040039 ich_hcr=0x1405 ich_vmcr=0xf04c000b isr=0x0 pinj=0 vinj=1 tq=0 iq=0 pend=0x0 q=12261 ipi=12261 drain=12260 inj=12259 repend=1 no_lr=0 iar=12260 eoi=12260 ap_eoi=1 last_sgi=0<-1 last_iar=0@0x3eef47955 last_eoi=0@0x3eef479a1 marker=0x536d237346587866 lrc=8 lr0=0x9020020000000012 lr1=0x0 lr2=0x0 lr3=0x0 lr4=0x0 lr5=0x0 lr6[cpu0] User interrupt
HOST CONTROL: diagnostic snapshot captured; continuing guest
Event checksum error: dropping type=3 length=16348 wire=0x00000000 expected=0xd0decade computed=0x5c13eea9
                                                                                                                                                                                                                                                                                                                                                                                                                                                                                                                                                                                                                                                                                                                                                                                                                                                                                                                                                                                                                                                                                                                                                                                                                                                                                                                                                                                                                                                                                                                                                                                                                                                                                                                                                                                                                                                                                                                                                                                                                                                                                                                                                                                                                                                                                                                                                                                                                                                                                                                                                                                                                                                                                                                                                                                                                                                                                                                                                                                                                                                                                                                                                                                                                                                                                                                                                                                                                                                                                                                                                                                                                                                                                                                                                                                                                                                                                                                                                                                                                                                                                                                                                                                                                                                                                                                                                                                                                                                                                                                                                                                                                                                                                                                                                                                                                                                                                                                                                                                                                                                                                                                                                                                                                                                                                                                                                                                                                                                                                                                                                                                                                                                                                                                                                                                                                                                                                                                                                                                                                                                                                                                                                                                                                                                                                                                                                                                                                                                                                                                                                                                                                                                                                                                                                                                                                                                                                                                                                                                                                                                                                                                                                                                                                                                                                                                                                                                                                                                                                                                                                                                                                                                                                                                                                                                                                                                                                                                                                                                                                                                                                                                                                                                                                                                                                                                                                                                                                                                                                                                                                                                                                                                                                                                                                                                                                                                                                                                                                                                                                                                                                                                                                                                                                                                                                                                                                                                                                                                                                                                                       ÞÊÞÐEvent checksum error: dropping type=3 length=16348 wire=0x00000000 expected=0xd0decade computed=0xd91cf211
                                                                                                                                                                                                                                                                                                                                                                                                                                                                                                                                                                                                                                                                                                                                                                                                                                                                                                                                                                                                                                                                                                                                                                                                                                                                                                                                                                                                                                                                                                                                                                                                                                                                                                                                                                                                                                                                                                                                                                                                                                                                                                                                                                                                                                                                                                                                                                                                                                                                                                                                                                                                                                                                                                                                                                                                                                                                                                                                                                                                                                                                                                                                                                                                                                                                                                                                                                                                                                                                                                                                                                                                                                                                                                                                                                                                                                                                                                                                                                                                                                                                                                                                                                                                                                                                                                                                                                                                                                                                                                                                                                                                                                                                                                                                                                                                                                                                                                                                                                                                                                                                                                                                                                                                                                                                                                                                                                                                                                                                                                                                                                                                                                                                                                                                                                                                                                                                                                                                                                                                                                                                                                                                                                                                                                                                                                                                                                                                                                                                                                                                                                                                                                                                                                                                                                                                                                                                                                                                                                                                                                                                                                                                                                                                                                                                                                                                                                                                                                                                                                                                                                                                                                                                                                                                                                                                                                                                                                                                                                                                                                                                                                                                                                                                                                                                                                                                                                                                                                                                                                                                                                                                                                                                                                                                                                                                                                                                                                                                                                                                                                                                                                                                                                                                                                                                                                                                                                                                                                                                                                                                                                                                                                                                                                                                                                                                                                                                                                                                                                                                                                                                                                                                                                                                                                                                                                                                                                                                                                                                                                                                                                                                                                                                                                                                                                                                                                                                                                                                                                                                                                                                                                                                                                                                                                                                                                                                                                                                                                                                                                                                                                                                                                                                                                                                                                                                                                                                                                                                                                                                                                                                                                                                                                                                                                                                                                                                                                                                                                                                                                                                                                                                                                                                                                                                                                                                                                                                                                                                                                                                                                                                                                                                                                                                                                                                                                                                                                                                                                                                                                                                                                                                                                                                                                                                                                                                                                                                                                                                                                                                                                                                                                                                                                                                                                                                                                                                                                                                                                                                                                                                                                                                                                                                                                                                                                                                                                                                                                                                                                                                                                                                                                                                                                                                                                                                                                                                                                                                                                                                                                                                                                                                                                                                                                                                                                                                                                                                                                                                                                                                                                                                                                                                                                                                                                                                                                                                                                                                                                                                                                                                                                                                                                                                                                                                                                                                                                                                                                                                                                                                                                                                                                                                                                                                                                                                                                                                                                                                                                                                                                                                                                                                                                                                                                                                                                                                                                                                                                                                                                                                                                                                                                                                                                                                                                                                                                                                                                                                                                                                                                                                                                                                                                                                                                                                                                                                                                                                                                                                                                                                                                                                                                                                                                                                                                                                                                                                                                                                                                                                                                                                                                                                                                                                                                                                                                                                                                                                                                                                                                                                                                                                                                                                                                                                                                                                                                                                                                                                                                                                                                                                                                                                                                                                                                                                                                                                                                                                                                                                                                                                                                                                                                                                                                                                                                                                                                                                                                                                                                                                                                                                                                                                                                                                                                                                                                                                                                                                                                                                                                                                                                                                                                                                                                                                                                                                                                                                                                                                                                                                                                                                                                                                                                                                                                                                                                                                                                                                                                                                                                                                                                                                                                                                                                                                                                                                                                                                                                                                                                                                                                                                                                                                                                                                                                                                                                                                                                                                                                                                                                                                                                                                                                                                                                                                                                                                                                                                                                                                                                                                                                                                                                                                                                                                          ÞÊÞÐEvent checksum error: dropping type=3 length=16348 wire=0x00000000 expected=0xd0decade computed=0xe4d0b559
                                                                                                                                                                                                                                                                                                                                                                                                                                                                                                                                                                                                                                                                                                                                                                                                                                                                                                                                                                                                                                                                                                                                                                                                                                                                                                                                                                                                                                                                                                                                                                                                                                                                                                                                                                                                                                                                                                                                                                                                                                                                                                                                                                                                                                                                                                                                                                                                                                                                                                                                                                                                                                                                                                                                                                                                                                                                                                                                                                                                                                                                                                                                                                                                                                                                                                                                                                                                                                                                                                                                                                                                                                                                                                                                                                                                                                                                                                                                                                                                                                                                                                                                                                                                                                                                                                                                                                                                                                                                                                                                                                                                                                                                                                                                                                                                                                                                                                                                                                                                                                                                                                                                                                                                                                                                                                                                                                                                                                                                                                                                                                                                                                                                                                                                                                                                                                                                                                                                                                                                                                                                                                                                                                                                                                                                                                                                                                                                                                                                                                                                                                                                                                                                                                                                                                                                                                                                                                                                                                                                                                                                                                                                                                                                                                                                                                                                                                                                                                                                                                                                                                                                                                                                                                                                                                                                                                                                                                                                                                                                                                                                                                                                                                                                                                                                                                                                                                                                                                                                                                                                                                                                                                                                                                                                                                                                                                                                                                                                                                                                                                                                                                                                                                                                                                                                                                                                                                                                                                                                                                                                                                                                                                                                                                                                                                                                                                                                                                                                                                                                                                                                                                                                                                                                                                                                                                                                                                                                                                                                                                                                                                                                                                                                                                                                                                                                                                                                                                                                                                                                                                                                                                                                                                                                                                                                                                                                                                                                                                                                                                                                                                                                                                                                                                                                                                                                                                                                                                                                                                                                                                                                                                                                                                                                                                                                                                                                                                                                                                                                                                                                                                                                                                                                                                                                                                                                                                                                                                                                                                                                                                                                                                                                                                                                                                                                                                                                                                                                                                                                                                                                                                                                                                                                                                                                                                                                                                                                                                                                                                                                                                                                                                                                                                                                                                                                                                                                                                                                                                                                                                                                                                                                                                                                                                                                                                                                                                                                                                                                                                                                                                                                                                                                                                                                                                                                                                                                                                                                                                                                                                                                                                                                                                                                                                                                                                                                                                                                                                                                                                                                                                                                                                                                                                                                                                                                                                                                                                                                                                                                                                                                                                                                                                                                                                                                                                                                                                                                                                                                                                                                                                                                                                                                                                                                                                                                                                                                                                                                                                                                                                                                                                                                                                                                                                                                                                                                                                                                                                                                                                                                                                                                                                                                                                                                                                                                                                                                                                                                                                                                                                                                                                                                                                                                                                                                                                                                                                                                                                                                                                                                                                                                                                                                                                                                                                                                                                                                                                                                                                                                                                                                                                                                                                                                                                                                                                                                                                                                                                                                                                                                                                                                                                                                                                                                                                                                                                                                                                                                                                                                                                                                                                                                                                                                                                                                                           ÞÊÞÐEvent checksum error: dropping type=3 length=16348 wire=0x00000000 expected=0xd0decade computed=0x99712e76
                                                                                                                                                                                                                                                                                                                                                                                                                                                                                                                                                                                                                                                                                                                                                                                                                                                                                                                                                                                                                                                                                                                                                                                                                                                                                                                                                                                                                                                                                                                                                                                                                                                                                                                                                                                                                                                                                                                                                                                                                                                                                                                                                                                                                                                                                                                                                                                                                                                                                                                                                                                                                                                                                                                                                                                                                                                                                                                                                                                                                                                                                                                                                                                                                                                                                                                                                                                                                                                                                                                                                                                                                                                                                                                                                                                                                                                                                                                                                                                                                                                                                                                                                                                                                                                                                                                                                                                                                                                                                                                                                                                                                                                                                                                                                                                                                                                                                                                                                                                                                                                                                                                                                                                                                                                                                                                                                                                                                                                                                                                                                                                                                                                                                                                                                                                                                                                                                                                                                                                                                                                                                                                                                                                                                                                                                                                                                                                                                                                                                                                                                                                                                                                                                                                                                                                                                                                                                                                                                                                                                                                                                                                                                                                                                                                                                                                                                                                                                                                                                                                                                                                                                                                                                                                                                                                                                                                                                                                                                                                                                                                                                                                                                                                                                                                                                                                                                                                                                                                                                                                                                                                                                                                                                                                                                                                                                                                                                                                                                                                                                                                                                                                                                                                                                                                                                                                                                                                                                                                                                                                                                                                                                                                                                                                                                                                                                                                                                                                                                                                                                                                                                                                                                                                                                                                                                                                                                                                                                                                                                                                                                                                                                                                                                                                                                                                                                                                                                                                                                                                                                                                                                                                                                                                                                                                                                                                                                                                                                                                                                                                                                                                                                                                                                                                                                                                                                                                                                                                                                                                                                                                                                                                                                                                                                                                                                                                                                                                                                                                                                                                                                                                                                                                                                                                                                                                                                                                                                                                                                                                                                                                                                                                                                                                                                                                                                                                                                                                                                                                                                                                                                                                                                                                                                                                                                                                                                                                                                                                                                                                                                                                                                                                                                                                                                                                                                                                                                                                                                                                                                                                                                                                                                                                                                                                                                                                                                                                                                                                                                                                                                                                                                                                                                                                                                                                                                                                                                                                                                                                                                                                                                                                                                                                                                                                                                                                                                                                                                                                                                                                                                                                                                                                                                                                                                                                                                                                                                                                                                                                                                                                                                                                                                                                                                                                                                                                                                                                                                                                                                                                                                                                                                                                                                                                                                                                                                                                                                                                                                                                                                                                                                                                                                                                                                                                                                                                                                                                                                                                                                                                                                                                                                                                                                                                                                                                                                                                                                                                                                                                                                                                                                                                                                                                                                                                                                                                                                                                                                                                                                                                                                                                                                                                                                                                                                                                                                                                                                                                                                                                                                                                                                                                                                                                                                                                                                                                                                                                                                                                                                                                                                                                                                                                                                                                                                                                                                                                                                                                                                                                                                                                                                                                                                                                                                                                                                                                                                                                                                                                                                                                                                                                                                                                                                                                                                                                                                                                                                                                                                                                                                                                                                                                                                                                                                                                                                                                                                                                                                                                                                                                                                                                                                                                                                                                                                                                                                                                                                                                                                                                                                                                                                                                                                                                                                                                                                                                                                                                                                                                                                                                                                                                                                                                                                                                                                                                                                                                                                                                                                                                                                                                                                                                                                                                                                                                                                                                                                                                                                                                                                                                                                                                                                                                                                                                                                                                                                                                                                                                                                                                                                                                                                                                                                                                                                                                                                                                                                                                ÞÊÞÐEvent checksum error: dropping type=3 length=16348 wire=0x00000000 expected=0xd0decade computed=0x68a96fe9
                                                                                                                                                                                                                                                                                                                                                                                                                                                                                                                                                                                                                                                                                                                                                                                                                                                                                                                                                                                                                                                                                                                                                                                                                                                                                                                                                                                                                                                                                                                                                                                                                                                                                                                                                                                                                                                                                                                                                                                                                                                                                                                                                                                                                                                                                                                                                                                                                                                                                                                                                                                                                                                                                                                                                                                                                                                                                                                                                                                                                                                                                                                                                                                                                                                                                                                                                                                                                                                                                                                                                                                                                                                                                                                                                                                                                                                                                                                                                                                                                                                                                                                                                                                                                                                                                                                                                                                                                                                                                                                                                                                                                                                                                                                                                                                                                                                                                                                                                                                                                                                                                                                                                                                                                                                                                                                                                                                                                                                                                                                                                                                                                                                                                                                                                                                                                                                                                                                                                                                                                                                                                                                                                                                                                                                                                                                                                                                                                                                                                                                                                                                                                                                                                                                                                                                                                                                                                                                                                                                                                                                                                                                                                                                                                                                                                                                                                                                                                                                                                                                                                                                                                                                                                                                                                                                                                                                                                                                                                                                                                                                                                                                                                                                                                                                                                                                                                                                                                                            ÞÊÞÐEvent checksum error: dropping type=3 length=16348 wire=0x00000000 expected=0xd0decade computed=0x81c1d80e
                                                                                                                                                                                                                                                                                                                                                                                                                                                                                                                                                                                                                                                                                                                                                                                                                                                                                                                                                                                                                                                                                                                                                                                                                                                                                                                                                                                                                                                                                                                                                                                                                                                                                                                                                                                                                                                                                                                                                                                                                                                                                                                                                                                                                                                                                                                                                                                                                                                                                                                                                                                                                                                                                                                                                                                                                                                                                                                                                                                                                                                                                                                                                                                                                                                                                                                                                                                                                                                                                                                                                                                                                                                                                                                                                                                                                                                                                                                                                                                                                                                                                                                                                                                                                                                                                                                                                                                                                                                                                                                                                                                                                                                                                                                                                                                                                                                                                                                                                                                                                                                                                                                                                                                                                                                                                                                                                                                                                                                                                                                                                                                                                                                                                                                                                                                                                                                                                                                                                                                                                                                                                                                                                                                                                                                                                                                                                                                                                                                                                                                                                                                                                                                                                                                                                                                                                                                                                                                                                                                                                                                                                                                                                                                                                                                                                                                                                                                                                                                                                                                                                                                                                                                                                                                                                                                                                                                                                                                                                                                                                                                                                                                                                                                                                                                                                                                                                                                                                                                                                                                                                                                                                                                                                                                                                                                                                                                                                                                                                                                                                                                                                                                                                                                                                                                                                                                                                                                                                                                                                                                                                                                                                                                                                                                                                                                                                                                                                                                                                                                                                                                                                                                                                                                                                                                                                                                                                                                                                                                                                                                                                                                                                                                                                                                                                                                                                                                                                                                                                                                                                                                                                                                                                                                                                                                                                                                                                                                                                                                                                                                                                                                                                                                                                                                                                                                                                                                                                                                                                                                                                                                                                                                                                                                                                                                                                                                                                                                                                                                                                                                                                                                                                                                                                                                                                                                                                                                                                                                                                                                                                                                                                                                                                                                                                                                                                                                                                                                                                                                                                                                                                                                                                                                                                                                                                                                                                                                                                                                                                                                                                                                                                                                                                                                                                                                                                                                                                                                                                                                                                                                                                                                                                                                                                                                                                                                                                                                                                                                                                                                                                                                                                                                                                                                                                                                                                                                                                                                                                                                                                                                                                                                                                                                                                                                                                                                                                                                                                                                                                                                                                                                                           ÞÊÞÐEvent checksum error: dropping type=3 length=16348 wire=0x00000000 expected=0xd0decade computed=0x2bedb54e
                                                                                                                                                                                                                                                                                                                                                                                                                                                                                                                                                                                                                                                                                                                                                                                                                                                                                                                                                                                                                                                                                                                                                                                                                                                                                                                                                                                                                                                                                                                                                                                                                                                                                                                                                                                                                                                                                                                                                                                                                                                                                                                                                                                                                                                                                                                                                                                                                                                                                                                                                                                                                                                                                                                                                                                                                                                                                                                                                                                                                                                                                                                                                                                                                                                                                                                                                                                                                                                                                                                                                                                                                                                                                                                                                                                                                                                                                                                                                                                                                                                                                                                                                                                                                                                                                                                                                                                                                                                                                                                                                                                                                                                                                                                                                                                                                                                                                                                                                                                                                                                                                                                                                                                                                                                                                                                                                                                                                                                                                                                                                                                                                                                                                                                                                                                                                                                                                                                                                                                                                                                                                                                                                                                                                                                                                                                                                                                                                                                                                                                                                                                                                                                                                                                                                                                                                                                                                                                                                                                                                                                                                                                                                                                                                                                                                                                                                                                                                                                                                                                                                                                                                                                                                                                                                                                                                                                                                                                                                                                                                                                                                                                                                                                                                                                                                                                                                                                                                                                                                                                                                                                                                                                                                                                                                                                                                                                                                                                                                                                                                                                                                                                                                                                                                                                                                                                                                                                                                                                                                                                                                                                                                                                                                                                                                                                                                                                                                                                                                                                                                                                                                                                                                                                                                                                                                                                                                                                                                                                                                                                                                                                                                                                                                                                                                                                                                                                                                                                                                                                                                                                                                                                                                                                                                                                                                                                                                                                                                                                                                                                                                                                                                                                                                                                                                                                                                                                                                                                                                                                                                                                                                                                                                                                                                                                                                                                                                                                                                                                                                                                                                                                                                                                                                                                                                                                                                                                                                                                                                                                                                                                                                                                                                                                                                                                                                                                                                                                                                                                                                                                                                                                                                                                                                                                                                                                                                                                                                                                                                                                                                                                                                                                                                                                                                                                                                                                                                                                                                                                                                                                                                                                                                                                                                     ÞÊÞÐEvent checksum error: dropping type=3 length=16348 wire=0x00000000 expected=0xd0decade computed=0x529a8fae
                                                                                                                                                                                                                                                                                                                                                                                                                                                                                                                                                                                                                                                                                                                                                                                                                                                                                                                                                                                                                                                                                                                                                                                                                                                                                                                                                                                                                                                                                                                                                                                                                                                                                                                                                                                                                                                                                                                                                                                                                                                                                                                                                                                                                                                                                                                                                                                                                                                                                                                                                                                                                                                                                                                                                                                                                                                                                                                                                                                                                                                                                                                                                                                                                                                                                                                                                                                                                                                                                                                                                                                                                                                                                                                                                                                                                                                                                                                                                                                                                                                                                                                                                                                                                                                                                                                                                                                                                                                                                                                                                                                                                                                                                                                                                                                                                                                                                                                                                                                                                                                                                                                                                                                                                                                                                                                                                                                                                                                                                                                                                                                                                                                                                                                                                                                                                                                                                                                                                                                                                                                                                                                                                                                                                                                                                                                                                                                                                                                                                                                                                                                                                                                                                                                                                                                                                                                                                                                                                                                                                                                                                                                                                                                                                                                                                                                                                                                                                                                                                                                                                                                                                                                                                                                                                                                                                                                                                                                                                                                                                                                                                                                                                                                                                                                                                                                                                                                                                                                                                                                                                                                                                                                                                                                                                                                                                                                                                                                                                                                                                                                                                                                                                                                                                                                                                                                                                                                                                                                                                                                                                                                                                                                                                                                                                                                                                                                                                                                                                                                                                                                                                                                                                                                                                                                                                                                                                                                                                                                                                                                                                                                                                                                                                                                                                                                                                                                                                                                                                                                                                                                                                                                                                                                                                                                                                                                                                                                                                                                                                                                                                                                                                                                                                                                                                                                                                                                                                                                                                                                                                                                                                                                                                                                                                                                                                                                                                                                                                                                                                                                                                                                                                                                                                                                                                                                                                                                                                                                                                                                                                                                                                                                                                                                                                                                                                                                                                                                                                                                                                                                                                                                                                                                                                                                                                                                                                                                                                                                                                                                                                                                                                                                                                                                                                                                                                                                                                                                                                                                                                                                                                                                                                                                                                                                                                                                                                                                                                                                                                                                                                                                                                                                                                                                                                                                                                                                                                                                                                                                                                                                                                                                                                                                                                                                                                                                                                                                                   ÞÊÞÐEvent checksum error: dropping type=3 length=16348 wire=0x00000000 expected=0xd0decade computed=0xce316e8e
                                                                                                                                                                                                                                                                                                                                                                                                                                                                                                                                                                                                                                                                                                                                                                                                                                                                                                                                                                                                                                                                                                                                                                                                                                                                                                                                                                                                                                                                                                                                                                                                                                                                                                                                                                                                                                                                                                                                                                                                                                                                                                                                                                                                                                                                                                                                                                                                                                                                                                                                                                                                                                                                                                                                                                                                                                                                                                                                                                                                                                                                                                                                                                                                                                                                                                                                                                                                                                                                                                                                                                                                                                                                                                                                                                                                                                                                                                                                                                                                                                                                                                                                                                                                                                                                                                                                                                                                                                                                                                                                                                                                                                                                                                                                                                                                                                                                                                                                                                                                                                                                                                                                                                                                                                                                                                                                                                                                                                                                                                                                                                                                                                                                                                                                                                                                                                                                                                                                                                                                                                                                                                                                                                                                                                                                                                                                                                                                                                                                                                                                                                                                                                                                                                                                                                                                                                                                                                                                                                                                                                                                                                                                                                                                                                                                                                                                                                                                                                                                                                                                                                                                                                                                                                                                                                                                                                                                                                                                                                                                                                                                                                                                                                                                                                                                                                                                                                                                                                                                                                                                                                                                                                                                                                                                                                                                                                                                                                                                                                                                                                                                                                                                                                                                                                                                                                                                                                                                                                                                                                                                                                                                                                                                                                                                                                                                                                                                                                                                                                                                                                                                                                                                                                                                                                                                                                                                                                                                                                                                                                                                                                                                                                                                                                                                                                                                                                                                                                                                                                                                                                                                                                                                                                                                                                                                                                                                                                                                                                                                                                                                                                                                                                                                                                                                                                                                                                                                                                                                                                                                                                                                                                                                                                                                                                                                                                                                                                                                                                                                                                                                                                                                                                                                                                                                                                                                                                                                                                                                                                                                                                                                                                                                                                                                                                                                                                                                                                                                                                                                                                                                                                                                                                                                                                                                                                                                                                                                                                                                                                                                                                                                                                                                                                                                                                                                                                                                                                                                                                                                                                                                                                                                                                                                                                                                                                                                                                                                                                                                                                                                                                                                                                                                                                                                                                                                                                                                                                                                                                                                                                                                                                                                                                                                                                                                                                                                                                                                                                                                                                                                                                                                        ÞÊÞÐHV: User interrupt; pre-rendezvous watchdog snapshot
TTY> HV WATCHDOG CPU: cpu=0 pc=0xfffff802ff50e320 spsr=0x40001144 cntpct=0x55ebc5d5a cntvct=0x55ebc5d5a cntvoff=0x5fb011 pctl=0x4 pcval=0x3bb1a1c35 vctl=0x5 vcval=0x3eeefc7ed vm_tmr=0x2 hcr=0x32480040039 ich_hcr=0x1405 ich_vmcr=0xf04c000b isr=0x0 pinj=0 vinj=1 tq=0 iq=0 pend=0x0 q=18957 ipi=18957 drain=18957 inj=18947 repend=10 no_lr=0 iar=18957 eoi=18957 ap_eoi=10 last_sgi=0<-2 last_iar=0@0x519122c6e last_eoi=0@0x519122cac marker=0x7866465878664658 lrc=8 lr0=0x9080020000000040 lr1=0x0 lr2=0x9020020000000012 lrHV WATCHDOG CPU: cpu=1 pc=0xfffff802ff518458 spsr=0x600000c4 cntpct=0x55eb126dc cntvct=0x55eb126dc cntvoff=0x5fb011 pctl=0x7 pcval=0x0 vctl=0x5 vcval=0x55e5176be vm_tmr=0x2 hcr=0x324800400b9 ich_hcr=0x1405 ich_vmcr=0xf04c000b isr=0x0 pinj=0 vinj=1 tq=0 iq=0 pend=0x0 q=17911 ipi=17913 drain=17911 inj=17898 repend=13 no_lr=0 iar=17911 eoi=17911 ap_eoi=13 last_sgi=0<-2 last_iar=18@0x55eb083e1 last_eoi=18@0x55eb08422 marker=0x53612373536d2373 lrc=8 lr0=0x5020020000000012 lr1=0x9080020000000359 lr2=0x0 lr3=0x0 HV WATCHDOG CPU: cpu=2 pc=0xfffff802ff50e324 spsr=0x400011c4 cntpct=0x55ea76d2e cntvct=0x55ea76d2e cntvoff=0x5fb011 pctl=0x7 pcval=0x0 vctl=0x5 vcval=0x55e47bd11 vm_tmr=0x2 hcr=0x324800400b9 ich_hcr=0x1405 ich_vmcr=0xf04c000b isr=0x0 pinj=0 vinj=1 tq=0 iq=0 pend=0x0 q=18843 ipi=18845 drain=18843 inj=18818 repend=25 no_lr=0 iar=18843 eoi=18843 ap_eoi=25 last_sgi=0<-1 last_iar=18@0x55ea6ca33 last_eoi=18@0x55ea6ca74 marker=0x53612373536d2373 lrc=8 lr0=0x5020020000000012 lr1=0x0 lr2=0x0 lr3=0x0 lr4=0x0 lr5=0x0HV WATCHDOG CPU: cpu=3 pc=0xfffff802ff50e310 spsr=0x40001144 cntpct=0x55e99c225 cntvct=0x55e99c225 cntvoff=0x5fb011 pctl=0x7 pcval=0x0 vctl=0x5 vcval=0x3eeefbda6 vm_tmr=0x2 hcr=0x32480040039 ich_hcr=0x1405 ich_vmcr=0xf04c000b isr=0x0 pinj=0 vinj=1 tq=0 iq=0 pend=0x0 q=17017 ipi=17018 drain=17016 inj=16990 repend=26 no_lr=0 iar=17016 eoi=17016 ap_eoi=26 last_sgi=0<-2 last_iar=0@0x519122efc last_eoi=0@0x519122f2e marker=0x53612373536d2373 lrc=8 lr0=0x0 lr1=0x9020020000000012 lr2=0x0 lr3=0x0 lr4=0x0 lr5=0x0 lHV WATCHDOG CPU: cpu=4 pc=0xfffff802ff518448 spsr=0x600013c4 cntpct=0x55e634f99 cntvct=0x55e634f99 cntvoff=0x5fb011 pctl=0x7 pcval=0x0 vctl=0x5 vcval=0x3ee514390 vm_tmr=0x2 hcr=0x32480040039 ich_hcr=0x1405 ich_vmcr=0xf04c000b isr=0x0 pinj=0 vinj=1 tq=0 iq=0 pend=0x0 q=12190 ipi=12191 drain=12189 inj=12185 repend=4 no_lr=0 iar=12189 eoi=12189 ap_eoi=4 last_sgi=0<-1 last_iar=0@0x3eef47936 last_eoi=0@0x3eef4798c marker=0x4658786646587866 lrc=8 lr0=0x0 lr1=0x9020020000000012 lr2=0x0 lr3=0x0 lr4=0x0 lr5=0x0 lr6HV WATCHDOG CPU: cpu=5 pc=0xfffff802ff50e310 spsr=0x40001044 cntpct=0x55dea746b cntvct=0x55dea746b cntvoff=0x5fb011 pctl=0x7 pcval=0x0 vctl=0x5 vcval=0x3ebe36f9a vm_tmr=0x2 hcr=0x32480040039 ich_hcr=0x1405 ich_vmcr=0xf04c000b isr=0x0 pinj=0 vinj=1 tq=0 iq=0 pend=0x0 q=12358 ipi=12359 drain=12357 inj=12354 repend=3 no_lr=0 iar=12357 eoi=12357 ap_eoi=3 last_sgi=0<-1 last_iar=0@0x3eef4795b last_eoi=0@0x3eef479ae marker=0x4658786646587866 lrc=8 lr0=0x9020020000000012 lr1=0x0 lr2=0x0 lr3=0x0 lr4=0x0 lr5=0x0 lr6HV WATCHDOG CPU: cpu=6 pc=0xfffff802ff50e324 spsr=0x400000c4 cntpct=0x55e9de869 cntvct=0x55e9de869 cntvoff=0x5fb011 pctl=0x7 pcval=0x0 vctl=0x5 vcval=0x3ed818320 vm_tmr=0x2 hcr=0x32480040039 ich_hcr=0x1405 ich_vmcr=0xf04c000b isr=0x0 pinj=0 vinj=1 tq=0 iq=0 pend=0x0 q=12375 ipi=12376 drain=12374 inj=12372 repend=2 no_lr=0 iar=12374 eoi=12374 ap_eoi=2 last_sgi=0<-1 last_iar=0@0x3eef47942 last_eoi=0@0x3eef4798f marker=0x4658786646587866 lrc=8 lr0=0x0 lr1=0x9020020000000012 lr2=0x0 lr3=0x0 lr4=0x0 lr5=0x0 lr6HV WATCHDOG CPU: cpu=7 pc=0xfffff802ff50e324 spsr=0x400011c4 cntpct=0x55e6e4c40 cntvct=0x55e6e4c40 cntvoff=0x5fb011 pctl=0x7 pcval=0x0 vctl=0x5 vcval=0x3eeeef7f5 vm_tmr=0x2 hcr=0x32480040039 ich_hcr=0x1405 ich_vmcr=0xf04c000b isr=0x0 pinj=0 vinj=1 tq=0 iq=0 pend=0x0 q=12261 ipi=12262 drain=12260 inj=12259 repend=1 no_lr=0 iar=12260 eoi=12260 ap_eoi=1 last_sgi=0<-1 last_iar=0@0x3eef47955 last_eoi=0@0x3eef479a1 marker=0x4658786646587866 lrc=8 lr0=0x9020020000000012 lr1=0x0 lr2=0x0 lr3=0x0 lr4=0x0 lr5=0x0 lr6[cpu0] User interrupt
HOST CONTROL: diagnostic snapshot captured; rebooting Air
Guest exception not handled, rebooting.
TTY> Exception taken from EL1t
TTY> Running in EL2
TTY> MPIDR: 0x80000000
TTY> Registers: (@0x8046e3b90)
TTY>   x0-x3: fffff802f6960980 0000000000000002 fffff802fa8f8d00 000000015d90881b
TTY>   x4-x7: 0000000000000002 0000000000000000 ffffd60e016a1aa0 0000000000000000
TTY>  x8-x11: 0000000000000001 0000000000000000 fffff802ffd7bfc0 0000000000000000
TTY> x12-x15: fffff802f6960980 0000000000000020 0000000000000000 fffff802ff213a70
TTY> x16-x19: 0000f950e6d6cd8a fffff802ffe15c20 fffff802f6960000 fffff802f6960980
TTY> x20-x23: 0000000000000000 fffff802f69609a8 0000000000000001 00000000000000bf
TTY> x24-x27: fffff802ffe15a00 0000000000000001 fffff802f5933c50 fffff802f5934c58
TTY> x28-x30: 00000009df706ee0 fffff802fa8f8d60 fffff802ff50e358
TTY> PC:       0xfffff802ff518458 (rel: 0xfffff7fafaf9c458)
TTY> SP:       0x8046e3c90
TTY> SPSR:     0x600011c4
TTY> FAR:      0xffffa471a8400010
TTY> ESR:      0x62323118 (other mcr/mrc/sys)
TTY> L2C_ERR_STS: 0x11000ffc00000000
TTY> L2C_ERR_ADR: 0x0
TTY> L2C_ERR_INF: 0x0
TTY> E_LSU_ERR_STS: 0x0
TTY> E_FED_ERR_STS: 0x0
TTY> E_MMU_ERR_STS: 0x0
Traceback (most recent call last):
  File "/Users/pavel/public_windows/proxyenv/lib/python3.13/site-packages/serial/serialposix.py", line 575, in read
    buf = os.read(self.fd, size - len(read))
OSError: [Errno 6] Device not configured

During handling of the above exception, another exception occurred:

Traceback (most recent call last):
  File "/private/tmp/wom1-root-5d827ba.WCgcVM/run_uefi.py", line 354, in <module>
    hv.start()
    ~~~~~~~~^^
  File "/private/tmp/wom1-root-5d827ba.WCgcVM/m1n1_windows/proxyclient/m1n1/hv/__init__.py", line 2334, in start
    self.p.hv_start(self.entry, self.guest_base + self.bootargs_off)
    ~~~~~~~~~~~~~~~^^^^^^^^^^^^^^^^^^^^^^^^^^^^^^^^^^^^^^^^^^^^^^^^^
  File "/private/tmp/wom1-root-5d827ba.WCgcVM/m1n1_windows/proxyclient/m1n1/proxy.py", line 1098, in hv_start
    return self.request(self.P_HV_START, entry, *args)
           ~~~~~~~~~~~~^^^^^^^^^^^^^^^^^^^^^^^^^^^^^^^
  File "/private/tmp/wom1-root-5d827ba.WCgcVM/m1n1_windows/proxyclient/m1n1/proxy.py", line 732, in request
    return self._request(opcode, *args2, **kwargs)
           ~~~~~~~~~~~~~^^^^^^^^^^^^^^^^^^^^^^^^^^
  File "/private/tmp/wom1-root-5d827ba.WCgcVM/m1n1_windows/proxyclient/m1n1/proxy.py", line 696, in _request
    reply = self.iface.proxyreq(req, reboot=reboot, no_reply=no_reply, pre_reply=None)
  File "/private/tmp/wom1-root-5d827ba.WCgcVM/m1n1_windows/proxyclient/m1n1/proxy.py", line 396, in proxyreq
    return self.reply(self.REQ_PROXY)
           ~~~~~~~~~~^^^^^^^^^^^^^^^^
  File "/private/tmp/wom1-root-5d827ba.WCgcVM/m1n1_windows/proxyclient/m1n1/proxy.py", line 252, in reply
    reply += self.readfull(1)
             ~~~~~~~~~~~~~^^^
  File "/private/tmp/wom1-root-5d827ba.WCgcVM/m1n1_windows/proxyclient/m1n1/proxy.py", line 189, in readfull
    block = self.dev.read(size - len(d))
  File "/Users/pavel/public_windows/proxyenv/lib/python3.13/site-packages/serial/serialposix.py", line 581, in read
    raise SerialException('read failed: {}'.format(e))
serial.serialutil.SerialException: read failed: [Errno 6] Device not configured
