file	line	literal	reference	target	actual_sha256	status
autologger-stage.ps1	14	b2c7e2993d6d92eabf301d9db6bf640fa4c1ffe3cea145c47a3e8bc3c587ce21	comparison/argument 1	AppleAgxRenderAdmission.inf	b2c7e2993d6d92eabf301d9db6bf640fa4c1ffe3cea145c47a3e8bc3c587ce21	MATCH
build-kmd.ps1	6	a398222c4075ff255e4f71c92fa82757998b60fde67c04c1ea33ca143304acf2	comparison/argument 1	source-manifest.json	a398222c4075ff255e4f71c92fa82757998b60fde67c04c1ea33ca143304acf2	MATCH
build-kmd.ps1	7	518a56fd0c4ac8483d0962924ac9c95e4cb879e7a732491c50db812ab892c5cb	comparison/argument 2	source.zip	518a56fd0c4ac8483d0962924ac9c95e4cb879e7a732491c50db812ab892c5cb	MATCH
build-kmd.ps1	40	a398222c4075ff255e4f71c92fa82757998b60fde67c04c1ea33ca143304acf2	comparison/argument 3	source-manifest.json	a398222c4075ff255e4f71c92fa82757998b60fde67c04c1ea33ca143304acf2	MATCH
diagnostics-clean.ps1	15	b2c7e2993d6d92eabf301d9db6bf640fa4c1ffe3cea145c47a3e8bc3c587ce21	comparison/argument 1	AppleAgxRenderAdmission.inf	b2c7e2993d6d92eabf301d9db6bf640fa4c1ffe3cea145c47a3e8bc3c587ce21	MATCH
emergency-hidden.sh	8	fae3444cc289cf52ea12b81b9db8f3d8bf24bd084f899a751321d2048d9a525a	comparison/argument 1	../EXP810-g4-package817/recovery/m1n1-exp377.macho	fae3444cc289cf52ea12b81b9db8f3d8bf24bd084f899a751321d2048d9a525a	MATCH
emergency-hidden.sh	8	16c177182e96b63eac852dcfb185cebba9c1d91943c6402106a640848ddc5e06	comparison/argument 2	../EXP810-g4-package817/recovery/J313_EFI-exp392.fd	16c177182e96b63eac852dcfb185cebba9c1d91943c6402106a640848ddc5e06	MATCH
emergency-hidden.sh	11	279bd36ad3bbb1ee5e2393fa965343ea856b4c2b0dd4df2b2add6a8010e3f32c	comparison/argument 3	../EXP-20260903-385-hvc-single-page/recovery/J313_EFI-no-agx-autoboot.fd	279bd36ad3bbb1ee5e2393fa965343ea856b4c2b0dd4df2b2add6a8010e3f32c	MATCH
extract-verify.ps1	3	70de18dd45a7df81cee5831fbcded75bb2a9ce8a0c893ccbd322baf1d142797f	comparison/argument 1	guest-payload.tar	70de18dd45a7df81cee5831fbcded75bb2a9ce8a0c893ccbd322baf1d142797f	MATCH
guest-transfer-manifest.json	4	b2c7e2993d6d92eabf301d9db6bf640fa4c1ffe3cea145c47a3e8bc3c587ce21	files/AppleAgxRenderAdmission.inf	AppleAgxRenderAdmission.inf	b2c7e2993d6d92eabf301d9db6bf640fa4c1ffe3cea145c47a3e8bc3c587ce21	MATCH
guest-transfer-manifest.json	5	813a0c746cb200c79a96ead7571bec10768fd3dd7123da40448d4a5f9b426cd1	files/AppleAgxRenderAdmission.sys	AppleAgxRenderAdmission.sys	813a0c746cb200c79a96ead7571bec10768fd3dd7123da40448d4a5f9b426cd1	MATCH
guest-transfer-manifest.json	6	1010eb9b13ee7e58f623fb7dd10ccba780b2b71b0b1558d948a68d86444def50	files/AppleAgxRenderAdmissionUmd.dll	AppleAgxRenderAdmissionUmd.dll	1010eb9b13ee7e58f623fb7dd10ccba780b2b71b0b1558d948a68d86444def50	MATCH
guest-transfer-manifest.json	7	3833fd3953072c84fbed4f49ba4e563d6eac325e80a80adcdd3460eb31d65827	files/appleagxrenderadmission.cat	appleagxrenderadmission.cat	3833fd3953072c84fbed4f49ba4e563d6eac325e80a80adcdd3460eb31d65827	MATCH
guest-transfer-manifest.json	8	7debd29c21663ee290a471a56a43dbc5dc8b93b8e8ea1b746fa487ae094912ab	files/autologger-stage.ps1	autologger-stage.ps1	7debd29c21663ee290a471a56a43dbc5dc8b93b8e8ea1b746fa487ae094912ab	MATCH
guest-transfer-manifest.json	9	02f8a3cc40cdf0652d170e7d64d156fe6886cc26009d7d6ab331cfaeb8320c68	files/collect-hidden-supplement.ps1	collect-hidden-supplement.ps1	02f8a3cc40cdf0652d170e7d64d156fe6886cc26009d7d6ab331cfaeb8320c68	MATCH
guest-transfer-manifest.json	10	b0ff37ac3279215dc6818be7951f483ef09fbacb299d8d3c8524fa9412e9d486	files/collect-searchhost.ps1	collect-searchhost.ps1	b0ff37ac3279215dc6818be7951f483ef09fbacb299d8d3c8524fa9412e9d486	MATCH
guest-transfer-manifest.json	11	fba3bb10ccfc15533ae9cc917725f3986225101519662858ed64f17ec0cb2625	files/collect-status.ps1	collect-status.ps1	fba3bb10ccfc15533ae9cc917725f3986225101519662858ed64f17ec0cb2625	MATCH
guest-transfer-manifest.json	12	b39c530cd869e7326953e804f5e34c7ab5f6586388e02f0716ad33b48d13177c	files/collect-watchdog-queue.ps1	collect-watchdog-queue.ps1	b39c530cd869e7326953e804f5e34c7ab5f6586388e02f0716ad33b48d13177c	MATCH
guest-transfer-manifest.json	13	2239340ce322796bfea79dead103ab2ba02fab6e69cab859bad90b4b8cd4a2be	files/collect-watchdog.ps1	collect-watchdog.ps1	2239340ce322796bfea79dead103ab2ba02fab6e69cab859bad90b4b8cd4a2be	MATCH
guest-transfer-manifest.json	14	5a3d3c789f2a5d1d5a8687d871fafde592616cc1bde68df3e05ff9a42ca9ddd2	files/collect.ps1	collect.ps1	5a3d3c789f2a5d1d5a8687d871fafde592616cc1bde68df3e05ff9a42ca9ddd2	MATCH
guest-transfer-manifest.json	15	5ea6c5f6e3c1d342665191da9e962d41637a9530e49a5f41b69b4fce4aea4051	files/diagnostics-clean.ps1	diagnostics-clean.ps1	5ea6c5f6e3c1d342665191da9e962d41637a9530e49a5f41b69b4fce4aea4051	MATCH
guest-transfer-manifest.json	16	3c17aa8ee5359e17aa07cf7ae06e7c8d6e0d8263117e50da817cbf8719ae563b	files/etl-contract.ps1	etl-contract.ps1	3c17aa8ee5359e17aa07cf7ae06e7c8d6e0d8263117e50da817cbf8719ae563b	MATCH
guest-transfer-manifest.json	17	d90e7fd6fdf0ebf91af2fb0aa3c67b76d2d0f47a98726d89a70637d6a49c2382	files/find-watchdog.ps1	find-watchdog.ps1	d90e7fd6fdf0ebf91af2fb0aa3c67b76d2d0f47a98726d89a70637d6a49c2382	MATCH
guest-transfer-manifest.json	18	ec3a23c58f34d259ec84a62b5beadf5853496a774a637a704c3243660fd70e52	files/hidden-before-cleanup.ps1	hidden-before-cleanup.ps1	ec3a23c58f34d259ec84a62b5beadf5853496a774a637a704c3243660fd70e52	MATCH
guest-transfer-manifest.json	19	4865877c115d1d3ac366aacac34988651bb274840e2f18950c6f6090c3d6fd76	files/hidden-inventory.ps1	hidden-inventory.ps1	4865877c115d1d3ac366aacac34988651bb274840e2f18950c6f6090c3d6fd76	MATCH
guest-transfer-manifest.json	20	a3381e6767087f03360ef9f78179f223a141d53ccb6343166e425e467aa0c4c5	files/invoke-collect.ps1	invoke-collect.ps1	a3381e6767087f03360ef9f78179f223a141d53ccb6343166e425e467aa0c4c5	MATCH
guest-transfer-manifest.json	21	09c81d7ece6e1489bee0f9dd9bf4fca167928982db6f2adc8c206a453e905f2c	files/invoke-diagnostics-clean.ps1	invoke-diagnostics-clean.ps1	09c81d7ece6e1489bee0f9dd9bf4fca167928982db6f2adc8c206a453e905f2c	MATCH
guest-transfer-manifest.json	22	42d5a5f97571462c92598ccecab654a98ed0995878548dc086b994bb87a0a16e	files/invoke-hidden-cleanup.ps1	invoke-hidden-cleanup.ps1	42d5a5f97571462c92598ccecab654a98ed0995878548dc086b994bb87a0a16e	MATCH
guest-transfer-manifest.json	23	e1c2a39094930057a4ad54d4ddbd551e1c10c8afebb00c947624f8115a78483c	files/invoke-hidden-diagnostics-clean.ps1	invoke-hidden-diagnostics-clean.ps1	e1c2a39094930057a4ad54d4ddbd551e1c10c8afebb00c947624f8115a78483c	MATCH
guest-transfer-manifest.json	24	1beb84dddb448c6e7208ae0926a03d9107283ab5b389c99026856357c67b5642	files/invoke-recovery-restart.ps1	invoke-recovery-restart.ps1	1beb84dddb448c6e7208ae0926a03d9107283ab5b389c99026856357c67b5642	MATCH
guest-transfer-manifest.json	25	7b80b6fcaec7ce1de1c84088084a98b17ec57d733a7ca42e551c0263cd61f261	files/invoke-stage.ps1	invoke-stage.ps1	7b80b6fcaec7ce1de1c84088084a98b17ec57d733a7ca42e551c0263cd61f261	MATCH
guest-transfer-manifest.json	26	b330dd693d847c537456c43ed324dc4ca230dbe97169f5fe0322360afd27dcde	files/invoke-verified-hidden-diagnostics-clean-exp866.ps1	invoke-verified-hidden-diagnostics-clean-exp866.ps1	b330dd693d847c537456c43ed324dc4ca230dbe97169f5fe0322360afd27dcde	MATCH
guest-transfer-manifest.json	27	b330dd693d847c537456c43ed324dc4ca230dbe97169f5fe0322360afd27dcde	files/invoke-verified-hidden-diagnostics-clean.ps1	invoke-verified-hidden-diagnostics-clean.ps1	b330dd693d847c537456c43ed324dc4ca230dbe97169f5fe0322360afd27dcde	MATCH
guest-transfer-manifest.json	28	8b208fb7da5b3f0164439fd38b1a6efdc65fd8f35b2ad48807f0e4ed66342805	files/ordinary-durable.ps1	ordinary-durable.ps1	8b208fb7da5b3f0164439fd38b1a6efdc65fd8f35b2ad48807f0e4ed66342805	MATCH
guest-transfer-manifest.json	29	97145866a1530003077eacd8457f1a7a644d662423278fd94e450f903c85cbda	files/pinned.cer	pinned.cer	97145866a1530003077eacd8457f1a7a644d662423278fd94e450f903c85cbda	MATCH
guest-transfer-manifest.json	30	d37766935df451fbb0516fc7b0a281fa86d6bf2e81f79aff91d96301b5a1f283	files/preflight.ps1	preflight.ps1	d37766935df451fbb0516fc7b0a281fa86d6bf2e81f79aff91d96301b5a1f283	MATCH
guest-transfer-manifest.json	31	e5c0c5c7c8fbfb51c4c0d8f2f41c27ee9a035d4e53fea2f0050054fdb3eb5609	files/read-boundary.ps1	read-boundary.ps1	e5c0c5c7c8fbfb51c4c0d8f2f41c27ee9a035d4e53fea2f0050054fdb3eb5609	MATCH
guest-transfer-manifest.json	32	8c9b74f4d61161351b668251441f980b02fa8bc8140dfdd6e8d119e4959f87d6	files/read-error-checkpoint.ps1	read-error-checkpoint.ps1	8c9b74f4d61161351b668251441f980b02fa8bc8140dfdd6e8d119e4959f87d6	MATCH
guest-transfer-manifest.json	33	e09a140e87c3025ca669e0187683077e44fd1bea36459c32abc94b1ce549c5d4	files/read-receipts.ps1	read-receipts.ps1	e09a140e87c3025ca669e0187683077e44fd1bea36459c32abc94b1ce549c5d4	MATCH
guest-transfer-manifest.json	34	04e2948fcf239493c9a217d84143a24e704ceb2bcbaef68505542bac89a90b81	files/read-trace-tail.ps1	read-trace-tail.ps1	04e2948fcf239493c9a217d84143a24e704ceb2bcbaef68505542bac89a90b81	MATCH
guest-transfer-manifest.json	35	b1086df6798ed053e6c0175dfa365f7244e76cda1b766eaa99e55f0a416d3eea	files/recovery-boot-events.ps1	recovery-boot-events.ps1	b1086df6798ed053e6c0175dfa365f7244e76cda1b766eaa99e55f0a416d3eea	MATCH
guest-transfer-manifest.json	36	7ededf7b2e491978a38fe44bf1d62bd5ce6a83c70d71d6e7c090387057347bea	files/remove-experiment-driver.ps1	remove-experiment-driver.ps1	7ededf7b2e491978a38fe44bf1d62bd5ce6a83c70d71d6e7c090387057347bea	MATCH
guest-transfer-manifest.json	37	beef373bf03441e91c03a4deae673d1e951fec4aed287ee7d641d0b631515b35	files/restart-status.ps1	restart-status.ps1	beef373bf03441e91c03a4deae673d1e951fec4aed287ee7d641d0b631515b35	MATCH
guest-transfer-manifest.json	38	583371882b6caf562b7cb74724be0adee992cf90e492744210f94bcbdd21884c	files/resume-stage.ps1	resume-stage.ps1	583371882b6caf562b7cb74724be0adee992cf90e492744210f94bcbdd21884c	MATCH
guest-transfer-manifest.json	39	6e481743f6899f5f2c5903167a20aef356ff484d467353e14def535bb794cf60	files/sample.ps1	sample.ps1	6e481743f6899f5f2c5903167a20aef356ff484d467353e14def535bb794cf60	MATCH
guest-transfer-manifest.json	40	0496aaf47c4bfb6c9c0d17505b20e0716a1221204f0e4faece69cef0b784dda7	files/stage.ps1	stage.ps1	0496aaf47c4bfb6c9c0d17505b20e0716a1221204f0e4faece69cef0b784dda7	MATCH
guest-transfer-manifest.json	41	44a6310e3a6042e35bd5b250af201aa340bab59e79858946348fd4cdfb51d296	files/verify-cleanup.ps1	verify-cleanup.ps1	44a6310e3a6042e35bd5b250af201aa340bab59e79858946348fd4cdfb51d296	MATCH
guest-transfer-manifest.json	42	68cbef54fbc6f7cfdfe1967581d048ddd1ac7fd385df0449e274aecbfc495853	files/window-state.ps1	window-state.ps1	68cbef54fbc6f7cfdfe1967581d048ddd1ac7fd385df0449e274aecbfc495853	MATCH
hardware-manifest.json	16	14872dba0a6ecab9d4e49e42237298b44909126f0d5f7267cc5deaed587372b1	immutable_reference_sha256/EXP855E-r141-attachment-envelope/firmware/m1n1-r110.macho	../EXP855E-r141-attachment-envelope/firmware/m1n1-r110.macho	14872dba0a6ecab9d4e49e42237298b44909126f0d5f7267cc5deaed587372b1	MATCH
hardware-manifest.json	17	3a76857cb650cae6b8d7c5d22250debeec437cd28c2dfd032ebecb1cbd0f6eca	immutable_reference_sha256/EXP855E-r141-attachment-envelope/firmware/J313_EFI-r110.fd	../EXP855E-r141-attachment-envelope/firmware/J313_EFI-r110.fd	3a76857cb650cae6b8d7c5d22250debeec437cd28c2dfd032ebecb1cbd0f6eca	MATCH
hardware-manifest.json	18	fae3444cc289cf52ea12b81b9db8f3d8bf24bd084f899a751321d2048d9a525a	immutable_reference_sha256/EXP810-g4-package817/recovery/m1n1-exp377.macho	../EXP810-g4-package817/recovery/m1n1-exp377.macho	fae3444cc289cf52ea12b81b9db8f3d8bf24bd084f899a751321d2048d9a525a	MATCH
hardware-manifest.json	19	16c177182e96b63eac852dcfb185cebba9c1d91943c6402106a640848ddc5e06	immutable_reference_sha256/EXP810-g4-package817/recovery/J313_EFI-exp392.fd	../EXP810-g4-package817/recovery/J313_EFI-exp392.fd	16c177182e96b63eac852dcfb185cebba9c1d91943c6402106a640848ddc5e06	MATCH
hardware-manifest.json	20	279bd36ad3bbb1ee5e2393fa965343ea856b4c2b0dd4df2b2add6a8010e3f32c	immutable_reference_sha256/EXP-20260903-385-hvc-single-page/recovery/J313_EFI-no-agx-autoboot.fd	../EXP-20260903-385-hvc-single-page/recovery/J313_EFI-no-agx-autoboot.fd	279bd36ad3bbb1ee5e2393fa965343ea856b4c2b0dd4df2b2add6a8010e3f32c	MATCH
hardware-manifest.json	34	a398222c4075ff255e4f71c92fa82757998b60fde67c04c1ea33ca143304acf2	source_manifest_sha256	source-manifest.json	a398222c4075ff255e4f71c92fa82757998b60fde67c04c1ea33ca143304acf2	MATCH
hardware-manifest.json	35	b2c7e2993d6d92eabf301d9db6bf640fa4c1ffe3cea145c47a3e8bc3c587ce21	inf_sha256	AppleAgxRenderAdmission.inf	b2c7e2993d6d92eabf301d9db6bf640fa4c1ffe3cea145c47a3e8bc3c587ce21	MATCH
hardware-manifest.json	36	13db5700f0cfae8d3c93e6af1447bdf75e777c43eaf64333c2e989cdc96516bc	build_receipt_sha256	kmd-build-receipt.json	13db5700f0cfae8d3c93e6af1447bdf75e777c43eaf64333c2e989cdc96516bc	MATCH
hardware-manifest.json	50	5fe13d19c5ca4d21327c44934613ae0f5109b8de096590db69f455e439e61a01	artifact_sha256/firmware/m1n1-r143.macho	firmware/m1n1-r143.macho	5fe13d19c5ca4d21327c44934613ae0f5109b8de096590db69f455e439e61a01	MATCH
hardware-manifest.json	51	e54c009847e64a4b2b327f54385eedb94f5a9e5fd3b459fd6101b07af4c023fc	artifact_sha256/firmware/J313_EFI-r143.fd	firmware/J313_EFI-r143.fd	e54c009847e64a4b2b327f54385eedb94f5a9e5fd3b459fd6101b07af4c023fc	MATCH
hardware-manifest.json	52	3bdb28edb9def16f147f00947d9a2368f1f99036d601c86ead8b0ff46ccbab7f	artifact_sha256/firmware/J313AppleAgxAbiAdmissionSsdt.aml	firmware/J313AppleAgxAbiAdmissionSsdt.aml	3bdb28edb9def16f147f00947d9a2368f1f99036d601c86ead8b0ff46ccbab7f	MATCH
hardware-manifest.json	53	a398222c4075ff255e4f71c92fa82757998b60fde67c04c1ea33ca143304acf2	artifact_sha256/source-manifest.json	source-manifest.json	a398222c4075ff255e4f71c92fa82757998b60fde67c04c1ea33ca143304acf2	MATCH
hardware-manifest.json	54	518a56fd0c4ac8483d0962924ac9c95e4cb879e7a732491c50db812ab892c5cb	artifact_sha256/source.zip	source.zip	518a56fd0c4ac8483d0962924ac9c95e4cb879e7a732491c50db812ab892c5cb	MATCH
hardware-manifest.json	55	b2c7e2993d6d92eabf301d9db6bf640fa4c1ffe3cea145c47a3e8bc3c587ce21	artifact_sha256/AppleAgxRenderAdmission.inf	AppleAgxRenderAdmission.inf	b2c7e2993d6d92eabf301d9db6bf640fa4c1ffe3cea145c47a3e8bc3c587ce21	MATCH
hardware-manifest.json	56	813a0c746cb200c79a96ead7571bec10768fd3dd7123da40448d4a5f9b426cd1	artifact_sha256/AppleAgxRenderAdmission.sys	AppleAgxRenderAdmission.sys	813a0c746cb200c79a96ead7571bec10768fd3dd7123da40448d4a5f9b426cd1	MATCH
hardware-manifest.json	57	1010eb9b13ee7e58f623fb7dd10ccba780b2b71b0b1558d948a68d86444def50	artifact_sha256/AppleAgxRenderAdmissionUmd.dll	AppleAgxRenderAdmissionUmd.dll	1010eb9b13ee7e58f623fb7dd10ccba780b2b71b0b1558d948a68d86444def50	MATCH
hardware-manifest.json	58	3833fd3953072c84fbed4f49ba4e563d6eac325e80a80adcdd3460eb31d65827	artifact_sha256/appleagxrenderadmission.cat	appleagxrenderadmission.cat	3833fd3953072c84fbed4f49ba4e563d6eac325e80a80adcdd3460eb31d65827	MATCH
hardware-manifest.json	59	13db5700f0cfae8d3c93e6af1447bdf75e777c43eaf64333c2e989cdc96516bc	artifact_sha256/kmd-build-receipt.json	kmd-build-receipt.json	13db5700f0cfae8d3c93e6af1447bdf75e777c43eaf64333c2e989cdc96516bc	MATCH
hardware-manifest.json	60	4d67108e41b1fed2b62434fab0b12816c67725c9f1ebd1d2cd114b833a9a24e8	artifact_sha256/build-kmd.ps1	build-kmd.ps1	4d67108e41b1fed2b62434fab0b12816c67725c9f1ebd1d2cd114b833a9a24e8	MATCH
hardware-manifest.json	61	4f296738385fb061a11e9fa974529db25f4f1868a44c5a238127dd5f04b7a114	artifact_sha256/arm64-build.log	arm64-build.log	4f296738385fb061a11e9fa974529db25f4f1868a44c5a238127dd5f04b7a114	MATCH
hardware-manifest.json	62	1d083bb60909dc166b5718958b353927e57bb961574eb632c02a8438515f762e	artifact_sha256/launch-configuration.json	launch-configuration.json	1d083bb60909dc166b5718958b353927e57bb961574eb632c02a8438515f762e	MATCH
hardware-manifest.json	63	b804cca3afa77413a70c6a0b518ffd0aa17cb7cb616a3f3797db7e82edeb152d	artifact_sha256/guest-transfer-manifest.json	guest-transfer-manifest.json	b804cca3afa77413a70c6a0b518ffd0aa17cb7cb616a3f3797db7e82edeb152d	MATCH
hardware-manifest.json	64	d5a72ecfd34de18bd30a6320eae40057bfd89d23d51897c8169543253533c8a4	artifact_sha256/full-owner-direct.sh	full-owner-direct.sh	d5a72ecfd34de18bd30a6320eae40057bfd89d23d51897c8169543253533c8a4	MATCH
hardware-manifest.json	65	360927977e1fa8c8a62e3f05abc990bcfbac9f6111f431fa9c20ec1d6a246f3e	artifact_sha256/emergency-hidden.sh	emergency-hidden.sh	360927977e1fa8c8a62e3f05abc990bcfbac9f6111f431fa9c20ec1d6a246f3e	MATCH
hardware-manifest.json	66	f9d7da3d467d79bfad6b8585e72f61ba421f24b32fbf0ea9de52e5c4273b5a23	artifact_sha256/ordinary-direct-final.sh	ordinary-direct-final.sh	f9d7da3d467d79bfad6b8585e72f61ba421f24b32fbf0ea9de52e5c4273b5a23	MATCH
hardware-manifest.json	67	2f3f27dbf9d1fb796e62d7ef7ef0ab19ca9279f3f26ab8b55bf5d9679fe5ac4b	artifact_sha256/source-proof.json	source-proof.json	2f3f27dbf9d1fb796e62d7ef7ef0ab19ca9279f3f26ab8b55bf5d9679fe5ac4b	MATCH
hidden-before-cleanup.ps1	9	b2c7e2993d6d92eabf301d9db6bf640fa4c1ffe3cea145c47a3e8bc3c587ce21	comparison/argument 1	AppleAgxRenderAdmission.inf	b2c7e2993d6d92eabf301d9db6bf640fa4c1ffe3cea145c47a3e8bc3c587ce21	MATCH
hidden-before-cleanup.ps1	9	813a0c746cb200c79a96ead7571bec10768fd3dd7123da40448d4a5f9b426cd1	comparison/argument 2	AppleAgxRenderAdmission.sys	813a0c746cb200c79a96ead7571bec10768fd3dd7123da40448d4a5f9b426cd1	MATCH
hidden-before-cleanup.ps1	9	1010eb9b13ee7e58f623fb7dd10ccba780b2b71b0b1558d948a68d86444def50	comparison/argument 3	AppleAgxRenderAdmissionUmd.dll	1010eb9b13ee7e58f623fb7dd10ccba780b2b71b0b1558d948a68d86444def50	MATCH
invoke-hidden-cleanup.ps1	1	b2c7e2993d6d92eabf301d9db6bf640fa4c1ffe3cea145c47a3e8bc3c587ce21	comparison/argument 1	AppleAgxRenderAdmission.inf	b2c7e2993d6d92eabf301d9db6bf640fa4c1ffe3cea145c47a3e8bc3c587ce21	MATCH
invoke-hidden-cleanup.ps1	1	813a0c746cb200c79a96ead7571bec10768fd3dd7123da40448d4a5f9b426cd1	comparison/argument 2	AppleAgxRenderAdmission.sys	813a0c746cb200c79a96ead7571bec10768fd3dd7123da40448d4a5f9b426cd1	MATCH
invoke-hidden-cleanup.ps1	1	1010eb9b13ee7e58f623fb7dd10ccba780b2b71b0b1558d948a68d86444def50	comparison/argument 3	AppleAgxRenderAdmissionUmd.dll	1010eb9b13ee7e58f623fb7dd10ccba780b2b71b0b1558d948a68d86444def50	MATCH
invoke-hidden-diagnostics-clean.ps1	17	b2c7e2993d6d92eabf301d9db6bf640fa4c1ffe3cea145c47a3e8bc3c587ce21	comparison/argument 1	AppleAgxRenderAdmission.inf	b2c7e2993d6d92eabf301d9db6bf640fa4c1ffe3cea145c47a3e8bc3c587ce21	MATCH
invoke-verified-hidden-diagnostics-clean-exp866.ps1	17	b2c7e2993d6d92eabf301d9db6bf640fa4c1ffe3cea145c47a3e8bc3c587ce21	comparison/argument 1	AppleAgxRenderAdmission.inf	b2c7e2993d6d92eabf301d9db6bf640fa4c1ffe3cea145c47a3e8bc3c587ce21	MATCH
invoke-verified-hidden-diagnostics-clean.ps1	17	b2c7e2993d6d92eabf301d9db6bf640fa4c1ffe3cea145c47a3e8bc3c587ce21	comparison/argument 1	AppleAgxRenderAdmission.inf	b2c7e2993d6d92eabf301d9db6bf640fa4c1ffe3cea145c47a3e8bc3c587ce21	MATCH
kmd-build-receipt.json	3	94171cd55096df8e7e8d83626a97f626d8b4abbf48937dbe40469af63182c3d5	NativeArchiveSha256	audit-inputs/native_runtime.lib	94171cd55096df8e7e8d83626a97f626d8b4abbf48937dbe40469af63182c3d5	MATCH
kmd-build-receipt.json	4	24fc43101b109b6c2fd206b9b1470611bff028bc2f06a061af45e33f1b353aaf	NativeResourceSourceSha256	audit-inputs/Resource.cpp	24fc43101b109b6c2fd206b9b1470611bff028bc2f06a061af45e33f1b353aaf	MATCH
kmd-build-receipt.json	5	d2c5924c067d407d59c40d66b90e037d039f95a9d8ea62eb43a6047e24f9fe3b	NativePreparedResultSha256	audit-inputs/native-prepared-result.txt	d2c5924c067d407d59c40d66b90e037d039f95a9d8ea62eb43a6047e24f9fe3b	MATCH
kmd-build-receipt.json	9	a398222c4075ff255e4f71c92fa82757998b60fde67c04c1ea33ca143304acf2	SourceManifestSha256	source-manifest.json	a398222c4075ff255e4f71c92fa82757998b60fde67c04c1ea33ca143304acf2	MATCH
kmd-build-receipt.json	10	4f296738385fb061a11e9fa974529db25f4f1868a44c5a238127dd5f04b7a114	BuildLogSha256	arm64-build.log	4f296738385fb061a11e9fa974529db25f4f1868a44c5a238127dd5f04b7a114	MATCH
kmd-build-receipt.json	12	813a0c746cb200c79a96ead7571bec10768fd3dd7123da40448d4a5f9b426cd1	ArtifactSha256/AppleAgxRenderAdmission.sys	AppleAgxRenderAdmission.sys	813a0c746cb200c79a96ead7571bec10768fd3dd7123da40448d4a5f9b426cd1	MATCH
kmd-build-receipt.json	13	1010eb9b13ee7e58f623fb7dd10ccba780b2b71b0b1558d948a68d86444def50	ArtifactSha256/AppleAgxRenderAdmissionUmd.dll	AppleAgxRenderAdmissionUmd.dll	1010eb9b13ee7e58f623fb7dd10ccba780b2b71b0b1558d948a68d86444def50	MATCH
kmd-build-receipt.json	14	b2c7e2993d6d92eabf301d9db6bf640fa4c1ffe3cea145c47a3e8bc3c587ce21	ArtifactSha256/AppleAgxRenderAdmission.inf	AppleAgxRenderAdmission.inf	b2c7e2993d6d92eabf301d9db6bf640fa4c1ffe3cea145c47a3e8bc3c587ce21	MATCH
kmd-build-receipt.json	15	3833fd3953072c84fbed4f49ba4e563d6eac325e80a80adcdd3460eb31d65827	ArtifactSha256/appleagxrenderadmission.cat	appleagxrenderadmission.cat	3833fd3953072c84fbed4f49ba4e563d6eac325e80a80adcdd3460eb31d65827	MATCH
launch-configuration.json	5	8568b46284a3dda6198edcd1b45f9a54c9585700bf99609f44af83998c44ac1a	reference_contract_sha256	../EXP855E-r141-attachment-envelope/contract.bin	8568b46284a3dda6198edcd1b45f9a54c9585700bf99609f44af83998c44ac1a	MATCH
ordinary-direct-final.sh	8	fae3444cc289cf52ea12b81b9db8f3d8bf24bd084f899a751321d2048d9a525a	comparison/argument 1	../EXP810-g4-package817/recovery/m1n1-exp377.macho	fae3444cc289cf52ea12b81b9db8f3d8bf24bd084f899a751321d2048d9a525a	MATCH
ordinary-direct-final.sh	8	16c177182e96b63eac852dcfb185cebba9c1d91943c6402106a640848ddc5e06	comparison/argument 2	../EXP810-g4-package817/recovery/J313_EFI-exp392.fd	16c177182e96b63eac852dcfb185cebba9c1d91943c6402106a640848ddc5e06	MATCH
preparation-result.json	5	0929325d6184d2ab44362ee3a46335909ef9ca1f99e67f01435bf57b53ca0a31	source_diff_sha256	candidate-code.diff	0929325d6184d2ab44362ee3a46335909ef9ca1f99e67f01435bf57b53ca0a31	MATCH
preparation-result.json	10	3833fd3953072c84fbed4f49ba4e563d6eac325e80a80adcdd3460eb31d65827	package_sha256/appleagxrenderadmission.cat	appleagxrenderadmission.cat	3833fd3953072c84fbed4f49ba4e563d6eac325e80a80adcdd3460eb31d65827	MATCH
preparation-result.json	11	b2c7e2993d6d92eabf301d9db6bf640fa4c1ffe3cea145c47a3e8bc3c587ce21	package_sha256/AppleAgxRenderAdmission.inf	AppleAgxRenderAdmission.inf	b2c7e2993d6d92eabf301d9db6bf640fa4c1ffe3cea145c47a3e8bc3c587ce21	MATCH
preparation-result.json	12	813a0c746cb200c79a96ead7571bec10768fd3dd7123da40448d4a5f9b426cd1	package_sha256/AppleAgxRenderAdmission.sys	AppleAgxRenderAdmission.sys	813a0c746cb200c79a96ead7571bec10768fd3dd7123da40448d4a5f9b426cd1	MATCH
preparation-result.json	13	1010eb9b13ee7e58f623fb7dd10ccba780b2b71b0b1558d948a68d86444def50	package_sha256/AppleAgxRenderAdmissionUmd.dll	AppleAgxRenderAdmissionUmd.dll	1010eb9b13ee7e58f623fb7dd10ccba780b2b71b0b1558d948a68d86444def50	MATCH
preparation-result.json	16	e54c009847e64a4b2b327f54385eedb94f5a9e5fd3b459fd6101b07af4c023fc	firmware_sha256/J313_EFI-r143.fd	firmware/J313_EFI-r143.fd	e54c009847e64a4b2b327f54385eedb94f5a9e5fd3b459fd6101b07af4c023fc	MATCH
preparation-result.json	17	5fe13d19c5ca4d21327c44934613ae0f5109b8de096590db69f455e439e61a01	firmware_sha256/m1n1-r143.macho	firmware/m1n1-r143.macho	5fe13d19c5ca4d21327c44934613ae0f5109b8de096590db69f455e439e61a01	MATCH
preparation-result.json	18	3bdb28edb9def16f147f00947d9a2368f1f99036d601c86ead8b0ff46ccbab7f	firmware_sha256/J313AppleAgxAbiAdmissionSsdt.aml	firmware/J313AppleAgxAbiAdmissionSsdt.aml	3bdb28edb9def16f147f00947d9a2368f1f99036d601c86ead8b0ff46ccbab7f	MATCH
preparation-result.json	20	20e66eef5b2ce315976d5ae39661d892d44b8c037e07b2be6eb6035e245c66d3	hardware_manifest_sha256	hardware-manifest.json	20e66eef5b2ce315976d5ae39661d892d44b8c037e07b2be6eb6035e245c66d3	MATCH
preparation-result.json	21	b804cca3afa77413a70c6a0b518ffd0aa17cb7cb616a3f3797db7e82edeb152d	guest_transfer_manifest_sha256	guest-transfer-manifest.json	b804cca3afa77413a70c6a0b518ffd0aa17cb7cb616a3f3797db7e82edeb152d	MATCH
preparation-result.json	22	70de18dd45a7df81cee5831fbcded75bb2a9ce8a0c893ccbd322baf1d142797f	payload_sha256	guest-payload.tar	70de18dd45a7df81cee5831fbcded75bb2a9ce8a0c893ccbd322baf1d142797f	MATCH
preparation-result.json	51	a398222c4075ff255e4f71c92fa82757998b60fde67c04c1ea33ca143304acf2	artifact_sha256/source-manifest.json	source-manifest.json	a398222c4075ff255e4f71c92fa82757998b60fde67c04c1ea33ca143304acf2	MATCH
preparation-result.json	52	518a56fd0c4ac8483d0962924ac9c95e4cb879e7a732491c50db812ab892c5cb	artifact_sha256/source.zip	source.zip	518a56fd0c4ac8483d0962924ac9c95e4cb879e7a732491c50db812ab892c5cb	MATCH
preparation-result.json	53	13db5700f0cfae8d3c93e6af1447bdf75e777c43eaf64333c2e989cdc96516bc	artifact_sha256/kmd-build-receipt.json	kmd-build-receipt.json	13db5700f0cfae8d3c93e6af1447bdf75e777c43eaf64333c2e989cdc96516bc	MATCH
preparation-result.json	54	20e66eef5b2ce315976d5ae39661d892d44b8c037e07b2be6eb6035e245c66d3	artifact_sha256/hardware-manifest.json	hardware-manifest.json	20e66eef5b2ce315976d5ae39661d892d44b8c037e07b2be6eb6035e245c66d3	MATCH
preparation-result.json	55	b804cca3afa77413a70c6a0b518ffd0aa17cb7cb616a3f3797db7e82edeb152d	artifact_sha256/guest-transfer-manifest.json	guest-transfer-manifest.json	b804cca3afa77413a70c6a0b518ffd0aa17cb7cb616a3f3797db7e82edeb152d	MATCH
preparation-result.json	56	70de18dd45a7df81cee5831fbcded75bb2a9ce8a0c893ccbd322baf1d142797f	artifact_sha256/guest-payload.tar	guest-payload.tar	70de18dd45a7df81cee5831fbcded75bb2a9ce8a0c893ccbd322baf1d142797f	MATCH
preparation-result.json	57	4d67108e41b1fed2b62434fab0b12816c67725c9f1ebd1d2cd114b833a9a24e8	artifact_sha256/build-kmd.ps1	build-kmd.ps1	4d67108e41b1fed2b62434fab0b12816c67725c9f1ebd1d2cd114b833a9a24e8	MATCH
preparation-result.json	58	d5a72ecfd34de18bd30a6320eae40057bfd89d23d51897c8169543253533c8a4	artifact_sha256/full-owner-direct.sh	full-owner-direct.sh	d5a72ecfd34de18bd30a6320eae40057bfd89d23d51897c8169543253533c8a4	MATCH
preparation-result.json	59	0496aaf47c4bfb6c9c0d17505b20e0716a1221204f0e4faece69cef0b784dda7	artifact_sha256/stage.ps1	stage.ps1	0496aaf47c4bfb6c9c0d17505b20e0716a1221204f0e4faece69cef0b784dda7	MATCH
preparation-result.json	60	da74bfdef30b5833dd6d7bc24634d1520490a30812db3ad46ec07a53b2b1c9be	artifact_sha256/verify-transfer.ps1	verify-transfer.ps1	da74bfdef30b5833dd6d7bc24634d1520490a30812db3ad46ec07a53b2b1c9be	MATCH
preparation-result.json	61	660f675a60f51cfc21cec4be6b59ec2fb35a1b9d1a9cc7a767758d292047063e	artifact_sha256/extract-verify.ps1	extract-verify.ps1	660f675a60f51cfc21cec4be6b59ec2fb35a1b9d1a9cc7a767758d292047063e	MATCH
preparation-result.json	62	caf3f01d294b33704f208d9aa7f1c870cd3601c5047661bbd8fcfedb7cc8827a	artifact_sha256/signing-verification.log	signing-verification.log	caf3f01d294b33704f208d9aa7f1c870cd3601c5047661bbd8fcfedb7cc8827a	MATCH
preparation-result.json	63	41c37b8f52a11d833aec0066746716ee22fe83d814c22b4716f8e7579f9d4362	artifact_sha256/full-suite-result.json	full-suite-result.json	41c37b8f52a11d833aec0066746716ee22fe83d814c22b4716f8e7579f9d4362	MATCH
preparation-result.json	64	2f3f27dbf9d1fb796e62d7ef7ef0ab19ca9279f3f26ab8b55bf5d9679fe5ac4b	artifact_sha256/source-proof.json	source-proof.json	2f3f27dbf9d1fb796e62d7ef7ef0ab19ca9279f3f26ab8b55bf5d9679fe5ac4b	MATCH
readiness-manifest.json	5	0929325d6184d2ab44362ee3a46335909ef9ca1f99e67f01435bf57b53ca0a31	source_diff_sha256	candidate-code.diff	0929325d6184d2ab44362ee3a46335909ef9ca1f99e67f01435bf57b53ca0a31	MATCH
readiness-manifest.json	10	3833fd3953072c84fbed4f49ba4e563d6eac325e80a80adcdd3460eb31d65827	package_sha256/appleagxrenderadmission.cat	appleagxrenderadmission.cat	3833fd3953072c84fbed4f49ba4e563d6eac325e80a80adcdd3460eb31d65827	MATCH
readiness-manifest.json	11	b2c7e2993d6d92eabf301d9db6bf640fa4c1ffe3cea145c47a3e8bc3c587ce21	package_sha256/AppleAgxRenderAdmission.inf	AppleAgxRenderAdmission.inf	b2c7e2993d6d92eabf301d9db6bf640fa4c1ffe3cea145c47a3e8bc3c587ce21	MATCH
readiness-manifest.json	12	813a0c746cb200c79a96ead7571bec10768fd3dd7123da40448d4a5f9b426cd1	package_sha256/AppleAgxRenderAdmission.sys	AppleAgxRenderAdmission.sys	813a0c746cb200c79a96ead7571bec10768fd3dd7123da40448d4a5f9b426cd1	MATCH
readiness-manifest.json	13	1010eb9b13ee7e58f623fb7dd10ccba780b2b71b0b1558d948a68d86444def50	package_sha256/AppleAgxRenderAdmissionUmd.dll	AppleAgxRenderAdmissionUmd.dll	1010eb9b13ee7e58f623fb7dd10ccba780b2b71b0b1558d948a68d86444def50	MATCH
readiness-manifest.json	16	e54c009847e64a4b2b327f54385eedb94f5a9e5fd3b459fd6101b07af4c023fc	firmware_sha256/J313_EFI-r143.fd	firmware/J313_EFI-r143.fd	e54c009847e64a4b2b327f54385eedb94f5a9e5fd3b459fd6101b07af4c023fc	MATCH
readiness-manifest.json	17	5fe13d19c5ca4d21327c44934613ae0f5109b8de096590db69f455e439e61a01	firmware_sha256/m1n1-r143.macho	firmware/m1n1-r143.macho	5fe13d19c5ca4d21327c44934613ae0f5109b8de096590db69f455e439e61a01	MATCH
readiness-manifest.json	18	3bdb28edb9def16f147f00947d9a2368f1f99036d601c86ead8b0ff46ccbab7f	firmware_sha256/J313AppleAgxAbiAdmissionSsdt.aml	firmware/J313AppleAgxAbiAdmissionSsdt.aml	3bdb28edb9def16f147f00947d9a2368f1f99036d601c86ead8b0ff46ccbab7f	MATCH
readiness-manifest.json	20	20e66eef5b2ce315976d5ae39661d892d44b8c037e07b2be6eb6035e245c66d3	hardware_manifest_sha256	hardware-manifest.json	20e66eef5b2ce315976d5ae39661d892d44b8c037e07b2be6eb6035e245c66d3	MATCH
readiness-manifest.json	21	b804cca3afa77413a70c6a0b518ffd0aa17cb7cb616a3f3797db7e82edeb152d	guest_transfer_manifest_sha256	guest-transfer-manifest.json	b804cca3afa77413a70c6a0b518ffd0aa17cb7cb616a3f3797db7e82edeb152d	MATCH
readiness-manifest.json	22	70de18dd45a7df81cee5831fbcded75bb2a9ce8a0c893ccbd322baf1d142797f	payload_sha256	guest-payload.tar	70de18dd45a7df81cee5831fbcded75bb2a9ce8a0c893ccbd322baf1d142797f	MATCH
resume-stage.ps1	5	b2c7e2993d6d92eabf301d9db6bf640fa4c1ffe3cea145c47a3e8bc3c587ce21	comparison/argument 1	AppleAgxRenderAdmission.inf	b2c7e2993d6d92eabf301d9db6bf640fa4c1ffe3cea145c47a3e8bc3c587ce21	MATCH
resume-stage.ps1	8	813a0c746cb200c79a96ead7571bec10768fd3dd7123da40448d4a5f9b426cd1	comparison/argument 2	AppleAgxRenderAdmission.sys	813a0c746cb200c79a96ead7571bec10768fd3dd7123da40448d4a5f9b426cd1	MATCH
resume-stage.ps1	9	1010eb9b13ee7e58f623fb7dd10ccba780b2b71b0b1558d948a68d86444def50	comparison/argument 3	AppleAgxRenderAdmissionUmd.dll	1010eb9b13ee7e58f623fb7dd10ccba780b2b71b0b1558d948a68d86444def50	MATCH
resume-stage.ps1	10	3833fd3953072c84fbed4f49ba4e563d6eac325e80a80adcdd3460eb31d65827	comparison/argument 4	appleagxrenderadmission.cat	3833fd3953072c84fbed4f49ba4e563d6eac325e80a80adcdd3460eb31d65827	MATCH
resume-stage.ps1	14	882d41e98ac4c2f5d87f8d4e491f013b15e29938d1703b064b5b890583f8e245	comparison/argument 5	autologger-stage.ps1	7debd29c21663ee290a471a56a43dbc5dc8b93b8e8ea1b746fa487ae094912ab	MISMATCH
source-manifest.json	19	fdd443afbff08eb8da42c4f937f3972d9c748cd4f0a159e2c1fd407762ce36c6	files/0/sha256	source.zip!drivers/apple-agx/admission/AppleAgxAdmission.inf	fdd443afbff08eb8da42c4f937f3972d9c748cd4f0a159e2c1fd407762ce36c6	MATCH
source-manifest.json	24	b557a0186a7c24ee3fef3d363206d41501556afa3fba1334544cf7001df37d0f	files/1/sha256	source.zip!drivers/apple-agx/admission/AppleAgxAdmission.vcxproj	b557a0186a7c24ee3fef3d363206d41501556afa3fba1334544cf7001df37d0f	MATCH
source-manifest.json	29	3f6b358e1f43bf33c499198d073507cb258691c982b78171c9ceb8775828f437	files/2/sha256	source.zip!drivers/apple-agx/admission/include/apple_agx_admission.h	3f6b358e1f43bf33c499198d073507cb258691c982b78171c9ceb8775828f437	MATCH
source-manifest.json	34	bbec01462a39cc8abcb9c0012657495831c15ea34f4bc1ca39e8cb7b221f09aa	files/3/sha256	source.zip!drivers/apple-agx/admission/src/driver.c	bbec01462a39cc8abcb9c0012657495831c15ea34f4bc1ca39e8cb7b221f09aa	MATCH
source-manifest.json	39	b4124b2f4b0fd0ddd5df5dc4073f0177bce4aa44081b7023cd4a7adae0f145e2	files/4/sha256	source.zip!drivers/apple-agx/admission/src/lifecycle.c	b4124b2f4b0fd0ddd5df5dc4073f0177bce4aa44081b7023cd4a7adae0f145e2	MATCH
source-manifest.json	44	a4902677f9a4986ab41b5b99d1048890c77d7a37d503d530dac94e954c3237b0	files/5/sha256	source.zip!drivers/apple-agx/mesa/compiler-host/agx_shader_fixture.c	a4902677f9a4986ab41b5b99d1048890c77d7a37d503d530dac94e954c3237b0	MATCH
source-manifest.json	49	3f594560df5d3e6e8d21eba993ed723bc9f3f42115da630199e473ad53019d75	files/6/sha256	source.zip!drivers/apple-agx/mesa/compiler-host/agx_vs_fs_fixture.c	3f594560df5d3e6e8d21eba993ed723bc9f3f42115da630199e473ad53019d75	MATCH
source-manifest.json	54	fcc3d24a0a6dfb0f17b4f4e89ce4ea5db83fefda006f1a9c0d5486d5fca899aa	files/7/sha256	source.zip!drivers/apple-agx/mesa/d3d10umd/required-formats-fl10.json	fcc3d24a0a6dfb0f17b4f4e89ce4ea5db83fefda006f1a9c0d5486d5fca899aa	MATCH
source-manifest.json	59	7c50e9cf399ad0da505387348a6e8ed6028a1b628b63e955fd0939cbc0c8293a	files/8/sha256	source.zip!drivers/apple-agx/mesa/mesa-ad03-source-contract.json	7c50e9cf399ad0da505387348a6e8ed6028a1b628b63e955fd0939cbc0c8293a	MATCH
source-manifest.json	64	4c26f215aff7e0a047ee8e44621dc4a7f311c566ed771dbbf7ffb8be57db9d86	files/9/sha256	source.zip!drivers/apple-agx/mesa/mesa-source.lock.json	4c26f215aff7e0a047ee8e44621dc4a7f311c566ed771dbbf7ffb8be57db9d86	MATCH
source-manifest.json	69	e562799206b8adc8d87736dc89023406d40e624caf6dd274e037ea83c1ac7c1c	files/10/sha256	source.zip!drivers/apple-agx/mesa/scripts/apply-pipeline-bo-overlay.py	e562799206b8adc8d87736dc89023406d40e624caf6dd274e037ea83c1ac7c1c	MATCH
source-manifest.json	74	283e8cea7f21cb44c9b04043adf606ee3b85111a17b67013feecfaf10c90fbd9	files/11/sha256	source.zip!drivers/apple-agx/mesa/scripts/audit-agxindex-assignments.ps1	283e8cea7f21cb44c9b04043adf606ee3b85111a17b67013feecfaf10c90fbd9	MATCH
source-manifest.json	79	137561c70084363cb84bdd779d217b2150a7e14586f8710e81155086ae70e154	files/12/sha256	source.zip!drivers/apple-agx/mesa/scripts/build-asahi-runtime-closure.py	137561c70084363cb84bdd779d217b2150a7e14586f8710e81155086ae70e154	MATCH
source-manifest.json	84	b15b8fcda3f8b85a83dafdce923460108bf5fa773158641ac7f07fb2afefd8b4	files/13/sha256	source.zip!drivers/apple-agx/mesa/scripts/build-d3d10-frontend-control.ps1	b15b8fcda3f8b85a83dafdce923460108bf5fa773158641ac7f07fb2afefd8b4	MATCH
source-manifest.json	89	7da140554f9f760bce0426330f10119b41999da4a5ce619b7edf5307fcb0c280	files/14/sha256	source.zip!drivers/apple-agx/mesa/scripts/build-full-asahi.py	7da140554f9f760bce0426330f10119b41999da4a5ce619b7edf5307fcb0c280	MATCH
source-manifest.json	94	5b584f6014f3470677ed6ac9229d44ef7a8892bdb4dc3188d32f64aedbfe1f39	files/15/sha256	source.zip!drivers/apple-agx/mesa/scripts/build-native-asahi-state.py	5b584f6014f3470677ed6ac9229d44ef7a8892bdb4dc3188d32f64aedbfe1f39	MATCH
source-manifest.json	99	72aebbc5316c2033b01bca0b251cd16f7588e9cd63243662eb3f52ff2902569d	files/16/sha256	source.zip!drivers/apple-agx/mesa/scripts/build-nir-libraries.ps1	72aebbc5316c2033b01bca0b251cd16f7588e9cd63243662eb3f52ff2902569d	MATCH
source-manifest.json	104	986a1b93625507d486e9532a42e2bcf23753b08341bdeb79aec4aa53fabf1f3d	files/17/sha256	source.zip!drivers/apple-agx/mesa/scripts/build-reloc-capture.ps1	986a1b93625507d486e9532a42e2bcf23753b08341bdeb79aec4aa53fabf1f3d	MATCH
source-manifest.json	109	5f212b586e191f30278f3862fc227ab647a5ece916ab100148f0bfc9fc5b25a0	files/18/sha256	source.zip!drivers/apple-agx/mesa/scripts/build-umd-composer-dll.ps1	5f212b586e191f30278f3862fc227ab647a5ece916ab100148f0bfc9fc5b25a0	MATCH
source-manifest.json	114	33ff5741ba896888f94f2da0215b211908a4acbf414c7014981914701a34f6e7	files/19/sha256	source.zip!drivers/apple-agx/mesa/scripts/compact_blocker.py	33ff5741ba896888f94f2da0215b211908a4acbf414c7014981914701a34f6e7	MATCH
source-manifest.json	119	ccc91ec1780068ecdfb101b36527e2f13ff14ba7ad298d3d23490117ef57798b	files/20/sha256	source.zip!drivers/apple-agx/mesa/scripts/compiler-arm64.ini	ccc91ec1780068ecdfb101b36527e2f13ff14ba7ad298d3d23490117ef57798b	MATCH
source-manifest.json	124	b2f13335b93ebfc4ae18c1d4a361899088c895e4bc166f23d64f84ddb5290ad5	files/21/sha256	source.zip!drivers/apple-agx/mesa/scripts/configure-arm64-nir.ps1	b2f13335b93ebfc4ae18c1d4a361899088c895e4bc166f23d64f84ddb5290ad5	MATCH
source-manifest.json	129	10c86695541f6b8e139d00319a32e283b6a4d9ec7563e894200f975eb3a8cdce	files/22/sha256	source.zip!drivers/apple-agx/mesa/scripts/configure-full-compiler.ps1	10c86695541f6b8e139d00319a32e283b6a4d9ec7563e894200f975eb3a8cdce	MATCH
source-manifest.json	134	2c5d2421cb4bc98757fcb04a41f8b17456797d4a65346c84ca37670dc4c239ff	files/23/sha256	source.zip!drivers/apple-agx/mesa/scripts/derive-agxindex-fragment.py	2c5d2421cb4bc98757fcb04a41f8b17456797d4a65346c84ca37670dc4c239ff	MATCH
source-manifest.json	139	d17a0907bd68e1b174a2a5d2e36da30432d3bc2405e6e863f7eb47ecf716d7be	files/24/sha256	source.zip!drivers/apple-agx/mesa/scripts/derive-agxindex-overlay.py	d17a0907bd68e1b174a2a5d2e36da30432d3bc2405e6e863f7eb47ecf716d7be	MATCH
source-manifest.json	144	0829dc9f5362a2136f37d2b2c946d6efa95c78cb3354844f9a0db9fb25c53b7c	files/25/sha256	source.zip!drivers/apple-agx/mesa/scripts/derive-lut-overlay.py	0829dc9f5362a2136f37d2b2c946d6efa95c78cb3354844f9a0db9fb25c53b7c	MATCH
source-manifest.json	149	081717cfe810e3769dea181a435b6b32ed922cd3a5d6b95996c229310b51bbfe	files/26/sha256	source.zip!drivers/apple-agx/mesa/scripts/derive-offt-overlay.py	081717cfe810e3769dea181a435b6b32ed922cd3a5d6b95996c229310b51bbfe	MATCH
source-manifest.json	154	2d1efa737ff133f8cdf9827472a62d6d5d4d10a12940b398227a1c49aac31742	files/27/sha256	source.zip!drivers/apple-agx/mesa/scripts/diagnose-compiler-execution.ps1	2d1efa737ff133f8cdf9827472a62d6d5d4d10a12940b398227a1c49aac31742	MATCH
source-manifest.json	159	25ac799278e85912bcf4b293c78debc437f1cea5eb6fbf26da08407ea1fd9c17	files/28/sha256	source.zip!drivers/apple-agx/mesa/scripts/enable-full-nir.ps1	25ac799278e85912bcf4b293c78debc437f1cea5eb6fbf26da08407ea1fd9c17	MATCH
source-manifest.json	164	3ebfe53eafeffb55896b4341211cbe865564d7f01db846d929704bafa4987214	files/29/sha256	source.zip!drivers/apple-agx/mesa/scripts/native-asahi-batch-lifecycle.py	3ebfe53eafeffb55896b4341211cbe865564d7f01db846d929704bafa4987214	MATCH
source-manifest.json	169	a616e67230cc2283cdd41646f5fb1df7a708cdc56b4be65cf9b6c84fbda9a713	files/30/sha256	source.zip!drivers/apple-agx/mesa/scripts/native-asahi-graph-capture.py	a616e67230cc2283cdd41646f5fb1df7a708cdc56b4be65cf9b6c84fbda9a713	MATCH
source-manifest.json	174	bc4b577aeaa1a9b03ceae235a28e186c7c67a1d911bdd2f5669ed8fa5b3ac27d	files/31/sha256	source.zip!drivers/apple-agx/mesa/scripts/prepare-phase3-normalized.ps1	bc4b577aeaa1a9b03ceae235a28e186c7c67a1d911bdd2f5669ed8fa5b3ac27d	MATCH
source-manifest.json	179	28a22ad62f4ed9e27b37573cf9e18d7923d85177544ac9ff71216a6662f46043	files/32/sha256	source.zip!drivers/apple-agx/mesa/scripts/probe-agxindex-arm64-default.ps1	28a22ad62f4ed9e27b37573cf9e18d7923d85177544ac9ff71216a6662f46043	MATCH
source-manifest.json	184	498fbcdb58d5deca50cb6ba62745a0227859754b4701c3f66f1597a9de553201	files/33/sha256	source.zip!drivers/apple-agx/mesa/scripts/probe-agxindex-layout.ps1	498fbcdb58d5deca50cb6ba62745a0227859754b4701c3f66f1597a9de553201	MATCH
source-manifest.json	189	483fd60bb3e87613e6dab43904b649d8e5b0d0ecf66fe266ab010aae2dc3db2a	files/34/sha256	source.zip!drivers/apple-agx/mesa/scripts/probe-agxindex-pragma.ps1	483fd60bb3e87613e6dab43904b649d8e5b0d0ecf66fe266ab010aae2dc3db2a	MATCH
source-manifest.json	194	c00a9c295ce69e5b0408e8aeedbc78a24c26d9b9d4698ba273e99437f2d92e28	files/35/sha256	source.zip!drivers/apple-agx/mesa/scripts/probe-fs-epilog-layout.py	c00a9c295ce69e5b0408e8aeedbc78a24c26d9b9d4698ba273e99437f2d92e28	MATCH
source-manifest.json	199	360f0753b1dec7e475d4d9acc8f3dab716c7606d8341e75be4b128a16b0ed0ac	files/36/sha256	source.zip!drivers/apple-agx/mesa/scripts/run-agxindex-corpus.ps1	360f0753b1dec7e475d4d9acc8f3dab716c7606d8341e75be4b128a16b0ed0ac	MATCH
source-manifest.json	204	2a8a0ac38ff025494cb9ee62cde032c607b05e80d2c7bcba403d160fc79a695f	files/37/sha256	source.zip!drivers/apple-agx/mesa/scripts/run-agxindex-derived-control.ps1	2a8a0ac38ff025494cb9ee62cde032c607b05e80d2c7bcba403d160fc79a695f	MATCH
source-manifest.json	209	1a589558d4b1414ef574d9b6a5c90e640d5dab5c23b2859a914c9fde9d2a3f3b	files/38/sha256	source.zip!drivers/apple-agx/mesa/scripts/run-asahi-runtime-closure.ps1	1a589558d4b1414ef574d9b6a5c90e640d5dab5c23b2859a914c9fde9d2a3f3b	MATCH
source-manifest.json	214	7595c7281c374a1944f91a827d912443e9052c2340a81cedb0f0e780a0d6851e	files/39/sha256	source.zip!drivers/apple-agx/mesa/scripts/run-full-asahi.ps1	7595c7281c374a1944f91a827d912443e9052c2340a81cedb0f0e780a0d6851e	MATCH
source-manifest.json	219	dbb2e2179d295d867e50d398850e1344ad6eb1db806f59b92438addfb2974173	files/40/sha256	source.zip!drivers/apple-agx/mesa/scripts/run-math-constants-probe.ps1	dbb2e2179d295d867e50d398850e1344ad6eb1db806f59b92438addfb2974173	MATCH
source-manifest.json	224	4b57adfda51332d3a1317410e88430a420322b00fa3f3b9973d2cf014c5bfa78	files/41/sha256	source.zip!drivers/apple-agx/mesa/scripts/run-native-owner-contract.ps1	4b57adfda51332d3a1317410e88430a420322b00fa3f3b9973d2cf014c5bfa78	MATCH
source-manifest.json	229	a506fdb4bc74c986bc6b1be95d4b06cf584e4bd14b8be559c957de7cf2eccf77	files/42/sha256	source.zip!drivers/apple-agx/mesa/scripts/run-offt-derived-control.ps1	a506fdb4bc74c986bc6b1be95d4b06cf584e4bd14b8be559c957de7cf2eccf77	MATCH
source-manifest.json	234	a75ca1e676ada913d90894d84d1fc3030736b942e99ef9e6249f9c2977c3c655	files/43/sha256	source.zip!drivers/apple-agx/mesa/scripts/run-phase3-normalized.ps1	a75ca1e676ada913d90894d84d1fc3030736b942e99ef9e6249f9c2977c3c655	MATCH
source-manifest.json	239	1d6762dcfc77b55c2e78152e88ca0d40a438bebe86ac58122b3a2c7399eb2c57	files/44/sha256	source.zip!drivers/apple-agx/mesa/scripts/run-uatomic-agx-control.ps1	1d6762dcfc77b55c2e78152e88ca0d40a438bebe86ac58122b3a2c7399eb2c57	MATCH
source-manifest.json	244	6acf91802f7b7ed446c2ee4b443ca78cbd21856c059d47b53bc444bbeeb1a726	files/45/sha256	source.zip!drivers/apple-agx/mesa/scripts/run-umd-draw-composer.ps1	6acf91802f7b7ed446c2ee4b443ca78cbd21856c059d47b53bc444bbeeb1a726	MATCH
source-manifest.json	249	307b0113e4d2eccaf8366db792e6afd136ad2762634a6a97fe0d6739e8704294	files/46/sha256	source.zip!drivers/apple-agx/mesa/scripts/run-util-lut2-derived-control.ps1	307b0113e4d2eccaf8366db792e6afd136ad2762634a6a97fe0d6739e8704294	MATCH
source-manifest.json	254	d527dcfb47c977b5289f0eb8009bea32bc6ada1faf0781b0c3488b65d93a36d1	files/47/sha256	source.zip!drivers/apple-agx/mesa/scripts/setup-full-compiler.ps1	d527dcfb47c977b5289f0eb8009bea32bc6ada1faf0781b0c3488b65d93a36d1	MATCH
source-manifest.json	259	651e809b9d0ac63d1d9ee190ce365b0604e78fac33b92bf383d81720826525b6	files/48/sha256	source.zip!drivers/apple-agx/mesa/scripts/stage-run-asahi-runtime-closure.sh	651e809b9d0ac63d1d9ee190ce365b0604e78fac33b92bf383d81720826525b6	MATCH
source-manifest.json	264	3e9c3c19ef234b7d3997c4c916ac4d885cf1677215883ce482861e56cf993b2d	files/49/sha256	source.zip!drivers/apple-agx/mesa/scripts/test-lut-features.ps1	3e9c3c19ef234b7d3997c4c916ac4d885cf1677215883ce482861e56cf993b2d	MATCH
source-manifest.json	269	06c2b6d7c181a6b6b4f513bab54c509f4a4f151ec9b82a470bd2ec557c5002ee	files/50/sha256	source.zip!drivers/apple-agx/mesa/scripts/test-lut-guard.ps1	06c2b6d7c181a6b6b4f513bab54c509f4a4f151ec9b82a470bd2ec557c5002ee	MATCH
source-manifest.json	274	b6e09e98d495c98d1257f3c708c8b28d7b79c20318add5a1c8b6d9c1e779fcd3	files/51/sha256	source.zip!drivers/apple-agx/mesa/scripts/test-offt-internal.ps1	b6e09e98d495c98d1257f3c708c8b28d7b79c20318add5a1c8b6d9c1e779fcd3	MATCH
source-manifest.json	279	738f059bcf469a164c94bb2303cd6e89d149fa233afb80a1777cf2854a4194a3	files/52/sha256	source.zip!drivers/apple-agx/mesa/scripts/test-phase3-normalized-policy.ps1	738f059bcf469a164c94bb2303cd6e89d149fa233afb80a1777cf2854a4194a3	MATCH
source-manifest.json	284	f8b7d38d0bc1022cbb248e69cc01a4fe04d6df2995a1d4f532df07f1043d64d3	files/53/sha256	source.zip!drivers/apple-agx/mesa/scripts/test-uatomic-arm64.ps1	f8b7d38d0bc1022cbb248e69cc01a4fe04d6df2995a1d4f532df07f1043d64d3	MATCH
source-manifest.json	289	e1d2ed4c6d28f2906c1d9173589f984afcb0e02cedad0474a733946424bfabc1	files/54/sha256	source.zip!drivers/apple-agx/mesa/scripts/test-uatomic-overlay.ps1	e1d2ed4c6d28f2906c1d9173589f984afcb0e02cedad0474a733946424bfabc1	MATCH
source-manifest.json	294	49ed6191fe4569b726d6284b6a98158a74e4f09df3b447a3b3d27c43a7c33191	files/55/sha256	source.zip!drivers/apple-agx/mesa/scripts/validate-fpcr.ps1	49ed6191fe4569b726d6284b6a98158a74e4f09df3b447a3b3d27c43a7c33191	MATCH
source-manifest.json	299	d12db96e2a0019c55fbc9971b3832b9963ad6ae8433f7fd0173143a334695e5d	files/56/sha256	source.zip!drivers/apple-agx/mesa/scripts/validate-uatomic32.ps1	d12db96e2a0019c55fbc9971b3832b9963ad6ae8433f7fd0173143a334695e5d	MATCH
source-manifest.json	304	aa9794427d50ab92e7aab49d60488d513865d8b55653b67455e63757c10065d0	files/57/sha256	source.zip!drivers/apple-agx/mesa/scripts/verify-fullcompiler-evidence.py	aa9794427d50ab92e7aab49d60488d513865d8b55653b67455e63757c10065d0	MATCH
source-manifest.json	309	7e051c8a68c7351c896d9dfe32355c3c91202a1e697379ecdd6e526a2e03bd70	files/58/sha256	source.zip!drivers/apple-agx/mesa/scripts/verify-pipeline-address-inventory.py	7e051c8a68c7351c896d9dfe32355c3c91202a1e697379ecdd6e526a2e03bd70	MATCH
source-manifest.json	314	861db7a22f527c45bd4cfd84dc9ed9f6f9c14fddd35f0083e0f0b1d64e886a70	files/59/sha256	source.zip!drivers/apple-agx/mesa/tools/wgl_loader_control.c	861db7a22f527c45bd4cfd84dc9ed9f6f9c14fddd35f0083e0f0b1d64e886a70	MATCH
source-manifest.json	319	674583538cc015cf8937af10735452763a365fe5710968cc001dc77570a0a002	files/60/sha256	source.zip!drivers/apple-agx/mesa/windows-overlay/agx-build-pipeline-addresses.json	674583538cc015cf8937af10735452763a365fe5710968cc001dc77570a0a002	MATCH
source-manifest.json	324	3ecb9e122bc6b49cc0e0459899bd2879a06e606c5da8eaaf4505ba64cc6147d3	files/61/sha256	source.zip!drivers/apple-agx/mesa/windows-overlay/agx-null-device.json	3ecb9e122bc6b49cc0e0459899bd2879a06e606c5da8eaaf4505ba64cc6147d3	MATCH
source-manifest.json	329	f4f77af1d492aee40204a9953027815a3a9d84d2c7f030d473fe1166d03088e2	files/62/sha256	source.zip!drivers/apple-agx/mesa/windows-overlay/agx-spill-alloca.json	f4f77af1d492aee40204a9953027815a3a9d84d2c7f030d473fe1166d03088e2	MATCH
source-manifest.json	334	2cee6007febf5f8fc0849795c2e49d635dbdc65cf07933943367c0ad77529a79	files/63/sha256	source.zip!drivers/apple-agx/mesa/windows-overlay/agx-state-pipeline-bo.json	2cee6007febf5f8fc0849795c2e49d635dbdc65cf07933943367c0ad77529a79	MATCH
source-manifest.json	339	ba840c445e97136572e469b4b0d1249d9372b771df7e4fd11d1da59c3ef29034	files/64/sha256	source.zip!drivers/apple-agx/mesa/windows-overlay/agx_compiler.h	ba840c445e97136572e469b4b0d1249d9372b771df7e4fd11d1da59c3ef29034	MATCH
source-manifest.json	344	447f210f538963d1f4a1d5d5386c5596c37c5548255cf9ffaaebf7c1d63a04dc	files/65/sha256	source.zip!drivers/apple-agx/mesa/windows-overlay/agx_pack.c	447f210f538963d1f4a1d5d5386c5596c37c5548255cf9ffaaebf7c1d63a04dc	MATCH
source-manifest.json	349	f40f0a1756104504514ae849a8d31c7529c34c096a7aa591d2dcb1462f5c72d4	files/66/sha256	source.zip!drivers/apple-agx/mesa/windows-overlay/agxindex_fragment_corpus.c	f40f0a1756104504514ae849a8d31c7529c34c096a7aa591d2dcb1462f5c72d4	MATCH
source-manifest.json	354	0b0c48aa89a48331238e71f4d7abf1405f0f513b97f3ef924a15314929e92dc8	files/67/sha256	source.zip!drivers/apple-agx/mesa/windows-overlay/agxindex_layout_probe.c	0b0c48aa89a48331238e71f4d7abf1405f0f513b97f3ef924a15314929e92dc8	MATCH
source-manifest.json	359	894b0561ecb42a1d4b93e909d583f53b7f1569935e04f7e80db005d171d38d2e	files/68/sha256	source.zip!drivers/apple-agx/mesa/windows-overlay/agxindex_pragma_probe.c	894b0561ecb42a1d4b93e909d583f53b7f1569935e04f7e80db005d171d38d2e	MATCH
source-manifest.json	364	f7be5c50d12b8f396b6355427c3451620f91304414808cfafe1ae8bfa0e7986a	files/69/sha256	source.zip!drivers/apple-agx/mesa/windows-overlay/agxindex_unsigned_corpus.c	f7be5c50d12b8f396b6355427c3451620f91304414808cfafe1ae8bfa0e7986a	MATCH
source-manifest.json	369	9cff83a3e27a26155020741fe76042aa9a8a0da846d1e3d4fdcc9e9d1356110f	files/70/sha256	source.zip!drivers/apple-agx/mesa/windows-overlay/fpcr_compile_test.c	9cff83a3e27a26155020741fe76042aa9a8a0da846d1e3d4fdcc9e9d1356110f	MATCH
source-manifest.json	374	b62b0c94842b0de86df45a2da30691f8d8ffe88c09b8ec8ccb5a9b55f12f2b4b	files/71/sha256	source.zip!drivers/apple-agx/mesa/windows-overlay/lut.h	b62b0c94842b0de86df45a2da30691f8d8ffe88c09b8ec8ccb5a9b55f12f2b4b	MATCH
source-manifest.json	379	91cfe17d58277955c538b50ac399e402b7e5e220c6107407c268ceafa8e6241e	files/72/sha256	source.zip!drivers/apple-agx/mesa/windows-overlay/lut_feature_probe.c	91cfe17d58277955c538b50ac399e402b7e5e220c6107407c268ceafa8e6241e	MATCH
source-manifest.json	384	4c5a67077e50d999602dab6cf1293678e95e89a9aaa5fa368bd3b0bea78cdd13	files/73/sha256	source.zip!drivers/apple-agx/mesa/windows-overlay/lut_guard_probe.c	4c5a67077e50d999602dab6cf1293678e95e89a9aaa5fa368bd3b0bea78cdd13	MATCH
source-manifest.json	389	f04340151d69eb3504f7192c11cdbad030bb1dba31754608375d0221b99bf373	files/74/sha256	source.zip!drivers/apple-agx/mesa/windows-overlay/lut_semantics_test.c	f04340151d69eb3504f7192c11cdbad030bb1dba31754608375d0221b99bf373	MATCH
source-manifest.json	394	adf9cdf92a12720a17c080e1ce5429008481c6e0925a2e4df2815aadae03f48b	files/75/sha256	source.zip!drivers/apple-agx/mesa/windows-overlay/math_constants_probe.c	adf9cdf92a12720a17c080e1ce5429008481c6e0925a2e4df2815aadae03f48b	MATCH
source-manifest.json	399	de284347af6211766a0d9e75fe46010890a49ac0b6b011234c12749e20285c04	files/76/sha256	source.zip!drivers/apple-agx/mesa/windows-overlay/offt_internal_probe.c	de284347af6211766a0d9e75fe46010890a49ac0b6b011234c12749e20285c04	MATCH
source-manifest.json	404	fe01d0b066bb0e406e22aa0c7ce2383152c7e13019652c9ea581649799ad264d	files/77/sha256	source.zip!drivers/apple-agx/mesa/windows-overlay/uatomic32_semantics_test.c	fe01d0b066bb0e406e22aa0c7ce2383152c7e13019652c9ea581649799ad264d	MATCH
source-manifest.json	409	5f0e07d8a36b2737288399028dbbcf8fb37f63bc92396d22a3685d7aadf350a8	files/78/sha256	source.zip!drivers/apple-agx/mesa/windows-overlay/uatomic_clang_compat.h	5f0e07d8a36b2737288399028dbbcf8fb37f63bc92396d22a3685d7aadf350a8	MATCH
source-manifest.json	414	29dd6f68f8caa88d4c43d699b974febfcddb6fd8a59d65a9a80df12ab4d867ff	files/79/sha256	source.zip!drivers/apple-agx/mesa/windows-overlay/uatomic_mesa_semantics_test.c	29dd6f68f8caa88d4c43d699b974febfcddb6fd8a59d65a9a80df12ab4d867ff	MATCH
source-manifest.json	419	7c6352a37d74385931fa6ba46b216b64c5217422eaf689dc772425bfe3d64da0	files/80/sha256	source.zip!drivers/apple-agx/mesa/windows-overlay/uatomic_semantics_test.c	7c6352a37d74385931fa6ba46b216b64c5217422eaf689dc772425bfe3d64da0	MATCH
source-manifest.json	424	478c3edede6fb600e4a9b867cec4bec1e30558a08c0aa503205640412e86cdf0	files/81/sha256	source.zip!drivers/apple-agx/mesa/winsys/agx_d3d10_windows.cpp	478c3edede6fb600e4a9b867cec4bec1e30558a08c0aa503205640412e86cdf0	MATCH
source-manifest.json	429	5c89d908fa494c5788866c4f2075a7e97db1a5bfe3bacdc126edba5426acf777	files/82/sha256	source.zip!drivers/apple-agx/mesa/winsys/agx_d3d10_windows.h	5c89d908fa494c5788866c4f2075a7e97db1a5bfe3bacdc126edba5426acf777	MATCH
source-manifest.json	434	23f260461171c22f1094dda5760bf9a62feb47e8659fa410ff5c562722095157	files/83/sha256	source.zip!drivers/apple-agx/mesa/winsys/agx_win32_asahi_batch.c	23f260461171c22f1094dda5760bf9a62feb47e8659fa410ff5c562722095157	MATCH
source-manifest.json	439	59282ac7aa63de32074eaf5e0a10d9a3b52f384c6256be955ec17b813aaa114c	files/84/sha256	source.zip!drivers/apple-agx/mesa/winsys/agx_win32_asahi_batch.h	59282ac7aa63de32074eaf5e0a10d9a3b52f384c6256be955ec17b813aaa114c	MATCH
source-manifest.json	444	e93ebc1983cddb872e3e6d66d21e7d7cd95ae193e7ed0d75590a7ca905f36db8	files/85/sha256	source.zip!drivers/apple-agx/mesa/winsys/agx_win32_asahi_bo.c	e93ebc1983cddb872e3e6d66d21e7d7cd95ae193e7ed0d75590a7ca905f36db8	MATCH
source-manifest.json	449	e91762c43ce6ade9f04cd19efc598711047fecce32f33d5740e417829411ce88	files/86/sha256	source.zip!drivers/apple-agx/mesa/winsys/agx_win32_asahi_bo.h	e91762c43ce6ade9f04cd19efc598711047fecce32f33d5740e417829411ce88	MATCH
source-manifest.json	454	539097bc9eabbd6e5cbb54d4ddbc5c73505ec5b78182eb9ca722b15588b130b4	files/87/sha256	source.zip!drivers/apple-agx/mesa/winsys/agx_win32_asahi_capture.c	539097bc9eabbd6e5cbb54d4ddbc5c73505ec5b78182eb9ca722b15588b130b4	MATCH
source-manifest.json	459	b7fe0b9995de2639a6aab3a2793945a437a5c4b6eea80266f978a9b428dac422	files/88/sha256	source.zip!drivers/apple-agx/mesa/winsys/agx_win32_asahi_capture.h	b7fe0b9995de2639a6aab3a2793945a437a5c4b6eea80266f978a9b428dac422	MATCH
source-manifest.json	464	430965aeb458b97e542d685b2829ea9b4df385a121aa296e08b6a1e9c4fe1de4	files/89/sha256	source.zip!drivers/apple-agx/mesa/winsys/agx_win32_asahi_pipeline.c	430965aeb458b97e542d685b2829ea9b4df385a121aa296e08b6a1e9c4fe1de4	MATCH
source-manifest.json	469	a88b5bc77d6ded71cbc25167805690c68b9bf7a133f55cb3fa2a12d628082c88	files/90/sha256	source.zip!drivers/apple-agx/mesa/winsys/agx_win32_asahi_pipeline.h	a88b5bc77d6ded71cbc25167805690c68b9bf7a133f55cb3fa2a12d628082c88	MATCH
source-manifest.json	474	e89696a89aeb5acba309edc79a8f108c3228217d49100de19ad2769b534ed5f2	files/91/sha256	source.zip!drivers/apple-agx/mesa/winsys/agx_win32_asahi_pipeline_test.c	e89696a89aeb5acba309edc79a8f108c3228217d49100de19ad2769b534ed5f2	MATCH
source-manifest.json	479	9ed69ef80930cc8bbab3ee5145108be21b20e5a21aef3076b6226448c82b0173	files/92/sha256	source.zip!drivers/apple-agx/mesa/winsys/agx_win32_asahi_pool_test.c	9ed69ef80930cc8bbab3ee5145108be21b20e5a21aef3076b6226448c82b0173	MATCH
source-manifest.json	484	3766a9ec6bd5c2b84c583fb365308b141d7b69aa1b2000136aeb94e77a41518f	files/93/sha256	source.zip!drivers/apple-agx/mesa/winsys/agx_win32_asahi_runtime_test.c	3766a9ec6bd5c2b84c583fb365308b141d7b69aa1b2000136aeb94e77a41518f	MATCH
source-manifest.json	489	db8770d050b2298b97d0f7d6da9b0d2744fa70d2d27dab5c3214caecd37c5c98	files/94/sha256	source.zip!drivers/apple-agx/mesa/winsys/agx_win32_asahi_scene.c	db8770d050b2298b97d0f7d6da9b0d2744fa70d2d27dab5c3214caecd37c5c98	MATCH
source-manifest.json	494	ea71a465a3007f2060f34359fca71c9c732add643b7a6cf2929112d41294e8e4	files/95/sha256	source.zip!drivers/apple-agx/mesa/winsys/agx_win32_asahi_scene.h	ea71a465a3007f2060f34359fca71c9c732add643b7a6cf2929112d41294e8e4	MATCH
source-manifest.json	499	25e35c377be5c22458d026922862367cb137706d9d6ce4cd3a29174cf0e82ad4	files/96/sha256	source.zip!drivers/apple-agx/mesa/winsys/agx_win32_construction_address.c	25e35c377be5c22458d026922862367cb137706d9d6ce4cd3a29174cf0e82ad4	MATCH
source-manifest.json	504	8b6a7d54d613e534438b9d0694263ad8186bbda3820b41a7390e2ae759b2a30e	files/97/sha256	source.zip!drivers/apple-agx/mesa/winsys/agx_win32_construction_address.h	8b6a7d54d613e534438b9d0694263ad8186bbda3820b41a7390e2ae759b2a30e	MATCH
source-manifest.json	509	b5887db9fe75c042c6bb5138652e1ff3ea70ff0b86a9c06a00b08f09ab27e0b5	files/98/sha256	source.zip!drivers/apple-agx/mesa/winsys/agx_win32_construction_address_test.c	b5887db9fe75c042c6bb5138652e1ff3ea70ff0b86a9c06a00b08f09ab27e0b5	MATCH
source-manifest.json	514	726c5eb33fcaf91cce36db366913ca05b7b1788e31f4654f41ddc281f2544eba	files/99/sha256	source.zip!drivers/apple-agx/mesa/winsys/agx_win32_gpuva.c	726c5eb33fcaf91cce36db366913ca05b7b1788e31f4654f41ddc281f2544eba	MATCH
source-manifest.json	519	c125a4b1409b36491b8190c06cdd908dfe4770a08f15b64aa8c5bdbfee17eb74	files/100/sha256	source.zip!drivers/apple-agx/mesa/winsys/agx_win32_gpuva.h	c125a4b1409b36491b8190c06cdd908dfe4770a08f15b64aa8c5bdbfee17eb74	MATCH
source-manifest.json	524	d9d43af3b8ddd7bba0e15ec106e120640bf640afd5a6ad9352cabaf0b4970de3	files/101/sha256	source.zip!drivers/apple-agx/mesa/winsys/agx_win32_gpuva_batch.c	d9d43af3b8ddd7bba0e15ec106e120640bf640afd5a6ad9352cabaf0b4970de3	MATCH
source-manifest.json	529	7989c9e23039603164e278c0c57210470a89cb837abc3bd9452078c472886177	files/102/sha256	source.zip!drivers/apple-agx/mesa/winsys/agx_win32_gpuva_test.c	7989c9e23039603164e278c0c57210470a89cb837abc3bd9452078c472886177	MATCH
source-manifest.json	534	2257431aef0d47528444e17147e79453c67de2cbd2107bf3cfdd165971ee2d34	files/103/sha256	source.zip!drivers/apple-agx/mesa/winsys/agx_win32_native_bo.c	2257431aef0d47528444e17147e79453c67de2cbd2107bf3cfdd165971ee2d34	MATCH
source-manifest.json	539	142d819d47f8f7e6d062b970b8e593a3c361cb865d25d74fe13f8108d088bd56	files/104/sha256	source.zip!drivers/apple-agx/mesa/winsys/agx_win32_native_bo.h	142d819d47f8f7e6d062b970b8e593a3c361cb865d25d74fe13f8108d088bd56	MATCH
source-manifest.json	544	7c06be75d8b8ebfc131bb91b3b12fb3ba15e014141354fe8907b82d2e8c7a42a	files/105/sha256	source.zip!drivers/apple-agx/mesa/winsys/agx_win32_native_bo_test.c	7c06be75d8b8ebfc131bb91b3b12fb3ba15e014141354fe8907b82d2e8c7a42a	MATCH
source-manifest.json	549	fc7d1093faa3a00e131ce2bd05e85c1e4f2faa387be61c07d97325cbcda0bec6	files/106/sha256	source.zip!drivers/apple-agx/mesa/winsys/agx_win32_native_device.c	fc7d1093faa3a00e131ce2bd05e85c1e4f2faa387be61c07d97325cbcda0bec6	MATCH
source-manifest.json	554	44b78b201219acb1e347b01c9b50281098f6de9380d026dd719f3b04c6518928	files/107/sha256	source.zip!drivers/apple-agx/mesa/winsys/agx_win32_native_device.h	44b78b201219acb1e347b01c9b50281098f6de9380d026dd719f3b04c6518928	MATCH
source-manifest.json	559	ef949dc007dffbb9bdd01b8f56c8a39127a51bd797bfab5ac46dd854abb7e752	files/108/sha256	source.zip!drivers/apple-agx/mesa/winsys/agx_win32_native_device_test.c	ef949dc007dffbb9bdd01b8f56c8a39127a51bd797bfab5ac46dd854abb7e752	MATCH
source-manifest.json	564	e33ef156b45bc24fcab55da282410901695a0968d194695ce4d77a3872e654b9	files/109/sha256	source.zip!drivers/apple-agx/mesa/winsys/agx_win32_native_pool_bridge.c	e33ef156b45bc24fcab55da282410901695a0968d194695ce4d77a3872e654b9	MATCH
source-manifest.json	569	d5e52d13eca06d61b040e59d6a7244dee77eaae35192268e05990d6ac1d31f52	files/110/sha256	source.zip!drivers/apple-agx/mesa/winsys/agx_win32_native_pool_bridge.h	d5e52d13eca06d61b040e59d6a7244dee77eaae35192268e05990d6ac1d31f52	MATCH
source-manifest.json	574	c86beaea1602e27c2ab9b33c2d11cf8be06e79cadbade9c90aa3dd619e528e29	files/111/sha256	source.zip!drivers/apple-agx/mesa/winsys/agx_win32_pipe_screen.c	c86beaea1602e27c2ab9b33c2d11cf8be06e79cadbade9c90aa3dd619e528e29	MATCH
source-manifest.json	579	c20626876f1160cf7dd9ad4e9e524014f777e73d2d4cb0c86d9572ab640cf90c	files/112/sha256	source.zip!drivers/apple-agx/mesa/winsys/agx_win32_pipe_screen.h	c20626876f1160cf7dd9ad4e9e524014f777e73d2d4cb0c86d9572ab640cf90c	MATCH
source-manifest.json	584	0b005d6325773411cfcf979fbc6c3d730e833bbd624c120895885c37b658b997	files/113/sha256	source.zip!drivers/apple-agx/mesa/winsys/agx_win32_pipe_screen_test.c	0b005d6325773411cfcf979fbc6c3d730e833bbd624c120895885c37b658b997	MATCH
source-manifest.json	589	25379319b52abc505af118c0bbdf164ecc9620b3747765567b0bfbbeb89481be	files/114/sha256	source.zip!drivers/apple-agx/mesa/winsys/agx_win32_reloc_capture.c	25379319b52abc505af118c0bbdf164ecc9620b3747765567b0bfbbeb89481be	MATCH
source-manifest.json	594	02257ab1838346d84399cfa7444158cb25bc68e1b3fbe83812c53fd12babc028	files/115/sha256	source.zip!drivers/apple-agx/mesa/winsys/agx_win32_reloc_capture.h	02257ab1838346d84399cfa7444158cb25bc68e1b3fbe83812c53fd12babc028	MATCH
source-manifest.json	599	2e06bae8706b9e70be574d8c00a37bae47df4256cfa4ea1903d7e91b49c9f551	files/116/sha256	source.zip!drivers/apple-agx/mesa/winsys/agx_win32_reloc_capture_test.c	2e06bae8706b9e70be574d8c00a37bae47df4256cfa4ea1903d7e91b49c9f551	MATCH
source-manifest.json	604	0223ae95f6f2e84d2d18a33a08320be109d578f1f33ac94701e28043cfb58fc3	files/117/sha256	source.zip!drivers/apple-agx/mesa/winsys/agx_win32_screen.c	0223ae95f6f2e84d2d18a33a08320be109d578f1f33ac94701e28043cfb58fc3	MATCH
source-manifest.json	609	e3eb000d7aa10a379ddfd2547df5a10427fb27d3154ff1a226debb9e514a32f3	files/118/sha256	source.zip!drivers/apple-agx/mesa/winsys/agx_win32_screen.h	e3eb000d7aa10a379ddfd2547df5a10427fb27d3154ff1a226debb9e514a32f3	MATCH
source-manifest.json	614	0c0d15bf0de91f71f24c933125c5b9122dc9c1441683f97369b9a8d28c46d35c	files/119/sha256	source.zip!drivers/apple-agx/mesa/winsys/agx_win32_screen_test.c	0c0d15bf0de91f71f24c933125c5b9122dc9c1441683f97369b9a8d28c46d35c	MATCH
source-manifest.json	619	f2c6a4ba1ba2e9cb99fa2650775559ffb2596dd0c58c63f5293e7b0ce0b6f491	files/120/sha256	source.zip!drivers/apple-agx/mesa/winsys/agx_win32_transport.c	f2c6a4ba1ba2e9cb99fa2650775559ffb2596dd0c58c63f5293e7b0ce0b6f491	MATCH
source-manifest.json	624	45b9de67b25b516026a7f3c7083e2f08dadf758019c004e5cb04c2d13eab2742	files/121/sha256	source.zip!drivers/apple-agx/mesa/winsys/agx_win32_transport.h	45b9de67b25b516026a7f3c7083e2f08dadf758019c004e5cb04c2d13eab2742	MATCH
source-manifest.json	629	6326c37f4005a07b5778739339407ff00efea39cd721a2a5287a81a827fa5c17	files/122/sha256	source.zip!drivers/apple-agx/mesa/winsys/agx_win32_transport_test.c	6326c37f4005a07b5778739339407ff00efea39cd721a2a5287a81a827fa5c17	MATCH
source-manifest.json	634	aab087d7223939ccc3da0a2de4de9abe601473443afb70f5c16f8b6d04c5190e	files/123/sha256	source.zip!drivers/apple-agx/render-admission/AppleAgxRenderAdmission.inf	aab087d7223939ccc3da0a2de4de9abe601473443afb70f5c16f8b6d04c5190e	MATCH
source-manifest.json	639	c24e616dcf7d87fe8d762a7f1d8c3a1e258459a3fbc65342e6070182e46d42a8	files/124/sha256	source.zip!drivers/apple-agx/render-admission/AppleAgxRenderAdmission.vcxproj	c24e616dcf7d87fe8d762a7f1d8c3a1e258459a3fbc65342e6070182e46d42a8	MATCH
source-manifest.json	644	ec95bbc5f94c115d5e20904336b1d5c631a53a41133428bba6f3d42dd63d9320	files/125/sha256	source.zip!drivers/apple-agx/render-admission/include/apple_agx_dynamic_job.h	ec95bbc5f94c115d5e20904336b1d5c631a53a41133428bba6f3d42dd63d9320	MATCH
source-manifest.json	649	100e3caae8279ef19498a51075718b69ab96c54ce5a59180278b922b3ecbbddb	files/126/sha256	source.zip!drivers/apple-agx/render-admission/include/gpuva_g1b_profile.h	100e3caae8279ef19498a51075718b69ab96c54ce5a59180278b922b3ecbbddb	MATCH
source-manifest.json	654	ba4c1dbd6f3627a9f377ae663afa8ea9bc87374f842db5be4a6653f05d99c6fb	files/127/sha256	source.zip!drivers/apple-agx/render-admission/include/hv_guest_ipa_pa_abi.h	ba4c1dbd6f3627a9f377ae663afa8ea9bc87374f842db5be4a6653f05d99c6fb	MATCH
source-manifest.json	659	d7ee094ead732e09139ef226e0acf35c34a422eedfdcfc9bc52358717a9165c3	files/128/sha256	source.zip!drivers/apple-agx/render-admission/include/j313_agx_abi_admission.generated.h	d7ee094ead732e09139ef226e0acf35c34a422eedfdcfc9bc52358717a9165c3	MATCH
source-manifest.json	664	d31a6d4b94432bd28156db5898d4d4e17daf45cbaa38ecf81459a9c9c3e0fb22	files/129/sha256	source.zip!drivers/apple-agx/render-admission/include/render_admission.h	d31a6d4b94432bd28156db5898d4d4e17daf45cbaa38ecf81459a9c9c3e0fb22	MATCH
source-manifest.json	669	d80d83d34275d07c964143e34be01f3f503e0472a2e3213be6b34da39b37858e	files/130/sha256	source.zip!drivers/apple-agx/render-admission/include/render_allocation.h	d80d83d34275d07c964143e34be01f3f503e0472a2e3213be6b34da39b37858e	MATCH
source-manifest.json	674	80fbaa806aa5f1d6ce6e1fc214c8127763f6477d66497736323fc82c06cbedd4	files/131/sha256	source.zip!drivers/apple-agx/render-admission/include/render_allocation_probe.h	80fbaa806aa5f1d6ce6e1fc214c8127763f6477d66497736323fc82c06cbedd4	MATCH
source-manifest.json	679	b9777905097826e27a0f8750895ccc7b7a2af63d64c2d6520480f3b6bfacd7b9	files/132/sha256	source.zip!drivers/apple-agx/render-admission/include/render_backend_image.h	b9777905097826e27a0f8750895ccc7b7a2af63d64c2d6520480f3b6bfacd7b9	MATCH
source-manifest.json	684	fb1cbef21932ba9bba412e54971cd6388d2bd8ce7ae3e35981f0e1961d4b8161	files/133/sha256	source.zip!drivers/apple-agx/render-admission/include/render_call_correlation.h	fb1cbef21932ba9bba412e54971cd6388d2bd8ce7ae3e35981f0e1961d4b8161	MATCH
source-manifest.json	689	c26ace897aba1b0f202e6ca89421fcc94d9924c2b63467c72d08396ea7411f06	files/134/sha256	source.zip!drivers/apple-agx/render-admission/include/render_completed_output.h	c26ace897aba1b0f202e6ca89421fcc94d9924c2b63467c72d08396ea7411f06	MATCH
source-manifest.json	694	4102f652b76e49913ba980bcaccbf7a70adc9e15c4df3ee9e59e7fe14fca6d1a	files/135/sha256	source.zip!drivers/apple-agx/render-admission/include/render_dynamic_dma.h	4102f652b76e49913ba980bcaccbf7a70adc9e15c4df3ee9e59e7fe14fca6d1a	MATCH
source-manifest.json	699	b7b8e5db810c0bee3426c0645b87cf66245c7e7f475016ae6a27cb242aa70ed0	files/136/sha256	source.zip!drivers/apple-agx/render-admission/include/render_dynamic_output.h	b7b8e5db810c0bee3426c0645b87cf66245c7e7f475016ae6a27cb242aa70ed0	MATCH
source-manifest.json	704	a5636dc82eb5768d5acbc85bad2b6437d1e6b1f3c083c8b843a30cd0130a96c8	files/137/sha256	source.zip!drivers/apple-agx/render-admission/include/render_dynamic_overlay.h	a5636dc82eb5768d5acbc85bad2b6437d1e6b1f3c083c8b843a30cd0130a96c8	MATCH
source-manifest.json	709	8bdfc07185236034260026f7522ed35014523aa28d45f8e220c466b290767b79	files/138/sha256	source.zip!drivers/apple-agx/render-admission/include/render_gdi.h	8bdfc07185236034260026f7522ed35014523aa28d45f8e220c466b290767b79	MATCH
source-manifest.json	714	de05e9796999bdf7c3682029d2a85806549abb3db4254f4cf66ea3dd0cee24fd	files/139/sha256	source.zip!drivers/apple-agx/render-admission/include/render_gdi_receipt.h	de05e9796999bdf7c3682029d2a85806549abb3db4254f4cf66ea3dd0cee24fd	MATCH
source-manifest.json	719	d913028a038c8364fccf3290f8731be3729da31ab9e9302fa92fa4a61a6efec5	files/140/sha256	source.zip!drivers/apple-agx/render-admission/include/render_hvc.h	d913028a038c8364fccf3290f8731be3729da31ab9e9302fa92fa4a61a6efec5	MATCH
source-manifest.json	724	89c142f0e1f74189fc88931d24eacfe20c63abc5ceb118d12a0603342e43b422	files/141/sha256	source.zip!drivers/apple-agx/render-admission/include/render_memory.h	89c142f0e1f74189fc88931d24eacfe20c63abc5ceb118d12a0603342e43b422	MATCH
source-manifest.json	729	9eee12cab53086af84ac0041947ba05f95f0e2bdf07e25944c4f95c5ed04cce3	files/142/sha256	source.zip!drivers/apple-agx/render-admission/include/render_objects.h	9eee12cab53086af84ac0041947ba05f95f0e2bdf07e25944c4f95c5ed04cce3	MATCH
source-manifest.json	734	851653d824735fce4224be2412dc99d8b5f298468b29aea6ab2269ddae45447e	files/143/sha256	source.zip!drivers/apple-agx/render-admission/include/render_output_queue.h	851653d824735fce4224be2412dc99d8b5f298468b29aea6ab2269ddae45447e	MATCH
source-manifest.json	739	c8cbd67b00f8f81054650ada0c64dcf2a66e2c252f497132cb88e0ef1a338e04	files/144/sha256	source.zip!drivers/apple-agx/render-admission/include/render_paging.h	c8cbd67b00f8f81054650ada0c64dcf2a66e2c252f497132cb88e0ef1a338e04	MATCH
source-manifest.json	744	b12fb3bbfcab3f10c7c23e9154fa447413d51793ada517f167d145a6bf6a51a7	files/145/sha256	source.zip!drivers/apple-agx/render-admission/include/render_present.h	b12fb3bbfcab3f10c7c23e9154fa447413d51793ada517f167d145a6bf6a51a7	MATCH
source-manifest.json	749	6de90a063e742921cf925fe35de663ae7a0f6fed19f43dc26bd1221388de44f1	files/146/sha256	source.zip!drivers/apple-agx/render-admission/include/render_qualification.h	6de90a063e742921cf925fe35de663ae7a0f6fed19f43dc26bd1221388de44f1	MATCH
source-manifest.json	754	57352e208bbf7703e06311a6adae93cc1a42f83644628a14b965f9e1da2cd000	files/147/sha256	source.zip!drivers/apple-agx/render-admission/include/render_submission.h	57352e208bbf7703e06311a6adae93cc1a42f83644628a14b965f9e1da2cd000	MATCH
source-manifest.json	759	90a37ee341b5e12b60fa4fb097eb938a6b64ed10f59d433dced1e761d7776880	files/148/sha256	source.zip!drivers/apple-agx/render-admission/include/render_submit_trace.h	90a37ee341b5e12b60fa4fb097eb938a6b64ed10f59d433dced1e761d7776880	MATCH
source-manifest.json	764	2b44e67bc953edd198753e3d805ad988ead1616488fa67b31803d74428747e0d	files/149/sha256	source.zip!drivers/apple-agx/render-admission/include/render_umd_command.h	2b44e67bc953edd198753e3d805ad988ead1616488fa67b31803d74428747e0d	MATCH
source-manifest.json	769	1c512685d4fb208e539b4e2a8ec97c8a2416f9253ec60c2a0617c139a50d65da	files/150/sha256	source.zip!drivers/apple-agx/render-admission/include/render_visible_scanout.h	1c512685d4fb208e539b4e2a8ec97c8a2416f9253ec60c2a0617c139a50d65da	MATCH
source-manifest.json	774	6add6ef167f783378304ac0554e832f3841662711cfd411c5e6f5d61b9373f9c	files/151/sha256	source.zip!drivers/apple-agx/render-admission/include/render_win32_transport.h	6add6ef167f783378304ac0554e832f3841662711cfd411c5e6f5d61b9373f9c	MATCH
source-manifest.json	779	05995252982899e0075ee87ac2edef0fbd1cafe6e90a2d3e8720e2e7f6221935	files/152/sha256	source.zip!drivers/apple-agx/render-admission/package-version.props	05995252982899e0075ee87ac2edef0fbd1cafe6e90a2d3e8720e2e7f6221935	MATCH
source-manifest.json	784	408de11016f9053549311bba0741696545fbaad9fe185af642ccf98f0efcae8d	files/153/sha256	source.zip!drivers/apple-agx/render-admission/package-version.rc	408de11016f9053549311bba0741696545fbaad9fe185af642ccf98f0efcae8d	MATCH
source-manifest.json	789	3859662d87bb4939fc335d2b2c39a03700e5b0381fc1aa54f10df329f8bdf57e	files/154/sha256	source.zip!drivers/apple-agx/render-admission/scripts/build-driver.ps1	3859662d87bb4939fc335d2b2c39a03700e5b0381fc1aa54f10df329f8bdf57e	MATCH
source-manifest.json	794	16aec2e81e9bcf0c4b93243ed96e4a4d9ea0e5d4291d46c324de1836916eba45	files/155/sha256	source.zip!drivers/apple-agx/render-admission/scripts/decode-backend-terminal-trace.py	16aec2e81e9bcf0c4b93243ed96e4a4d9ea0e5d4291d46c324de1836916eba45	MATCH
source-manifest.json	799	945b4673659065704e4b240ac31dd4664e607c83896f6496590437e5110a9759	files/156/sha256	source.zip!drivers/apple-agx/render-admission/scripts/decode-gdi-submit-trace.py	945b4673659065704e4b240ac31dd4664e607c83896f6496590437e5110a9759	MATCH
source-manifest.json	804	73f74892d0ddbcb82ddab259d4227ebcdab2f47ae036fed51363722b099330f6	files/157/sha256	source.zip!drivers/apple-agx/render-admission/scripts/decode-open-allocation-trace.py	73f74892d0ddbcb82ddab259d4227ebcdab2f47ae036fed51363722b099330f6	MATCH
source-manifest.json	809	dd8916db4d4f9f67551c6f789181fc1abf5a16e804ba52a1cbe0c56ee79412bb	files/158/sha256	source.zip!drivers/apple-agx/render-admission/scripts/decode-paging-build-trace.py	dd8916db4d4f9f67551c6f789181fc1abf5a16e804ba52a1cbe0c56ee79412bb	MATCH
source-manifest.json	814	b5d65f8e728504e4c55d4f57d468984a0e367bc31bba72c61f0432db1a27615f	files/159/sha256	source.zip!drivers/apple-agx/render-admission/scripts/decode-render-correlation.py	b5d65f8e728504e4c55d4f57d468984a0e367bc31bba72c61f0432db1a27615f	MATCH
source-manifest.json	819	e52c42539f9646f5e22109b2fee6387ba22a9b0b5ba4fad28819610ff91017ba	files/160/sha256	source.zip!drivers/apple-agx/render-admission/scripts/decode-submit-trace.py	e52c42539f9646f5e22109b2fee6387ba22a9b0b5ba4fad28819610ff91017ba	MATCH
source-manifest.json	824	ae9aa4879a3adf21cacd552dca11479a4543ea40613a32feeb9fec80bd0a533a	files/161/sha256	source.zip!drivers/apple-agx/render-admission/scripts/decode-umd-render-trace.py	ae9aa4879a3adf21cacd552dca11479a4543ea40613a32feeb9fec80bd0a533a	MATCH
source-manifest.json	829	2557ebe93488f76794c52f0c805fab79aec5d8b355be13935dfc737ca34a2299	files/162/sha256	source.zip!drivers/apple-agx/render-admission/scripts/mkexp.py	2557ebe93488f76794c52f0c805fab79aec5d8b355be13935dfc737ca34a2299	MATCH
source-manifest.json	834	5c1ac2d639d4a9e5809e74d646cb107ccd15cc87d01bb8000660172fc804f1aa	files/163/sha256	source.zip!drivers/apple-agx/render-admission/scripts/test-package-version.ps1	5c1ac2d639d4a9e5809e74d646cb107ccd15cc87d01bb8000660172fc804f1aa	MATCH
source-manifest.json	839	3e68f3b0913a4d1cf70ae26e9e03e8afa0819f61724bed0919b85206324fd0d6	files/164/sha256	source.zip!drivers/apple-agx/render-admission/scripts/verify-committed-sources.ps1	3e68f3b0913a4d1cf70ae26e9e03e8afa0819f61724bed0919b85206324fd0d6	MATCH
source-manifest.json	844	4cf11aedf2f4c23cd5eb7de53a87778e4a7e3fb1286d723c1064f5e5b1826597	files/165/sha256	source.zip!drivers/apple-agx/render-admission/scripts/verify-native-runtime-provenance.py	4cf11aedf2f4c23cd5eb7de53a87778e4a7e3fb1286d723c1064f5e5b1826597	MATCH
source-manifest.json	849	9595e46db8cecf4109176dbc59bdd32599a309c3db77fe5346bc5b289474fc9d	files/166/sha256	source.zip!drivers/apple-agx/render-admission/scripts/verify-package-version.ps1	9595e46db8cecf4109176dbc59bdd32599a309c3db77fe5346bc5b289474fc9d	MATCH
source-manifest.json	854	13e20e84133155aeb447ad2f9be18fa996d44adf49d035e8f123c532b37fb1ba	files/167/sha256	source.zip!drivers/apple-agx/render-admission/src/allocation_windows.c	13e20e84133155aeb447ad2f9be18fa996d44adf49d035e8f123c532b37fb1ba	MATCH
source-manifest.json	859	ed0f5fd2bdcdbc3ef6f0adbc096695a8d710570e39760c5335304745f6e3141f	files/168/sha256	source.zip!drivers/apple-agx/render-admission/src/apple_agx_dynamic_job.c	ed0f5fd2bdcdbc3ef6f0adbc096695a8d710570e39760c5335304745f6e3141f	MATCH
source-manifest.json	864	1d89c1c302bcb2fd14a25c00d8a28d666d0670dbf96a242250efe2823317732d	files/169/sha256	source.zip!drivers/apple-agx/render-admission/src/backend_image_windows.c	1d89c1c302bcb2fd14a25c00d8a28d666d0670dbf96a242250efe2823317732d	MATCH
source-manifest.json	869	e9619a5b77ec13c676b28f1b3d2c1a487dc9bd50878478d480bfb9e3a2f49039	files/170/sha256	source.zip!drivers/apple-agx/render-admission/src/backend_platform_windows.c	e9619a5b77ec13c676b28f1b3d2c1a487dc9bd50878478d480bfb9e3a2f49039	MATCH
source-manifest.json	874	83ecd6efd825fc89e17908a9f1fa51f517eacc4efb0ee74fb3dd201500f3b2f8	files/171/sha256	source.zip!drivers/apple-agx/render-admission/src/blt_probe_windows.c	83ecd6efd825fc89e17908a9f1fa51f517eacc4efb0ee74fb3dd201500f3b2f8	MATCH
source-manifest.json	879	947540935bb2524191025124abbc0766a06702794fbf1a7426ee994ce587bf2d	files/172/sha256	source.zip!drivers/apple-agx/render-admission/src/callbacks.c	947540935bb2524191025124abbc0766a06702794fbf1a7426ee994ce587bf2d	MATCH
source-manifest.json	884	2540811952cbe17769b147af96f665a0b023a25794e204237b1e082887d0e19b	files/173/sha256	source.zip!drivers/apple-agx/render-admission/src/display.c	2540811952cbe17769b147af96f665a0b023a25794e204237b1e082887d0e19b	MATCH
source-manifest.json	889	96822d85335b235df363579110a43b6d8139a41e93513ac0c6fa6fdbbe7566e0	files/174/sha256	source.zip!drivers/apple-agx/render-admission/src/driver.c	96822d85335b235df363579110a43b6d8139a41e93513ac0c6fa6fdbbe7566e0	MATCH
source-manifest.json	894	70864a26fa6bec985d1d018aa2730b1dcb7827be42ae2aa8da9612ed62796293	files/175/sha256	source.zip!drivers/apple-agx/render-admission/src/gdi_receipt_windows.c	70864a26fa6bec985d1d018aa2730b1dcb7827be42ae2aa8da9612ed62796293	MATCH
source-manifest.json	899	0d786c9fdab8009f43584e028bf673326e2b0a8f50d8afc0f0beeda32cd87910	files/176/sha256	source.zip!drivers/apple-agx/render-admission/src/gdi_windows.c	0d786c9fdab8009f43584e028bf673326e2b0a8f50d8afc0f0beeda32cd87910	MATCH
source-manifest.json	904	3f4230d096cee99a6e02b84e19ce5be0e849a95b111ab7c7e8c53b42c0847a55	files/177/sha256	source.zip!drivers/apple-agx/render-admission/src/gpuva_b1_windows.c	3f4230d096cee99a6e02b84e19ce5be0e849a95b111ab7c7e8c53b42c0847a55	MATCH
source-manifest.json	909	8ffa7ab1fe6750b497deb225e61557adc17ddcf83eb25e15aa3a9f8a7469b153	files/178/sha256	source.zip!drivers/apple-agx/render-admission/src/gpuva_g3_paging_windows.c	8ffa7ab1fe6750b497deb225e61557adc17ddcf83eb25e15aa3a9f8a7469b153	MATCH
source-manifest.json	914	0e0375e6bcee89b98850cdd0dfd359e66d6cfdc181205dae9380c6bc865d8653	files/179/sha256	source.zip!drivers/apple-agx/render-admission/src/gpuva_g3_private.h	0e0375e6bcee89b98850cdd0dfd359e66d6cfdc181205dae9380c6bc865d8653	MATCH
source-manifest.json	919	b93a2d3057c0d5b8aa7d05ae42af339e0c2626fb0b60b56553cd2d537f989e50	files/180/sha256	source.zip!drivers/apple-agx/render-admission/src/gpuva_g3_windows.c	b93a2d3057c0d5b8aa7d05ae42af339e0c2626fb0b60b56553cd2d537f989e50	MATCH
source-manifest.json	924	c47a978589ae4b705db45ff08c3339bab352a46572d257b7d3861e572c4294a7	files/181/sha256	source.zip!drivers/apple-agx/render-admission/src/gpuva_v5_windows.c	c47a978589ae4b705db45ff08c3339bab352a46572d257b7d3861e572c4294a7	MATCH
source-manifest.json	929	f9f1cc164c93d87512a81086db0e92d66ff64b4f1ade42e37e068e0b06820bf3	files/182/sha256	source.zip!drivers/apple-agx/render-admission/src/interrupt.c	f9f1cc164c93d87512a81086db0e92d66ff64b4f1ade42e37e068e0b06820bf3	MATCH
source-manifest.json	934	a90ee868a0b9416f6f23042ed41027f4c72ceb2e7d488f1bf05a051cda28f724	files/183/sha256	source.zip!drivers/apple-agx/render-admission/src/lifecycle.c	a90ee868a0b9416f6f23042ed41027f4c72ceb2e7d488f1bf05a051cda28f724	MATCH
source-manifest.json	939	dfc858739efed2fd875e8789d7d77d0d105fa6a2fc78ffd331cb0e70f9b0bad8	files/184/sha256	source.zip!drivers/apple-agx/render-admission/src/memory_runtime_windows.c	dfc858739efed2fd875e8789d7d77d0d105fa6a2fc78ffd331cb0e70f9b0bad8	MATCH
source-manifest.json	944	e98c849381907c2c20db769e2e475273273665e81299236b688b97c912b2add1	files/185/sha256	source.zip!drivers/apple-agx/render-admission/src/memory_windows.c	e98c849381907c2c20db769e2e475273273665e81299236b688b97c912b2add1	MATCH
source-manifest.json	949	284ce4981474b4817af5ba96aea93804dc34c2c883aef45a69f605246e2adb0d	files/186/sha256	source.zip!drivers/apple-agx/render-admission/src/objects.c	284ce4981474b4817af5ba96aea93804dc34c2c883aef45a69f605246e2adb0d	MATCH
source-manifest.json	954	68029bef116557eec16547ee5b88364895d31056d021e70c5a53089bf1a0e2db	files/187/sha256	source.zip!drivers/apple-agx/render-admission/src/paging_windows.c	68029bef116557eec16547ee5b88364895d31056d021e70c5a53089bf1a0e2db	MATCH
source-manifest.json	959	ebdd15f7b6fff835fd0bed9b3e0e7e72d27cf95416a0dfc668f10418be56200a	files/188/sha256	source.zip!drivers/apple-agx/render-admission/src/physical_memory_windows.c	ebdd15f7b6fff835fd0bed9b3e0e7e72d27cf95416a0dfc668f10418be56200a	MATCH
source-manifest.json	964	e85432571224914aaed613f302138eaa884fd1c7c5c77c362eb2052b12edf33d	files/189/sha256	source.zip!drivers/apple-agx/render-admission/src/present_windows.c	e85432571224914aaed613f302138eaa884fd1c7c5c77c362eb2052b12edf33d	MATCH
source-manifest.json	969	5614e44ba0ade51ef1df6303528c765ebd70aa42ec677ef4def511592431efee	files/190/sha256	source.zip!drivers/apple-agx/render-admission/src/receipts.c	5614e44ba0ade51ef1df6303528c765ebd70aa42ec677ef4def511592431efee	MATCH
source-manifest.json	974	5898b2bc37ccfb69c93a35b9b4309893fb0650ba3cf1043e4e7ba3a648189dd9	files/191/sha256	source.zip!drivers/apple-agx/render-admission/src/render_allocation.c	5898b2bc37ccfb69c93a35b9b4309893fb0650ba3cf1043e4e7ba3a648189dd9	MATCH
source-manifest.json	979	d2660b98b48b36d7368de13f47b31b698a278e348b83d79f7ffb8c887635a23c	files/192/sha256	source.zip!drivers/apple-agx/render-admission/src/render_backend_image.c	d2660b98b48b36d7368de13f47b31b698a278e348b83d79f7ffb8c887635a23c	MATCH
source-manifest.json	984	fd370fc2a3442d5f51b4b6c772c85a9a7b545ec20d2118f74c639bce83fd08f8	files/193/sha256	source.zip!drivers/apple-agx/render-admission/src/render_call_correlation.c	fd370fc2a3442d5f51b4b6c772c85a9a7b545ec20d2118f74c639bce83fd08f8	MATCH
source-manifest.json	989	6e4e2a791fedf2e33360c33431daf46e4b459769694d9e228566accdeabee578	files/194/sha256	source.zip!drivers/apple-agx/render-admission/src/render_call_correlation_windows.c	6e4e2a791fedf2e33360c33431daf46e4b459769694d9e228566accdeabee578	MATCH
source-manifest.json	994	efa8477fb61e9a766c71e1b2cc33c6eafd3024baaf778307079a57a146243323	files/195/sha256	source.zip!drivers/apple-agx/render-admission/src/render_completed_output.c	efa8477fb61e9a766c71e1b2cc33c6eafd3024baaf778307079a57a146243323	MATCH
source-manifest.json	999	36faa2d5df5da5c64ed24f5e77209733fb9a16ad7dd0ada5537ba5a13b8a682c	files/196/sha256	source.zip!drivers/apple-agx/render-admission/src/render_dynamic_dma.c	36faa2d5df5da5c64ed24f5e77209733fb9a16ad7dd0ada5537ba5a13b8a682c	MATCH
source-manifest.json	1004	155eec152d9cd1a3fdc09858c0836518b12c02716910bd642ecb798f8170dab4	files/197/sha256	source.zip!drivers/apple-agx/render-admission/src/render_dynamic_output.c	155eec152d9cd1a3fdc09858c0836518b12c02716910bd642ecb798f8170dab4	MATCH
source-manifest.json	1009	9b003936917826223f06f276c238fe57da3c8e7c9fc0620f6d5d423aad3f4abe	files/198/sha256	source.zip!drivers/apple-agx/render-admission/src/render_dynamic_overlay.c	9b003936917826223f06f276c238fe57da3c8e7c9fc0620f6d5d423aad3f4abe	MATCH
source-manifest.json	1014	368bc5093a84c88513e100fc369dacb0884ff0f2b3851b35bd29870a0e8c8fee	files/199/sha256	source.zip!drivers/apple-agx/render-admission/src/render_dynamic_windows.c	368bc5093a84c88513e100fc369dacb0884ff0f2b3851b35bd29870a0e8c8fee	MATCH
source-manifest.json	1019	08196984ea069b84ba8f602cf2bcafddc5fb2254ca953f4b088fbd2c2dc34c07	files/200/sha256	source.zip!drivers/apple-agx/render-admission/src/render_gdi.c	08196984ea069b84ba8f602cf2bcafddc5fb2254ca953f4b088fbd2c2dc34c07	MATCH
source-manifest.json	1024	9b6790113051a5f180ce2779e14d715c95c56d9719886b7b75b0d48677d8c78f	files/201/sha256	source.zip!drivers/apple-agx/render-admission/src/render_gdi_receipt.c	9b6790113051a5f180ce2779e14d715c95c56d9719886b7b75b0d48677d8c78f	MATCH
source-manifest.json	1029	84bd657932fcd58e101c2d538e6de56964da3e3fdea338d68f1ab78dddcb0c96	files/202/sha256	source.zip!drivers/apple-agx/render-admission/src/render_hvc.c	84bd657932fcd58e101c2d538e6de56964da3e3fdea338d68f1ab78dddcb0c96	MATCH
source-manifest.json	1034	c1854912ef5de80f39459cbad9b187ad00fb25feeb54c5bd171a4d28c5b8db61	files/203/sha256	source.zip!drivers/apple-agx/render-admission/src/render_memory.c	c1854912ef5de80f39459cbad9b187ad00fb25feeb54c5bd171a4d28c5b8db61	MATCH
source-manifest.json	1039	dbd7c3681453ea8b1375e0cd5d93a8e6cd09a32f4e7264d49fd41b9de5605518	files/204/sha256	source.zip!drivers/apple-agx/render-admission/src/render_output_queue.c	dbd7c3681453ea8b1375e0cd5d93a8e6cd09a32f4e7264d49fd41b9de5605518	MATCH
source-manifest.json	1044	677113d5577b7c1743c76b16ad253392065f3c5b3feb8a63d491d14f583c927c	files/205/sha256	source.zip!drivers/apple-agx/render-admission/src/render_paging.c	677113d5577b7c1743c76b16ad253392065f3c5b3feb8a63d491d14f583c927c	MATCH
source-manifest.json	1049	6cf5de8366aa2da0880e4466f6639c5435f46b277083678d3860b0cbe6007b25	files/206/sha256	source.zip!drivers/apple-agx/render-admission/src/render_present.c	6cf5de8366aa2da0880e4466f6639c5435f46b277083678d3860b0cbe6007b25	MATCH
source-manifest.json	1054	5abdfb3e38831de2214e54cdbfceae34a9c229b122b9a086dc602cc23e569a10	files/207/sha256	source.zip!drivers/apple-agx/render-admission/src/render_qualification.c	5abdfb3e38831de2214e54cdbfceae34a9c229b122b9a086dc602cc23e569a10	MATCH
source-manifest.json	1059	a4126f3a11ec0744fe1341187d4e64790c46d5ff28a5d69507c39fc2980282c8	files/208/sha256	source.zip!drivers/apple-agx/render-admission/src/render_submission.c	a4126f3a11ec0744fe1341187d4e64790c46d5ff28a5d69507c39fc2980282c8	MATCH
source-manifest.json	1064	24b9be1f803a5e54c8c4dc98b2ede5fb9772df270b65f5cdb225599edd8ee8b7	files/209/sha256	source.zip!drivers/apple-agx/render-admission/src/render_umd_command.c	24b9be1f803a5e54c8c4dc98b2ede5fb9772df270b65f5cdb225599edd8ee8b7	MATCH
source-manifest.json	1069	5e514afc14bd02016ebf0900db33f0dd07b0bca6d721715355f17b857adcccdb	files/210/sha256	source.zip!drivers/apple-agx/render-admission/src/render_visible_scanout.c	5e514afc14bd02016ebf0900db33f0dd07b0bca6d721715355f17b857adcccdb	MATCH
source-manifest.json	1074	8d4c94d942d9316af64724ea8ec9b2dbf6fba9c80d732ac7ff71ee4d05666844	files/211/sha256	source.zip!drivers/apple-agx/render-admission/src/render_win32_transport.c	8d4c94d942d9316af64724ea8ec9b2dbf6fba9c80d732ac7ff71ee4d05666844	MATCH
source-manifest.json	1079	1be6a61c6a4b8d35f2c241adb107a8a9269eaa53e002a947483f0ebe075e0945	files/212/sha256	source.zip!drivers/apple-agx/render-admission/src/scanout_windows.c	1be6a61c6a4b8d35f2c241adb107a8a9269eaa53e002a947483f0ebe075e0945	MATCH
source-manifest.json	1084	d455998823f357b43d3d5f39cd2bc2c56b230b8b270513514c89f3a742f69b25	files/213/sha256	source.zip!drivers/apple-agx/render-admission/src/scheduler_windows.c	d455998823f357b43d3d5f39cd2bc2c56b230b8b270513514c89f3a742f69b25	MATCH
source-manifest.json	1089	657fae3ea9dc855de1f122474107108ad7dadc02a984c1f8216a239d450acb8e	files/214/sha256	source.zip!drivers/apple-agx/render-admission/src/standard_present_windows.c	657fae3ea9dc855de1f122474107108ad7dadc02a984c1f8216a239d450acb8e	MATCH
source-manifest.json	1094	0eb1351387fdd80dbcd59941e52feef2d93eede9804ad4fdd2cc61458ba7f487	files/215/sha256	source.zip!drivers/apple-agx/render-admission/src/submission_windows.c	0eb1351387fdd80dbcd59941e52feef2d93eede9804ad4fdd2cc61458ba7f487	MATCH
source-manifest.json	1099	5f92acad8d85d9110b1e390771a6d2821e9d8fb0478e3c4d37377317077f38ff	files/216/sha256	source.zip!drivers/apple-agx/render-admission/src/submit_trace_windows.c	5f92acad8d85d9110b1e390771a6d2821e9d8fb0478e3c4d37377317077f38ff	MATCH
source-manifest.json	1104	4ae1066d36c03e20ae68810039775209c64e82d8478ec81c365148332a0bb158	files/217/sha256	source.zip!drivers/apple-agx/render-admission/src/umd_render_windows.c	4ae1066d36c03e20ae68810039775209c64e82d8478ec81c365148332a0bb158	MATCH
source-manifest.json	1109	193b73697dfdc770f08a109845cc5157b223955f2fcbdeecb09b43b6d45ff70a	files/218/sha256	source.zip!drivers/apple-agx/render-admission/src/work_queue_windows.c	193b73697dfdc770f08a109845cc5157b223955f2fcbdeecb09b43b6d45ff70a	MATCH
source-manifest.json	1114	b4882d82cf5feb7b20681e6d587215de9ae68ec5545401e29b54772c1f942df8	files/219/sha256	source.zip!drivers/apple-agx/render-admission/tests/apple_agx_dynamic_job_test.c	b4882d82cf5feb7b20681e6d587215de9ae68ec5545401e29b54772c1f942df8	MATCH
source-manifest.json	1119	75520108bfa917bf3237d6d9724c70815efd72549e0bf5515ad9489ed97d48a5	files/220/sha256	source.zip!drivers/apple-agx/render-admission/tests/render_allocation_test.c	75520108bfa917bf3237d6d9724c70815efd72549e0bf5515ad9489ed97d48a5	MATCH
source-manifest.json	1124	b908d778e80538deece1b8d019e47eb08d8b4af85815c79a12fe67c424e1a4be	files/221/sha256	source.zip!drivers/apple-agx/render-admission/tests/render_backend_image_test.c	b908d778e80538deece1b8d019e47eb08d8b4af85815c79a12fe67c424e1a4be	MATCH
source-manifest.json	1129	beb7708dcd294e2ac318c69589e0113fea7bf6a7c40d57546e022fcb1c470ba4	files/222/sha256	source.zip!drivers/apple-agx/render-admission/tests/render_call_correlation_test.c	beb7708dcd294e2ac318c69589e0113fea7bf6a7c40d57546e022fcb1c470ba4	MATCH
source-manifest.json	1134	665129032a933c111068590bd311e79404a5c6acfbf5c982ce3ead7d44e1258d	files/223/sha256	source.zip!drivers/apple-agx/render-admission/tests/render_completed_output_test.c	665129032a933c111068590bd311e79404a5c6acfbf5c982ce3ead7d44e1258d	MATCH
source-manifest.json	1139	a3e4171037db44d0cb7b68bf9bfe6efcb85e90e86546e19ab60e681b21a9e128	files/224/sha256	source.zip!drivers/apple-agx/render-admission/tests/render_dynamic_dma_test.c	a3e4171037db44d0cb7b68bf9bfe6efcb85e90e86546e19ab60e681b21a9e128	MATCH
source-manifest.json	1144	d42d2e29da3815b9605f426b6d44c31f473c9e710acfc6b95d0f36333ba856d4	files/225/sha256	source.zip!drivers/apple-agx/render-admission/tests/render_dynamic_fixture_integration_test.c	d42d2e29da3815b9605f426b6d44c31f473c9e710acfc6b95d0f36333ba856d4	MATCH
source-manifest.json	1149	6aa1c9fb316876a672efbedb63ce596357915678068479bfbdff91dadc35f295	files/226/sha256	source.zip!drivers/apple-agx/render-admission/tests/render_dynamic_output_test.c	6aa1c9fb316876a672efbedb63ce596357915678068479bfbdff91dadc35f295	MATCH
source-manifest.json	1154	d8aa211f3606292a8a9847abffae0c06fd55e478d8e790a0cfe013006d0e9acf	files/227/sha256	source.zip!drivers/apple-agx/render-admission/tests/render_dynamic_overlay_test.c	d8aa211f3606292a8a9847abffae0c06fd55e478d8e790a0cfe013006d0e9acf	MATCH
source-manifest.json	1159	956897186d80b68bd55dd22d204ccdd95d40085f7cb3b496c1316331aa59aff9	files/228/sha256	source.zip!drivers/apple-agx/render-admission/tests/render_gdi_test.c	956897186d80b68bd55dd22d204ccdd95d40085f7cb3b496c1316331aa59aff9	MATCH
source-manifest.json	1164	94740e0c89f208cdc70d232053d5861cdc6196977141583fec17e2f5e54fdb16	files/229/sha256	source.zip!drivers/apple-agx/render-admission/tests/render_hvc_test.c	94740e0c89f208cdc70d232053d5861cdc6196977141583fec17e2f5e54fdb16	MATCH
source-manifest.json	1169	09ce85cb3f83fe0819f527592dc4e849cdb8139fc5df6e6d3f82b9acf612dae7	files/230/sha256	source.zip!drivers/apple-agx/render-admission/tests/render_memory_test.c	09ce85cb3f83fe0819f527592dc4e849cdb8139fc5df6e6d3f82b9acf612dae7	MATCH
source-manifest.json	1174	53565157df4ef703299bb2dd92798217c15fcf9e1e0b254eae4e47ffb598efe3	files/231/sha256	source.zip!drivers/apple-agx/render-admission/tests/render_objects_test.c	53565157df4ef703299bb2dd92798217c15fcf9e1e0b254eae4e47ffb598efe3	MATCH
source-manifest.json	1179	a71f7963c928c19191ddce00488965c8c594a33d8c0e0e74fc662fc1d59c85ca	files/232/sha256	source.zip!drivers/apple-agx/render-admission/tests/render_output_queue_test.c	a71f7963c928c19191ddce00488965c8c594a33d8c0e0e74fc662fc1d59c85ca	MATCH
source-manifest.json	1184	3a12bfce81d72fe62a3ec34744c8cc5a0aeaf673e35b2e1ba4de1b32a4f3d9c8	files/233/sha256	source.zip!drivers/apple-agx/render-admission/tests/render_paging_test.c	3a12bfce81d72fe62a3ec34744c8cc5a0aeaf673e35b2e1ba4de1b32a4f3d9c8	MATCH
source-manifest.json	1189	d91e798b20895205762fcb44d80438bcb5a80859ae1acd6da06a9003c62fea92	files/234/sha256	source.zip!drivers/apple-agx/render-admission/tests/render_present_test.c	d91e798b20895205762fcb44d80438bcb5a80859ae1acd6da06a9003c62fea92	MATCH
source-manifest.json	1194	1fbb94095b7a6c0799f19e2a929a087da3eb0fef829853342d7faa285eda5d1f	files/235/sha256	source.zip!drivers/apple-agx/render-admission/tests/render_qualification_test.c	1fbb94095b7a6c0799f19e2a929a087da3eb0fef829853342d7faa285eda5d1f	MATCH
source-manifest.json	1199	e944cf5f71a691a128c7f5bdb6fad01bc7c04327f45592dd5a4704f09a81b0d5	files/236/sha256	source.zip!drivers/apple-agx/render-admission/tests/render_submission_test.c	e944cf5f71a691a128c7f5bdb6fad01bc7c04327f45592dd5a4704f09a81b0d5	MATCH
source-manifest.json	1204	c9aa7700b137efde45aed5aea0d7bd06bc7495dfd248906bf67660a1e3899e7b	files/237/sha256	source.zip!drivers/apple-agx/render-admission/tests/render_umd_command_test.c	c9aa7700b137efde45aed5aea0d7bd06bc7495dfd248906bf67660a1e3899e7b	MATCH
source-manifest.json	1209	abb082a5f2f4cc6ffecf4bb3d585f9ab694f38f2135c1eb735cb4f297c9f64c8	files/238/sha256	source.zip!drivers/apple-agx/render-admission/tests/render_visible_scanout_test.c	abb082a5f2f4cc6ffecf4bb3d585f9ab694f38f2135c1eb735cb4f297c9f64c8	MATCH
source-manifest.json	1214	0c7731a91cd857ab4a04d3cbe4b112ed2cc3ccc5252786fd63b3f80c0e108ed3	files/239/sha256	source.zip!drivers/apple-agx/render-admission/tests/render_win32_transport_test.c	0c7731a91cd857ab4a04d3cbe4b112ed2cc3ccc5252786fd63b3f80c0e108ed3	MATCH
source-manifest.json	1219	3fb8d2efa9d57421f230cfc5d2baa03238c5d1a6a757bb945e7fb8c2fd2ccee2	files/240/sha256	source.zip!drivers/apple-agx/render-admission/tests/standard_present_windows_test.c	3fb8d2efa9d57421f230cfc5d2baa03238c5d1a6a757bb945e7fb8c2fd2ccee2	MATCH
source-manifest.json	1224	a49363cf53590b88bdd1f7755a179eecd3111a96e4b65d42c0c0ef60ad554ca5	files/241/sha256	source.zip!drivers/apple-agx/render-admission/umd/AppleAgxRenderAdmissionUmd.def	a49363cf53590b88bdd1f7755a179eecd3111a96e4b65d42c0c0ef60ad554ca5	MATCH
source-manifest.json	1229	0496ec73a9190bcd1c40587379f2e0d93759ae61c8bff75f42d93eda5c704a10	files/242/sha256	source.zip!drivers/apple-agx/render-admission/umd/AppleAgxRenderAdmissionUmd.vcxproj	0496ec73a9190bcd1c40587379f2e0d93759ae61c8bff75f42d93eda5c704a10	MATCH
source-manifest.json	1234	84f83cd41dba89aeb9741dd6dc863ed7ef4f43481044dea37322940f5270bdbf	files/243/sha256	source.zip!drivers/apple-agx/render-admission/umd/include/direct_flip_contract.h	84f83cd41dba89aeb9741dd6dc863ed7ef4f43481044dea37322940f5270bdbf	MATCH
source-manifest.json	1239	9127d9a2e2b64870f28e8ddfa95b26a0b3d8f3125f6d8a02577ad8f62ea93515	files/244/sha256	source.zip!drivers/apple-agx/render-admission/umd/include/umd_asahi_batch_adapter.h	9127d9a2e2b64870f28e8ddfa95b26a0b3d8f3125f6d8a02577ad8f62ea93515	MATCH
source-manifest.json	1244	a3afef3e4a637757995e69b7d5dc1a783ed416822d61636e86565dd1f42f1083	files/245/sha256	source.zip!drivers/apple-agx/render-admission/umd/include/umd_asahi_owner.h	a3afef3e4a637757995e69b7d5dc1a783ed416822d61636e86565dd1f42f1083	MATCH
source-manifest.json	1249	81829cd4917d98b33272def59b3bfa2ecc837745af77c8a96d46ebdb4b7f40c3	files/246/sha256	source.zip!drivers/apple-agx/render-admission/umd/include/umd_draw_composer.h	81829cd4917d98b33272def59b3bfa2ecc837745af77c8a96d46ebdb4b7f40c3	MATCH
source-manifest.json	1254	762b52cdd7429b1e4614e8dc402abe9110a596cd3d6a053b6cd6fb535e2a501c	files/247/sha256	source.zip!drivers/apple-agx/render-admission/umd/include/umd_resource_lifetime.h	762b52cdd7429b1e4614e8dc402abe9110a596cd3d6a053b6cd6fb535e2a501c	MATCH
source-manifest.json	1259	6fa7cb7b770b86f264d618d8e8101fee184d0b044aed075087779d651e6900d6	files/248/sha256	source.zip!drivers/apple-agx/render-admission/umd/src/direct_flip_contract.c	6fa7cb7b770b86f264d618d8e8101fee184d0b044aed075087779d651e6900d6	MATCH
source-manifest.json	1264	880fabf61448b437c497f61aae9561cb621ae35d4026eb1d0b13eca67afd8225	files/249/sha256	source.zip!drivers/apple-agx/render-admission/umd/src/umd.c	880fabf61448b437c497f61aae9561cb621ae35d4026eb1d0b13eca67afd8225	MATCH
source-manifest.json	1269	dbdd39ac2838a631eb32c4156745c225a7b9f1937dbdaa484a006efa78364b02	files/250/sha256	source.zip!drivers/apple-agx/render-admission/umd/src/umd_asahi_batch_adapter.c	dbdd39ac2838a631eb32c4156745c225a7b9f1937dbdaa484a006efa78364b02	MATCH
source-manifest.json	1274	e542dac6e9eaf0216a93d57372c20db75916727937e70f7eceea36d93add4a6b	files/251/sha256	source.zip!drivers/apple-agx/render-admission/umd/src/umd_asahi_owner.c	e542dac6e9eaf0216a93d57372c20db75916727937e70f7eceea36d93add4a6b	MATCH
source-manifest.json	1279	27c303226e8536046009ad1ef22683a2b38d57e4812e8c2da688f9db3267117b	files/252/sha256	source.zip!drivers/apple-agx/render-admission/umd/src/umd_draw_composer.c	27c303226e8536046009ad1ef22683a2b38d57e4812e8c2da688f9db3267117b	MATCH
source-manifest.json	1284	f68d6e4744665109c6e7bb12e3182e41b548283ab375bb9f11fc9ea1fb614c35	files/253/sha256	source.zip!drivers/apple-agx/render-admission/umd/src/umd_gpuva_windows.c	f68d6e4744665109c6e7bb12e3182e41b548283ab375bb9f11fc9ea1fb614c35	MATCH
source-manifest.json	1289	46e53bfed29c4abb0ed122bd829fc0bd624343ea5c01bc10a085655f675e66af	files/254/sha256	source.zip!drivers/apple-agx/render-admission/umd/src/umd_internal.h	46e53bfed29c4abb0ed122bd829fc0bd624343ea5c01bc10a085655f675e66af	MATCH
source-manifest.json	1294	d542a2b7a03ff263438c04c9ff084e3997267ba6c680fb0d735081f8e9c27758	files/255/sha256	source.zip!drivers/apple-agx/render-admission/umd/src/umd_resource_lifetime.c	d542a2b7a03ff263438c04c9ff084e3997267ba6c680fb0d735081f8e9c27758	MATCH
source-manifest.json	1299	a5ae6233615488233bcce443583a211f2b24435c23e83cf511b2c7ef512d6baf	files/256/sha256	source.zip!drivers/apple-agx/render-admission/umd/src/umd_runtime_device.c	a5ae6233615488233bcce443583a211f2b24435c23e83cf511b2c7ef512d6baf	MATCH
source-manifest.json	1304	70a8fb3765b4dadf1670c5eb87d84f02c1060fbbfb801d8eae588b74e0cacddd	files/257/sha256	source.zip!drivers/apple-agx/render-admission/umd/src/umd_win32_screen.c	70a8fb3765b4dadf1670c5eb87d84f02c1060fbbfb801d8eae588b74e0cacddd	MATCH
source-manifest.json	1309	30ceeb26188fa78a225af812805155cd04d19351a9bfd59f74638a40a28b4f14	files/258/sha256	source.zip!drivers/apple-agx/render-admission/umd/tests/DbWinCapture.vcxproj	30ceeb26188fa78a225af812805155cd04d19351a9bfd59f74638a40a28b4f14	MATCH
source-manifest.json	1314	f027767ded99e64d114f6b0a8638d824ef9a967efcf592f52ca881af27210672	files/259/sha256	source.zip!drivers/apple-agx/render-admission/umd/tests/UmdContractTest.vcxproj	f027767ded99e64d114f6b0a8638d824ef9a967efcf592f52ca881af27210672	MATCH
source-manifest.json	1319	4b6700f21e3e4db2d42379533ecd40274a2f6dd7a330d3936956f3fc4c8b30ad	files/260/sha256	source.zip!drivers/apple-agx/render-admission/umd/tests/build-contract-test.ps1	4b6700f21e3e4db2d42379533ecd40274a2f6dd7a330d3936956f3fc4c8b30ad	MATCH
source-manifest.json	1324	c000804d37ae3b204edff1667575421f8e0465f691c1e40406d2b18debd23589	files/261/sha256	source.zip!drivers/apple-agx/render-admission/umd/tests/dbwin_capture.c	c000804d37ae3b204edff1667575421f8e0465f691c1e40406d2b18debd23589	MATCH
source-manifest.json	1329	87971321549ee07d09608424731755eb93502a1d197437b3025f4f5e251b65ee	files/262/sha256	source.zip!drivers/apple-agx/render-admission/umd/tests/direct_flip_contract_test.c	87971321549ee07d09608424731755eb93502a1d197437b3025f4f5e251b65ee	MATCH
source-manifest.json	1334	48e2377e7d6b9a6171553dd6be670f3c0dafc493e10f8cea9542c2ba7e1dc277	files/263/sha256	source.zip!drivers/apple-agx/render-admission/umd/tests/native_sampling.hlsl	48e2377e7d6b9a6171553dd6be670f3c0dafc493e10f8cea9542c2ba7e1dc277	MATCH
source-manifest.json	1339	122f9d4089572f862cca5513ba63bbb554253c53ef0c2b14dbc0a88557a80970	files/264/sha256	source.zip!drivers/apple-agx/render-admission/umd/tests/native_sampling_tokens.h	122f9d4089572f862cca5513ba63bbb554253c53ef0c2b14dbc0a88557a80970	MATCH
source-manifest.json	1344	6be8fc5e97ad26c7652b4050157debf26a68b85d07f29b328cf0489d04b842de	files/265/sha256	source.zip!drivers/apple-agx/render-admission/umd/tests/prepare_runtime_probe_kmt.py	6be8fc5e97ad26c7652b4050157debf26a68b85d07f29b328cf0489d04b842de	MATCH
source-manifest.json	1349	62401633a396861ab370fd16c52606e51f541249bc8f89b5b55a12550367ccac	files/266/sha256	source.zip!drivers/apple-agx/render-admission/umd/tests/runtime_ddi_probe.c	62401633a396861ab370fd16c52606e51f541249bc8f89b5b55a12550367ccac	MATCH
source-manifest.json	1354	7b6ff31e490c3a819da0284a927d885fbad6e3fe96992ce6e9ab596b7db52e2b	files/267/sha256	source.zip!drivers/apple-agx/render-admission/umd/tests/umd_asahi_pool_windows.c	7b6ff31e490c3a819da0284a927d885fbad6e3fe96992ce6e9ab596b7db52e2b	MATCH
source-manifest.json	1359	af607761ebc60f8e16a838190c9b411356e276b19083fb643cac4e4bd643d7b2	files/268/sha256	source.zip!drivers/apple-agx/render-admission/umd/tests/umd_contract_windows.c	af607761ebc60f8e16a838190c9b411356e276b19083fb643cac4e4bd643d7b2	MATCH
source-manifest.json	1364	f83dae846ebb0d81cf6b225a3bb78dae9831658b59aee0456c717cb8be3ed934	files/269/sha256	source.zip!drivers/apple-agx/render-admission/umd/tests/umd_draw_composer_windows.c	f83dae846ebb0d81cf6b225a3bb78dae9831658b59aee0456c717cb8be3ed934	MATCH
source-manifest.json	1369	4c2a5b094474c81a3ed33183755e03e1a1e6aef9cedde7f3f5b130a7c8e1f644	files/270/sha256	source.zip!drivers/apple-agx/render-admission/umd/tests/umd_gpuva_contract_windows.c	4c2a5b094474c81a3ed33183755e03e1a1e6aef9cedde7f3f5b130a7c8e1f644	MATCH
source-manifest.json	1374	7a4407d7cd88c6ad288950595bf30422bb095bf073b9daec83b82ed3d31bc826	files/271/sha256	source.zip!drivers/apple-agx/shared/include/apple_agx_aperture.h	7a4407d7cd88c6ad288950595bf30422bb095bf073b9daec83b82ed3d31bc826	MATCH
source-manifest.json	1379	819f6337a6a9d1284db5e0a91d5afb76acdc416a69783b7242fc9742c2c2b126	files/272/sha256	source.zip!drivers/apple-agx/shared/include/apple_agx_asc_transport.h	819f6337a6a9d1284db5e0a91d5afb76acdc416a69783b7242fc9742c2c2b126	MATCH
source-manifest.json	1384	b84c5159f544fd105671a3629e28a2f2ddd878cec220392b013efbcaf294538c	files/273/sha256	source.zip!drivers/apple-agx/shared/include/apple_agx_backend_memory_bridge.h	b84c5159f544fd105671a3629e28a2f2ddd878cec220392b013efbcaf294538c	MATCH
source-manifest.json	1389	c3515e535f335cb35817ac06f52a3c8750bb2e4c1ed57dd8fa0d7ee0b96d186e	files/274/sha256	source.zip!drivers/apple-agx/shared/include/apple_agx_backend_runtime.h	c3515e535f335cb35817ac06f52a3c8750bb2e4c1ed57dd8fa0d7ee0b96d186e	MATCH
source-manifest.json	1394	8ea29583262c62803a56b52442d783df4ddc761cbc27b736cb5a2fe5cb4e6bbf	files/275/sha256	source.zip!drivers/apple-agx/shared/include/apple_agx_channel_info.h	8ea29583262c62803a56b52442d783df4ddc761cbc27b736cb5a2fe5cb4e6bbf	MATCH
source-manifest.json	1399	78c73c351654b65a1c28e7b890eb3dafb60ecfcdbfb3d807d3629931b6a9c49b	files/276/sha256	source.zip!drivers/apple-agx/shared/include/apple_agx_channel_memory.h	78c73c351654b65a1c28e7b890eb3dafb60ecfcdbfb3d807d3629931b6a9c49b	MATCH
source-manifest.json	1404	fdd107e465768dcacfc11205b6278e91a826cec8254f4379af2b2089cb0be4a7	files/277/sha256	source.zip!drivers/apple-agx/shared/include/apple_agx_config_snapshot.h	fdd107e465768dcacfc11205b6278e91a826cec8254f4379af2b2089cb0be4a7	MATCH
source-manifest.json	1409	4b342711b7aab5a2b421b6232c2af5cb48b2aa1bf55900541cfe6b18dae5a029	files/278/sha256	source.zip!drivers/apple-agx/shared/include/apple_agx_context0_broker.h	4b342711b7aab5a2b421b6232c2af5cb48b2aa1bf55900541cfe6b18dae5a029	MATCH
source-manifest.json	1414	7fe6b7d7c6bc6b5e41a4dc319a9ffef70707c7e26d2de7a2db39e1f4f5d8eff5	files/279/sha256	source.zip!drivers/apple-agx/shared/include/apple_agx_device_control.h	7fe6b7d7c6bc6b5e41a4dc319a9ffef70707c7e26d2de7a2db39e1f4f5d8eff5	MATCH
source-manifest.json	1419	29d51662eb36885dbf48020aae3a8002f1bb9bb3adeee5157a8fd9efa5f55770	files/280/sha256	source.zip!drivers/apple-agx/shared/include/apple_agx_dma_shadow.h	29d51662eb36885dbf48020aae3a8002f1bb9bb3adeee5157a8fd9efa5f55770	MATCH
source-manifest.json	1424	45cf1c629900e4068c07bf3e75a866ad441e4fc53a4827706fae4835252c69f2	files/281/sha256	source.zip!drivers/apple-agx/shared/include/apple_agx_event_allocator.h	45cf1c629900e4068c07bf3e75a866ad441e4fc53a4827706fae4835252c69f2	MATCH
source-manifest.json	1429	e4467fab1b29b6c041676f2a162f313ac1649c19802cf61c0dbe6d8d1f3773fe	files/282/sha256	source.zip!drivers/apple-agx/shared/include/apple_agx_exp208_adapter.h	e4467fab1b29b6c041676f2a162f313ac1649c19802cf61c0dbe6d8d1f3773fe	MATCH
source-manifest.json	1434	4fd56202767e301c249a73c02a9bab77c5b2c650d994ff59534ff1531996e5ee	files/283/sha256	source.zip!drivers/apple-agx/shared/include/apple_agx_exp208_dynamic.h	4fd56202767e301c249a73c02a9bab77c5b2c650d994ff59534ff1531996e5ee	MATCH
source-manifest.json	1439	58062fc77cb8046989c69fd1143d2739705f6cb0f66d62d885adfbfd59cf11df	files/284/sha256	source.zip!drivers/apple-agx/shared/include/apple_agx_exp208_framebuffer.h	58062fc77cb8046989c69fd1143d2739705f6cb0f66d62d885adfbfd59cf11df	MATCH
source-manifest.json	1444	5335e574247b75479f6b6c04addcf98141e270b5dae1ffbf354a89415cc5de8c	files/285/sha256	source.zip!drivers/apple-agx/shared/include/apple_agx_exp208_gdi.h	5335e574247b75479f6b6c04addcf98141e270b5dae1ffbf354a89415cc5de8c	MATCH
source-manifest.json	1449	407ddcad1403ea06dda240cd396037844b44a7444517b911f5c63703e5c6d15b	files/286/sha256	source.zip!drivers/apple-agx/shared/include/apple_agx_exp208_relocation.h	407ddcad1403ea06dda240cd396037844b44a7444517b911f5c63703e5c6d15b	MATCH
source-manifest.json	1454	45c489214413519d8a934ec0d8402fa236082557a55e65f7e09b28f0fda19982	files/287/sha256	source.zip!drivers/apple-agx/shared/include/apple_agx_firmware.h	45c489214413519d8a934ec0d8402fa236082557a55e65f7e09b28f0fda19982	MATCH
source-manifest.json	1459	c146e6848382b7331c0f4a34694ca14e2e9c231f905369942d509a29baa89e4e	files/288/sha256	source.zip!drivers/apple-agx/shared/include/apple_agx_firmware_io.h	c146e6848382b7331c0f4a34694ca14e2e9c231f905369942d509a29baa89e4e	MATCH
source-manifest.json	1464	7e2cfcd061163077e9444a20b3f6ae630761b602a5ade2508fb79e5b6a3f9292	files/289/sha256	source.zip!drivers/apple-agx/shared/include/apple_agx_firmware_prefix.h	7e2cfcd061163077e9444a20b3f6ae630761b602a5ade2508fb79e5b6a3f9292	MATCH
source-manifest.json	1469	9ad3ae63195db30062a2af6b870ea71df2a7c78f94b8981940262f034a28feb0	files/290/sha256	source.zip!drivers/apple-agx/shared/include/apple_agx_firmware_provider.h	9ad3ae63195db30062a2af6b870ea71df2a7c78f94b8981940262f034a28feb0	MATCH
source-manifest.json	1474	c2c593e2a37d743aeb1d7f9ddfafbee2d704a08f52a44da430cb326ea3d28d37	files/291/sha256	source.zip!drivers/apple-agx/shared/include/apple_agx_firmware_start_receipt.h	c2c593e2a37d743aeb1d7f9ddfafbee2d704a08f52a44da430cb326ea3d28d37	MATCH
source-manifest.json	1479	4bc24d3b9e0865275308d4261c5222a8b4a9e551e3f69fa41dbcdee07c0e9de0	files/292/sha256	source.zip!drivers/apple-agx/shared/include/apple_agx_firmware_status.h	4bc24d3b9e0865275308d4261c5222a8b4a9e551e3f69fa41dbcdee07c0e9de0	MATCH
source-manifest.json	1484	a8510f89111c5c66e3246531692f3351c2e7fda0d1c70fe6f76fbe9fa738534b	files/293/sha256	source.zip!drivers/apple-agx/shared/include/apple_agx_fixed_panel.h	a8510f89111c5c66e3246531692f3351c2e7fda0d1c70fe6f76fbe9fa738534b	MATCH
source-manifest.json	1489	deba95de7a56d0222733968adee5dd87e1cf55ce8e2e3958f53c33a72fe61ea1	files/294/sha256	source.zip!drivers/apple-agx/shared/include/apple_agx_g13_codec.h	deba95de7a56d0222733968adee5dd87e1cf55ce8e2e3958f53c33a72fe61ea1	MATCH
source-manifest.json	1494	3bda76a289853461397417de5639ed1819fe4851bb51fec54c7c827d3e35419d	files/295/sha256	source.zip!drivers/apple-agx/shared/include/apple_agx_g13_compute_work.h	3bda76a289853461397417de5639ed1819fe4851bb51fec54c7c827d3e35419d	MATCH
source-manifest.json	1499	7df2270387abbae14fb629bb785db646b9617b3f84303fa8094eda73a88857d4	files/296/sha256	source.zip!drivers/apple-agx/shared/include/apple_agx_g13_queue_provider.h	7df2270387abbae14fb629bb785db646b9617b3f84303fa8094eda73a88857d4	MATCH
source-manifest.json	1504	e9835e2ff7fcf0afba1a494b08b3689aa3b24cef6f43a9eac0b83ccee64fa69d	files/297/sha256	source.zip!drivers/apple-agx/shared/include/apple_agx_g13_queue_runtime.h	e9835e2ff7fcf0afba1a494b08b3689aa3b24cef6f43a9eac0b83ccee64fa69d	MATCH
source-manifest.json	1509	dc64180467a0ac2910aca5025e97ec2f45c67ecd1dc0f5628b8de50ae3fcc1f9	files/298/sha256	source.zip!drivers/apple-agx/shared/include/apple_agx_g3_copy_abi.h	dc64180467a0ac2910aca5025e97ec2f45c67ecd1dc0f5628b8de50ae3fcc1f9	MATCH
source-manifest.json	1514	014b5b2d56c990e412d8cafff81d2a847fec22367961ba087b99adb4a4580273	files/299/sha256	source.zip!drivers/apple-agx/shared/include/apple_agx_g3_copy_query_receipt.h	014b5b2d56c990e412d8cafff81d2a847fec22367961ba087b99adb4a4580273	MATCH
source-manifest.json	1519	7632640d05b8d5e51076e36c119b16fa0a4a195e5a051efbf3dc48247a66560a	files/300/sha256	source.zip!drivers/apple-agx/shared/include/apple_agx_g3_private_abi.h	7632640d05b8d5e51076e36c119b16fa0a4a195e5a051efbf3dc48247a66560a	MATCH
source-manifest.json	1524	c66c497bb569007710e37b6017261de3dbfe94255ebd873c0ecf7434bfbcbd66	files/301/sha256	source.zip!drivers/apple-agx/shared/include/apple_agx_g3_private_pool.h	c66c497bb569007710e37b6017261de3dbfe94255ebd873c0ecf7434bfbcbd66	MATCH
source-manifest.json	1529	bbd8d094f6735604943f3cfa581c417ff8d4b8aadefc245a19070b9e485be864	files/302/sha256	source.zip!drivers/apple-agx/shared/include/apple_agx_g3_private_storage.h	bbd8d094f6735604943f3cfa581c417ff8d4b8aadefc245a19070b9e485be864	MATCH
source-manifest.json	1534	bb9092ed2ce067c71972f935d464407793466540cc823ebd065f0f4f3d64d879	files/303/sha256	source.zip!drivers/apple-agx/shared/include/apple_agx_g4_builder.h	bb9092ed2ce067c71972f935d464407793466540cc823ebd065f0f4f3d64d879	MATCH
source-manifest.json	1539	eb374aba69bf390905f4b4dee8d53c6823a618708280cce3cbce31371fae8174	files/304/sha256	source.zip!drivers/apple-agx/shared/include/apple_agx_g4_submit.h	eb374aba69bf390905f4b4dee8d53c6823a618708280cce3cbce31371fae8174	MATCH
source-manifest.json	1544	acd061381e0d33f544d8695929a06bc2f3bf180f6c3fffb5c311b6419bc06e06	files/305/sha256	source.zip!drivers/apple-agx/shared/include/apple_agx_gdi.h	acd061381e0d33f544d8695929a06bc2f3bf180f6c3fffb5c311b6419bc06e06	MATCH
source-manifest.json	1549	8bc09d3ab06a994ab784685ed37cca1925a2cd3612d2c82992ce4a13fd731d65	files/306/sha256	source.zip!drivers/apple-agx/shared/include/apple_agx_gfx_handoff.h	8bc09d3ab06a994ab784685ed37cca1925a2cd3612d2c82992ce4a13fd731d65	MATCH
source-manifest.json	1554	25cfce9c74e59ebc9812f606cdfa3d8d8a7de0b80e47fcde59b44dbb0d202d7b	files/307/sha256	source.zip!drivers/apple-agx/shared/include/apple_agx_gpuva_b1_completion.h	25cfce9c74e59ebc9812f606cdfa3d8d8a7de0b80e47fcde59b44dbb0d202d7b	MATCH
source-manifest.json	1559	b047a854e5963770b7bc8c05c20cc7acc658fa9d66dbeb22b784203365b7e3df	files/308/sha256	source.zip!drivers/apple-agx/shared/include/apple_agx_gpuva_b1_graph.h	b047a854e5963770b7bc8c05c20cc7acc658fa9d66dbeb22b784203365b7e3df	MATCH
source-manifest.json	1564	cbf95b1c45cf68b0b9ddfbb990361efa7bce0352090486d211cf9c77feb0183a	files/309/sha256	source.zip!drivers/apple-agx/shared/include/apple_agx_gpuva_b1_roots.h	cbf95b1c45cf68b0b9ddfbb990361efa7bce0352090486d211cf9c77feb0183a	MATCH
source-manifest.json	1569	f894037eda64d56c13fb7dfa07bb450e2edc5770d6d84491ce4b2646ca921882	files/310/sha256	source.zip!drivers/apple-agx/shared/include/apple_agx_gpuva_b1_status.h	f894037eda64d56c13fb7dfa07bb450e2edc5770d6d84491ce4b2646ca921882	MATCH
source-manifest.json	1574	5ba54c8017c685d6f00c3907bcf31b5f1c934394bcc656093ab777a976eafa3f	files/311/sha256	source.zip!drivers/apple-agx/shared/include/apple_agx_gpuva_b1_submission.h	5ba54c8017c685d6f00c3907bcf31b5f1c934394bcc656093ab777a976eafa3f	MATCH
source-manifest.json	1579	f65539d29da2cba585b5d2440bfb77c66820f7d460000b5e413dde6c7bc4f3ed	files/312/sha256	source.zip!drivers/apple-agx/shared/include/apple_agx_gpuva_broker_v5.h	f65539d29da2cba585b5d2440bfb77c66820f7d460000b5e413dde6c7bc4f3ed	MATCH
source-manifest.json	1584	c22c6b2d0fa8702de795fc6c6329987dde87858820441c303cb49de8764b27b3	files/313/sha256	source.zip!drivers/apple-agx/shared/include/apple_agx_gpuva_broker_v5_client.h	c22c6b2d0fa8702de795fc6c6329987dde87858820441c303cb49de8764b27b3	MATCH
source-manifest.json	1589	19b03bfa8a121de3499fcc4ef79e5294b067719d4b8be68682e78a7124d70821	files/314/sha256	source.zip!drivers/apple-agx/shared/include/apple_agx_gpuva_g3_caps.h	19b03bfa8a121de3499fcc4ef79e5294b067719d4b8be68682e78a7124d70821	MATCH
source-manifest.json	1594	49e2bf1954f72fab5679bf09190a9e54d52aba8b0234f9582f08afe3c95017ae	files/315/sha256	source.zip!drivers/apple-agx/shared/include/apple_agx_gpuva_g3_graph.h	49e2bf1954f72fab5679bf09190a9e54d52aba8b0234f9582f08afe3c95017ae	MATCH
source-manifest.json	1599	12e5b2c30795217f1d4c69727ce1826151d5c638ca03fe5a6d355ebf86be60f5	files/316/sha256	source.zip!drivers/apple-agx/shared/include/apple_agx_gpuva_g3_translation.h	12e5b2c30795217f1d4c69727ce1826151d5c638ca03fe5a6d355ebf86be60f5	MATCH
source-manifest.json	1604	4a5df599339585d620209d19a147e0420ab91b5f55d39b9f8052ca8a2f338451	files/317/sha256	source.zip!drivers/apple-agx/shared/include/apple_agx_hwdata_profile.generated.h	4a5df599339585d620209d19a147e0420ab91b5f55d39b9f8052ca8a2f338451	MATCH
source-manifest.json	1609	0d1e66628e5b1e644277e0d556b6ddeeda1cdc33b0de9f8b472352c492a826c7	files/318/sha256	source.zip!drivers/apple-agx/shared/include/apple_agx_hwdata_profile.h	0d1e66628e5b1e644277e0d556b6ddeeda1cdc33b0de9f8b472352c492a826c7	MATCH
source-manifest.json	1614	36d5a3ac540243a14f4c7fbed21f997b595863a4b96fbe83d5a4b2756d5fb94e	files/319/sha256	source.zip!drivers/apple-agx/shared/include/apple_agx_hwdata_profile_abi.h	36d5a3ac540243a14f4c7fbed21f997b595863a4b96fbe83d5a4b2756d5fb94e	MATCH
source-manifest.json	1619	ba9ada22a0e523ef072b9504fd1537f2f76f7521eb466bcc91d0abb21e6528d9	files/320/sha256	source.zip!drivers/apple-agx/shared/include/apple_agx_initdata.h	ba9ada22a0e523ef072b9504fd1537f2f76f7521eb466bcc91d0abb21e6528d9	MATCH
source-manifest.json	1624	8913d2894403811adce5c69bc1c8fd49a5182cf585944ffb41db0b4b949088ae	files/321/sha256	source.zip!drivers/apple-agx/shared/include/apple_agx_initdata_memory.h	8913d2894403811adce5c69bc1c8fd49a5182cf585944ffb41db0b4b949088ae	MATCH
source-manifest.json	1629	7fdc1c60e38868274ebdda45753f925a75dc5b49fbc20452798456f5c2746f67	files/322/sha256	source.zip!drivers/apple-agx/shared/include/apple_agx_local_reserve_abi.h	7fdc1c60e38868274ebdda45753f925a75dc5b49fbc20452798456f5c2746f67	MATCH
source-manifest.json	1634	1d7ac450dabf7677ccc380713b8fb3e389ddcc16bf8fc884c74ad9553deaae3f	files/323/sha256	source.zip!drivers/apple-agx/shared/include/apple_agx_local_segment.h	1d7ac450dabf7677ccc380713b8fb3e389ddcc16bf8fc884c74ad9553deaae3f	MATCH
source-manifest.json	1639	32c4745035856a38a34e7022d5be8cca63d9728a9cecc9b18e242415ac710f29	files/324/sha256	source.zip!drivers/apple-agx/shared/include/apple_agx_mapping.h	32c4745035856a38a34e7022d5be8cca63d9728a9cecc9b18e242415ac710f29	MATCH
source-manifest.json	1644	4f08a8ce6b97b6f55b229cecb0b4f9a4272fcb3e1c84b01e780aff7124bf7777	files/325/sha256	source.zip!drivers/apple-agx/shared/include/apple_agx_memory.h	4f08a8ce6b97b6f55b229cecb0b4f9a4272fcb3e1c84b01e780aff7124bf7777	MATCH
source-manifest.json	1649	6b59cf90f1c8b4b782914e1b7a7e4cc9a57cde21e5fdd054eb442b3cfe42ee4b	files/326/sha256	source.zip!drivers/apple-agx/shared/include/apple_agx_physical_paging.h	6b59cf90f1c8b4b782914e1b7a7e4cc9a57cde21e5fdd054eb442b3cfe42ee4b	MATCH
source-manifest.json	1654	cce919640a44cf24f3130d52ea1afcbd331cddb5dc527b1cba5b2e4efe855651	files/327/sha256	source.zip!drivers/apple-agx/shared/include/apple_agx_physical_topology.h	cce919640a44cf24f3130d52ea1afcbd331cddb5dc527b1cba5b2e4efe855651	MATCH
source-manifest.json	1659	a3fe146ebf8378b68962837c3ff9d7584e35bac7c5f36b7593b7aa3995a3a679	files/328/sha256	source.zip!drivers/apple-agx/shared/include/apple_agx_platform_composer.h	a3fe146ebf8378b68962837c3ff9d7584e35bac7c5f36b7593b7aa3995a3a679	MATCH
source-manifest.json	1664	0fe3d665893191303112bc69418b125379e26868e23db0da8fabaa8e1dceac41	files/329/sha256	source.zip!drivers/apple-agx/shared/include/apple_agx_platform_provider.h	0fe3d665893191303112bc69418b125379e26868e23db0da8fabaa8e1dceac41	MATCH
source-manifest.json	1669	26a3fb30b2b261c1b4ead79f961c630875e301a6f06a51ee7385dd891bf2c496	files/330/sha256	source.zip!drivers/apple-agx/shared/include/apple_agx_platform_transport_validation.h	26a3fb30b2b261c1b4ead79f961c630875e301a6f06a51ee7385dd891bf2c496	MATCH
source-manifest.json	1674	babb24ce83361c6094edc94bd4a5a8944dc57e02fb23f4acdd816136e866a248	files/331/sha256	source.zip!drivers/apple-agx/shared/include/apple_agx_post_display_route.h	babb24ce83361c6094edc94bd4a5a8944dc57e02fb23f4acdd816136e866a248	MATCH
source-manifest.json	1679	e6379f4dc5b6538841c10ded4300c92546ca983a945b0f4c2b007ae63b2d2693	files/332/sha256	source.zip!drivers/apple-agx/shared/include/apple_agx_power.h	e6379f4dc5b6538841c10ded4300c92546ca983a945b0f4c2b007ae63b2d2693	MATCH
source-manifest.json	1684	6940d0ff3315c9f98dd9d8003854627fdf2419c334c79b6d404d6d3d9f88c218	files/333/sha256	source.zip!drivers/apple-agx/shared/include/apple_agx_regionb.h	6940d0ff3315c9f98dd9d8003854627fdf2419c334c79b6d404d6d3d9f88c218	MATCH
source-manifest.json	1689	92400d504404378d98882ab75e76ca18fe48dde653a4929782f1697ca1c6ebd9	files/334/sha256	source.zip!drivers/apple-agx/shared/include/apple_agx_regionb_memory.h	92400d504404378d98882ab75e76ca18fe48dde653a4929782f1697ca1c6ebd9	MATCH
source-manifest.json	1694	c4ca3b46288d803e9aa7e9d8c372d4d7b837862fd178bea8f9d5990ed9b2bfc8	files/335/sha256	source.zip!drivers/apple-agx/shared/include/apple_agx_regionc.h	c4ca3b46288d803e9aa7e9d8c372d4d7b837862fd178bea8f9d5990ed9b2bfc8	MATCH
source-manifest.json	1699	ffe309d9357a4f6e00e72812a4f7ccf110b91378a92e2bb99f6f65edb97c756c	files/336/sha256	source.zip!drivers/apple-agx/shared/include/apple_agx_relocation.h	ffe309d9357a4f6e00e72812a4f7ccf110b91378a92e2bb99f6f65edb97c756c	MATCH
source-manifest.json	1704	ea298b15f414f6b25c8916c3afbcff36b05638e132e0acfbecbebebd4fc88cc6	files/337/sha256	source.zip!drivers/apple-agx/shared/include/apple_agx_render_provider.h	ea298b15f414f6b25c8916c3afbcff36b05638e132e0acfbecbebebd4fc88cc6	MATCH
source-manifest.json	1709	d137147d7bcd1b2016dc08ba199e3c7d1a171768387d321366539c6f452835d7	files/338/sha256	source.zip!drivers/apple-agx/shared/include/apple_agx_render_shared_memory.h	d137147d7bcd1b2016dc08ba199e3c7d1a171768387d321366539c6f452835d7	MATCH
source-manifest.json	1714	52b4dde84d88ada03a85b9ef4b3df3c0cb7b3b2aa6c4be5b5d43bda70a442b0a	files/339/sha256	source.zip!drivers/apple-agx/shared/include/apple_agx_render_template.h	52b4dde84d88ada03a85b9ef4b3df3c0cb7b3b2aa6c4be5b5d43bda70a442b0a	MATCH
source-manifest.json	1719	bc8e1cc2262e2fd152d60096b8c0e0ab769768f1ba88ea85bc7f4184777c678b	files/340/sha256	source.zip!drivers/apple-agx/shared/include/apple_agx_render_template_rebase.h	bc8e1cc2262e2fd152d60096b8c0e0ab769768f1ba88ea85bc7f4184777c678b	MATCH
source-manifest.json	1724	bb6921d334198aea7314fea0e1445b9f9ef14a7e6e23c531151790ba87d3e809	files/341/sha256	source.zip!drivers/apple-agx/shared/include/apple_agx_render_template_vm_slot.h	bb6921d334198aea7314fea0e1445b9f9ef14a7e6e23c531151790ba87d3e809	MATCH
source-manifest.json	1729	444ffb706a7bbb44ef241dba9a56a6762b0b9f61fecf2b1911833a5a2f2dc12e	files/342/sha256	source.zip!drivers/apple-agx/shared/include/apple_agx_residency.h	444ffb706a7bbb44ef241dba9a56a6762b0b9f61fecf2b1911833a5a2f2dc12e	MATCH
source-manifest.json	1734	11867598d7f42ddf1087c41ce4faaccf19b53813643cb1a2c2d1721fd931ef1b	files/343/sha256	source.zip!drivers/apple-agx/shared/include/apple_agx_retained_root_abi.h	11867598d7f42ddf1087c41ce4faaccf19b53813643cb1a2c2d1721fd931ef1b	MATCH
source-manifest.json	1739	db338090a14bafd3268317778481b85c96b526df086b4d9d9f1a52a2bfbce372	files/344/sha256	source.zip!drivers/apple-agx/shared/include/apple_agx_retained_root_client.h	db338090a14bafd3268317778481b85c96b526df086b4d9d9f1a52a2bfbce372	MATCH
source-manifest.json	1744	4223092b57681de03b8824642a8002c9edc6aede7b26ea64fdc9d6873b7c012d	files/345/sha256	source.zip!drivers/apple-agx/shared/include/apple_agx_rtkit.h	4223092b57681de03b8824642a8002c9edc6aede7b26ea64fdc9d6873b7c012d	MATCH
source-manifest.json	1749	ca1720af06381004a01ade2bce9c7a05dff280c89ceef39adeac7cd894797357	files/346/sha256	source.zip!drivers/apple-agx/shared/include/apple_agx_rtkit_boot.h	ca1720af06381004a01ade2bce9c7a05dff280c89ceef39adeac7cd894797357	MATCH
source-manifest.json	1754	8a629ce0e4915ab589e5ad0ad405e927086925c6e645f1e21ab8653f970ddb9e	files/347/sha256	source.zip!drivers/apple-agx/shared/include/apple_agx_rtkit_session.h	8a629ce0e4915ab589e5ad0ad405e927086925c6e645f1e21ab8653f970ddb9e	MATCH
source-manifest.json	1759	267c20d6900f0a99443cd72afd62acd3be1b150a7544c8924be459051d44c957	files/348/sha256	source.zip!drivers/apple-agx/shared/include/apple_agx_scanout.h	267c20d6900f0a99443cd72afd62acd3be1b150a7544c8924be459051d44c957	MATCH
source-manifest.json	1764	5aa5c36de976e9efa81db7a201039654ad2ace0b685b4b08adf9bdbb8883d2a1	files/349/sha256	source.zip!drivers/apple-agx/shared/include/apple_agx_scheduler.h	5aa5c36de976e9efa81db7a201039654ad2ace0b685b4b08adf9bdbb8883d2a1	MATCH
source-manifest.json	1769	01251f495b0c74e67f1507d18a82b8a3027af4f52b22d70f72b980b8963de084	files/350/sha256	source.zip!drivers/apple-agx/shared/include/apple_agx_software_aperture.h	01251f495b0c74e67f1507d18a82b8a3027af4f52b22d70f72b980b8963de084	MATCH
source-manifest.json	1774	45449ea5c73b308c30a3d9a056ec6c7e88ce4331bda9bb339b2447d2ff1838f5	files/351/sha256	source.zip!drivers/apple-agx/shared/include/apple_agx_state.h	45449ea5c73b308c30a3d9a056ec6c7e88ce4331bda9bb339b2447d2ff1838f5	MATCH
source-manifest.json	1779	af30be78f39bdfad69047d56bd5c7a9cd040cc3b0a06bcb739c34aa89c068d8c	files/352/sha256	source.zip!drivers/apple-agx/shared/include/apple_agx_submission.h	af30be78f39bdfad69047d56bd5c7a9cd040cc3b0a06bcb739c34aa89c068d8c	MATCH
source-manifest.json	1784	cbd0fafd867114524b083e2fba29e01e0203ca4238ac18d36eb993381244d680	files/353/sha256	source.zip!drivers/apple-agx/shared/include/apple_agx_submission_coordinator.h	cbd0fafd867114524b083e2fba29e01e0203ca4238ac18d36eb993381244d680	MATCH
source-manifest.json	1789	95a3166d31f4d4a4b26f876a6c79944e6938144825053845c8e8faf611d82035	files/354/sha256	source.zip!drivers/apple-agx/shared/include/apple_agx_uat.h	95a3166d31f4d4a4b26f876a6c79944e6938144825053845c8e8faf611d82035	MATCH
source-manifest.json	1794	5a8b9d3eec9b03c59e9c6c30258df6278b31b14eb00fce6ecd0ffcf24eb29671	files/355/sha256	source.zip!drivers/apple-agx/shared/include/apple_agx_uat_memory.h	5a8b9d3eec9b03c59e9c6c30258df6278b31b14eb00fce6ecd0ffcf24eb29671	MATCH
source-manifest.json	1799	d2020aecc7952a9b3bbde0e62e9866f03e62812660a94b3a40bfa015b9fb42fb	files/356/sha256	source.zip!drivers/apple-agx/shared/include/apple_agx_uat_publication.h	d2020aecc7952a9b3bbde0e62e9866f03e62812660a94b3a40bfa015b9fb42fb	MATCH
source-manifest.json	1804	99a45b1fc0cd4fa627a38e0a42f80c76aaa6ea60506ab95bda0b922dc6ea6540	files/357/sha256	source.zip!drivers/apple-agx/shared/include/apple_agx_uat_table.h	99a45b1fc0cd4fa627a38e0a42f80c76aaa6ea60506ab95bda0b922dc6ea6540	MATCH
source-manifest.json	1809	665abf904e6cda7bac0694921a29626bc01106c1c122bedf99f20944fc901119	files/358/sha256	source.zip!drivers/apple-agx/shared/include/apple_agx_wddm_feature_contract.h	665abf904e6cda7bac0694921a29626bc01106c1c122bedf99f20944fc901119	MATCH
source-manifest.json	1814	4bb1f3aa77497ba3d353293f63842902ba545784bb9aea90aaf4d23c59a535f5	files/359/sha256	source.zip!drivers/apple-agx/shared/include/apple_agx_win32_abi.h	4bb1f3aa77497ba3d353293f63842902ba545784bb9aea90aaf4d23c59a535f5	MATCH
source-manifest.json	1819	e94911ee739b4d1c949641aeca6d58505d1ba493f0d13727482ca079a8cb0244	files/360/sha256	source.zip!drivers/apple-agx/shared/include/apple_agx_win32_device_info.h	e94911ee739b4d1c949641aeca6d58505d1ba493f0d13727482ca079a8cb0244	MATCH
source-manifest.json	1824	d627e97365bd16c8ece2ac4a025b2f58c1c268a9db42250635a7653d3330ff76	files/361/sha256	source.zip!drivers/apple-agx/shared/include/apple_agx_work_queue.h	d627e97365bd16c8ece2ac4a025b2f58c1c268a9db42250635a7653d3330ff76	MATCH
source-manifest.json	1829	cd5973d7215d03916d26f4021dd0af05bfe99600c0cd4bc81a34f94d390baa19	files/362/sha256	source.zip!drivers/apple-agx/shared/include/j313_agx_g2.generated.h	cd5973d7215d03916d26f4021dd0af05bfe99600c0cd4bc81a34f94d390baa19	MATCH
source-manifest.json	1834	4bcce52733bd5b842d18bfccd3a7a5948dcdd3217914a9073bc2ace41dccbace	files/363/sha256	source.zip!drivers/apple-agx/shared/src/apple_agx_aperture.c	4bcce52733bd5b842d18bfccd3a7a5948dcdd3217914a9073bc2ace41dccbace	MATCH
source-manifest.json	1839	73ef10f5c6f859f2003c5433f4976e46df71bf3d0c196f31cf36c8e40ab66e6c	files/364/sha256	source.zip!drivers/apple-agx/shared/src/apple_agx_asc_transport.c	73ef10f5c6f859f2003c5433f4976e46df71bf3d0c196f31cf36c8e40ab66e6c	MATCH
source-manifest.json	1844	c9cbc934698f90c218d403c0149e2aae8d9e30c2642c7f3f902e13c2f483650f	files/365/sha256	source.zip!drivers/apple-agx/shared/src/apple_agx_backend_memory_bridge.c	c9cbc934698f90c218d403c0149e2aae8d9e30c2642c7f3f902e13c2f483650f	MATCH
source-manifest.json	1849	2ac658ce4a6f578cb6ccd60c8187c1efe4294cc06a22cbbfe2b81f909acb4f48	files/366/sha256	source.zip!drivers/apple-agx/shared/src/apple_agx_backend_runtime.c	2ac658ce4a6f578cb6ccd60c8187c1efe4294cc06a22cbbfe2b81f909acb4f48	MATCH
source-manifest.json	1854	b655179ddef6d2ee73159ad6f99095f8ed2bfbee468975b7083a585d1c5f0533	files/367/sha256	source.zip!drivers/apple-agx/shared/src/apple_agx_channel_info.c	b655179ddef6d2ee73159ad6f99095f8ed2bfbee468975b7083a585d1c5f0533	MATCH
source-manifest.json	1859	5d52198d0e85be6eb8aac3935c9aea14b327768a194d9b0899a0c24f681c1fba	files/368/sha256	source.zip!drivers/apple-agx/shared/src/apple_agx_channel_memory.c	5d52198d0e85be6eb8aac3935c9aea14b327768a194d9b0899a0c24f681c1fba	MATCH
source-manifest.json	1864	d5a417acc8694cc49601ea915e7af6a6788d48f32c3f78a602821542b9fe1e2a	files/369/sha256	source.zip!drivers/apple-agx/shared/src/apple_agx_config_snapshot.c	d5a417acc8694cc49601ea915e7af6a6788d48f32c3f78a602821542b9fe1e2a	MATCH
source-manifest.json	1869	044bcc891fddfc4514f158161609f768fa9a05a0cdd8ed17db2cc4899127626d	files/370/sha256	source.zip!drivers/apple-agx/shared/src/apple_agx_context0_broker.c	044bcc891fddfc4514f158161609f768fa9a05a0cdd8ed17db2cc4899127626d	MATCH
source-manifest.json	1874	dd641af8b8ad0e98004c212c53f1a79bde174972899756cc7f703983f29994c3	files/371/sha256	source.zip!drivers/apple-agx/shared/src/apple_agx_device_control.c	dd641af8b8ad0e98004c212c53f1a79bde174972899756cc7f703983f29994c3	MATCH
source-manifest.json	1879	2741f147135ccff5b0763852070d69662b475524c7b96bcbcbabdf32d3ce95ac	files/372/sha256	source.zip!drivers/apple-agx/shared/src/apple_agx_dma_shadow.c	2741f147135ccff5b0763852070d69662b475524c7b96bcbcbabdf32d3ce95ac	MATCH
source-manifest.json	1884	b59101cfbd1ccbec6e26c3f1c2a9d2d12922c813f0ab61d1c966d6aeb9e5daba	files/373/sha256	source.zip!drivers/apple-agx/shared/src/apple_agx_event_allocator.c	b59101cfbd1ccbec6e26c3f1c2a9d2d12922c813f0ab61d1c966d6aeb9e5daba	MATCH
source-manifest.json	1889	3223b362835d74225fb7d787fa6da3a23e2009795ffb1d817d4e42593a7d8c5c	files/374/sha256	source.zip!drivers/apple-agx/shared/src/apple_agx_exp208_adapter.c	3223b362835d74225fb7d787fa6da3a23e2009795ffb1d817d4e42593a7d8c5c	MATCH
source-manifest.json	1894	d815f2cd7e9802f8d1faa26e526cb6ebfa1288c563dc9e4d260be3a9ac90d919	files/375/sha256	source.zip!drivers/apple-agx/shared/src/apple_agx_exp208_dynamic.c	d815f2cd7e9802f8d1faa26e526cb6ebfa1288c563dc9e4d260be3a9ac90d919	MATCH
source-manifest.json	1899	b63a86d88d9dbb0cdadf527dfe047143e2324f0556def00994ef09d90c0b449a	files/376/sha256	source.zip!drivers/apple-agx/shared/src/apple_agx_exp208_framebuffer.c	b63a86d88d9dbb0cdadf527dfe047143e2324f0556def00994ef09d90c0b449a	MATCH
source-manifest.json	1904	51aab01df70c8d7a335ecd8961e874925d092fb2dcc280fb19675147646e681c	files/377/sha256	source.zip!drivers/apple-agx/shared/src/apple_agx_exp208_gdi.c	51aab01df70c8d7a335ecd8961e874925d092fb2dcc280fb19675147646e681c	MATCH
source-manifest.json	1909	ba1aaa863376629dc10f6de1247ac57405f1b9dd82f809fb8d03b111de27ead0	files/378/sha256	source.zip!drivers/apple-agx/shared/src/apple_agx_firmware.c	ba1aaa863376629dc10f6de1247ac57405f1b9dd82f809fb8d03b111de27ead0	MATCH
source-manifest.json	1914	7baa66cf92434c1f8f7eacef5fe6cfb0ef8cf82dc5390cf533a6db2931cb1c18	files/379/sha256	source.zip!drivers/apple-agx/shared/src/apple_agx_firmware_provider.c	7baa66cf92434c1f8f7eacef5fe6cfb0ef8cf82dc5390cf533a6db2931cb1c18	MATCH
source-manifest.json	1919	1df6784196aba419792d6dc8ae9633559519ee213143e03d95486108aa9d3ad6	files/380/sha256	source.zip!drivers/apple-agx/shared/src/apple_agx_firmware_status.c	1df6784196aba419792d6dc8ae9633559519ee213143e03d95486108aa9d3ad6	MATCH
source-manifest.json	1924	7fde0fff82efc86120dcef957c3e07781c8cddbf5b28bbd032d550b761472e2e	files/381/sha256	source.zip!drivers/apple-agx/shared/src/apple_agx_fixed_panel.c	7fde0fff82efc86120dcef957c3e07781c8cddbf5b28bbd032d550b761472e2e	MATCH
source-manifest.json	1929	d12ccd0565ce5d9fbbca6f06c234f0d4346c6a20400fafc6d92e4b1c4a3d3f87	files/382/sha256	source.zip!drivers/apple-agx/shared/src/apple_agx_g13_codec.c	d12ccd0565ce5d9fbbca6f06c234f0d4346c6a20400fafc6d92e4b1c4a3d3f87	MATCH
source-manifest.json	1934	7b5b866256689cf378cb67487d91c21993b712afaeb27b11812b9dd4621e0805	files/383/sha256	source.zip!drivers/apple-agx/shared/src/apple_agx_g13_compute_work.c	7b5b866256689cf378cb67487d91c21993b712afaeb27b11812b9dd4621e0805	MATCH
source-manifest.json	1939	90476f65608e0f3ea28ea0213553996645b1cca7f167851d280ef9298d0040c1	files/384/sha256	source.zip!drivers/apple-agx/shared/src/apple_agx_g13_queue_provider.c	90476f65608e0f3ea28ea0213553996645b1cca7f167851d280ef9298d0040c1	MATCH
source-manifest.json	1944	0a9fee3417b17d133d5b39bc37a291cb63224cd5845549f37cdd74d7fe3030c6	files/385/sha256	source.zip!drivers/apple-agx/shared/src/apple_agx_g13_queue_runtime.c	0a9fee3417b17d133d5b39bc37a291cb63224cd5845549f37cdd74d7fe3030c6	MATCH
source-manifest.json	1949	60ff0da36d34c0973007b7f14f036855817374113905819bbeee52cf1bfba76a	files/386/sha256	source.zip!drivers/apple-agx/shared/src/apple_agx_g4_builder.c	60ff0da36d34c0973007b7f14f036855817374113905819bbeee52cf1bfba76a	MATCH
source-manifest.json	1954	f3331443e1f5a10e8e356ef6776d5f0e2e10d80ba9550ad1bf3fba09491ef343	files/387/sha256	source.zip!drivers/apple-agx/shared/src/apple_agx_g4_submit.c	f3331443e1f5a10e8e356ef6776d5f0e2e10d80ba9550ad1bf3fba09491ef343	MATCH
source-manifest.json	1959	ed173a625eac2343fd8aa068aaef702749832c21ba4936188a420c00269404b4	files/388/sha256	source.zip!drivers/apple-agx/shared/src/apple_agx_gdi.c	ed173a625eac2343fd8aa068aaef702749832c21ba4936188a420c00269404b4	MATCH
source-manifest.json	1964	3ab7b89ae00bb61c6f90b8a828d6f1b6089d3943f906ec53accb9495606ef1a7	files/389/sha256	source.zip!drivers/apple-agx/shared/src/apple_agx_gfx_handoff.c	3ab7b89ae00bb61c6f90b8a828d6f1b6089d3943f906ec53accb9495606ef1a7	MATCH
source-manifest.json	1969	823ac684d4f3a0a553b63aa0f7be190d49b3d93937ab71a0c7b50ff50399cf1b	files/390/sha256	source.zip!drivers/apple-agx/shared/src/apple_agx_gpuva_b1_graph.c	823ac684d4f3a0a553b63aa0f7be190d49b3d93937ab71a0c7b50ff50399cf1b	MATCH
source-manifest.json	1974	cdb7952f1591c3de16fe1eeec9a6e524f74dc9b7659cecc501ff150aa9f3e9cd	files/391/sha256	source.zip!drivers/apple-agx/shared/src/apple_agx_gpuva_b1_roots.c	cdb7952f1591c3de16fe1eeec9a6e524f74dc9b7659cecc501ff150aa9f3e9cd	MATCH
source-manifest.json	1979	3429a1d7902f408e96040574ef4a2840f90f3c2f0bf2b2cbc405706a41165a3f	files/392/sha256	source.zip!drivers/apple-agx/shared/src/apple_agx_gpuva_b1_submission.c	3429a1d7902f408e96040574ef4a2840f90f3c2f0bf2b2cbc405706a41165a3f	MATCH
source-manifest.json	1984	e4b4aae135f03c7cc837661c2ab988962399dc5874766e063d3b31babd14407c	files/393/sha256	source.zip!drivers/apple-agx/shared/src/apple_agx_gpuva_broker_v5_client.c	e4b4aae135f03c7cc837661c2ab988962399dc5874766e063d3b31babd14407c	MATCH
source-manifest.json	1989	5a560eae9a1e9d8dbf1b7ae6c665a89835907d30c3be16c93eb9538b9d8c6046	files/394/sha256	source.zip!drivers/apple-agx/shared/src/apple_agx_gpuva_g3_graph.c	5a560eae9a1e9d8dbf1b7ae6c665a89835907d30c3be16c93eb9538b9d8c6046	MATCH
source-manifest.json	1994	54b5431812146af7813b8e5b65a500bad79d29c95eca2af7540cd5c4669493f3	files/395/sha256	source.zip!drivers/apple-agx/shared/src/apple_agx_gpuva_g3_translation.c	54b5431812146af7813b8e5b65a500bad79d29c95eca2af7540cd5c4669493f3	MATCH
source-manifest.json	1999	2ea01644ad6cf3deab4012b1c9dba4b8d7081f00113ed83902622479edbd3546	files/396/sha256	source.zip!drivers/apple-agx/shared/src/apple_agx_initdata.c	2ea01644ad6cf3deab4012b1c9dba4b8d7081f00113ed83902622479edbd3546	MATCH
source-manifest.json	2004	e59f97beca8183fab958bdd31a6df48947ceb08cabb86372787b8aedac36da83	files/397/sha256	source.zip!drivers/apple-agx/shared/src/apple_agx_initdata_memory.c	e59f97beca8183fab958bdd31a6df48947ceb08cabb86372787b8aedac36da83	MATCH
source-manifest.json	2009	702008ba4c18d8930e60c65b005e71e9016fa52a0cdf4d14f18a09642339220c	files/398/sha256	source.zip!drivers/apple-agx/shared/src/apple_agx_local_segment.c	702008ba4c18d8930e60c65b005e71e9016fa52a0cdf4d14f18a09642339220c	MATCH
source-manifest.json	2014	7eecd7bc68f2bdd4b9afe775ecc87f4728e00f1f1f97878201593ac70a2b7b2a	files/399/sha256	source.zip!drivers/apple-agx/shared/src/apple_agx_mapping.c	7eecd7bc68f2bdd4b9afe775ecc87f4728e00f1f1f97878201593ac70a2b7b2a	MATCH
source-manifest.json	2019	3f2f80dc830410d0cc246b4fd23633c64fb9c0d2fba89f14446b303240feee0b	files/400/sha256	source.zip!drivers/apple-agx/shared/src/apple_agx_memory.c	3f2f80dc830410d0cc246b4fd23633c64fb9c0d2fba89f14446b303240feee0b	MATCH
source-manifest.json	2024	6431fb02b72cbffce7a6ff0be14c9d7f14304bebfce9860f0df523b52e4e99b0	files/401/sha256	source.zip!drivers/apple-agx/shared/src/apple_agx_physical_paging.c	6431fb02b72cbffce7a6ff0be14c9d7f14304bebfce9860f0df523b52e4e99b0	MATCH
source-manifest.json	2029	0c57e55d48788b3e230e7dfac496358f0e7248deca4752d55565ba6b74a9c61c	files/402/sha256	source.zip!drivers/apple-agx/shared/src/apple_agx_physical_topology.c	0c57e55d48788b3e230e7dfac496358f0e7248deca4752d55565ba6b74a9c61c	MATCH
source-manifest.json	2034	f14275f50c08d6a7dd9bb03898e22b918508571cb64dcc42d95cf504dca51d7d	files/403/sha256	source.zip!drivers/apple-agx/shared/src/apple_agx_platform_composer.c	f14275f50c08d6a7dd9bb03898e22b918508571cb64dcc42d95cf504dca51d7d	MATCH
source-manifest.json	2039	700410600d783ed0ebfbd15ea7ac7e343277b96087afe5d7164d1a2b0176b20a	files/404/sha256	source.zip!drivers/apple-agx/shared/src/apple_agx_platform_provider.c	700410600d783ed0ebfbd15ea7ac7e343277b96087afe5d7164d1a2b0176b20a	MATCH
source-manifest.json	2044	c114046a8f4e25c0b261de4608190077dd0d420f9e41aa9921f48886800cc086	files/405/sha256	source.zip!drivers/apple-agx/shared/src/apple_agx_platform_transport_validation.c	c114046a8f4e25c0b261de4608190077dd0d420f9e41aa9921f48886800cc086	MATCH
source-manifest.json	2049	5246ab21e434fc3cde297255975c5bff0758ef74a6f651c12909e47c42fcd484	files/406/sha256	source.zip!drivers/apple-agx/shared/src/apple_agx_power.c	5246ab21e434fc3cde297255975c5bff0758ef74a6f651c12909e47c42fcd484	MATCH
source-manifest.json	2054	15e8b86a636e38b41b8e6c51f49121f4145c9ec25eaddf6452d48a824ace81b4	files/407/sha256	source.zip!drivers/apple-agx/shared/src/apple_agx_regionb.c	15e8b86a636e38b41b8e6c51f49121f4145c9ec25eaddf6452d48a824ace81b4	MATCH
source-manifest.json	2059	61e7137461915f090be085c82313a69e71e2be3d98c6bd03c5669c8a740441ef	files/408/sha256	source.zip!drivers/apple-agx/shared/src/apple_agx_regionb_memory.c	61e7137461915f090be085c82313a69e71e2be3d98c6bd03c5669c8a740441ef	MATCH
source-manifest.json	2064	b776a83c6493cbe47fb0244e7a12cbc46cc1e7d491d00077935357bc60f70210	files/409/sha256	source.zip!drivers/apple-agx/shared/src/apple_agx_regionc.c	b776a83c6493cbe47fb0244e7a12cbc46cc1e7d491d00077935357bc60f70210	MATCH
source-manifest.json	2069	8221ddeab04c9d347ec93bf3c9a1459b02ba791195b921cd92960634d98d5a52	files/410/sha256	source.zip!drivers/apple-agx/shared/src/apple_agx_relocation.c	8221ddeab04c9d347ec93bf3c9a1459b02ba791195b921cd92960634d98d5a52	MATCH
source-manifest.json	2074	1319af74dbf1aac5eca6e8e4cf99055070f290c93ef279cca0894880b013d989	files/411/sha256	source.zip!drivers/apple-agx/shared/src/apple_agx_render_provider.c	1319af74dbf1aac5eca6e8e4cf99055070f290c93ef279cca0894880b013d989	MATCH
source-manifest.json	2079	80738ac4b23ec77755bb912ccfa7e866ebbeef93ee44589d6bcb50f33e513b18	files/412/sha256	source.zip!drivers/apple-agx/shared/src/apple_agx_render_shared_memory.c	80738ac4b23ec77755bb912ccfa7e866ebbeef93ee44589d6bcb50f33e513b18	MATCH
source-manifest.json	2084	a7d37b80e2907f5f4f14f5bf12cdd4df9a113db6acb70c64790d59257c02a5d8	files/413/sha256	source.zip!drivers/apple-agx/shared/src/apple_agx_render_template.generated.c	a7d37b80e2907f5f4f14f5bf12cdd4df9a113db6acb70c64790d59257c02a5d8	MATCH
source-manifest.json	2089	2c3a1a047a00294b01bc7ad39ab6ffae79df10fd4d9af30bf5bbbcd1691636f8	files/414/sha256	source.zip!drivers/apple-agx/shared/src/apple_agx_render_template_rebase.c	2c3a1a047a00294b01bc7ad39ab6ffae79df10fd4d9af30bf5bbbcd1691636f8	MATCH
source-manifest.json	2094	597d8004c11a7b33ac61dff0e30792f450b4aa0b49da6d853d1e34accf0e578b	files/415/sha256	source.zip!drivers/apple-agx/shared/src/apple_agx_render_template_vm_slot.c	597d8004c11a7b33ac61dff0e30792f450b4aa0b49da6d853d1e34accf0e578b	MATCH
source-manifest.json	2099	def866ca1fc38e6572e99fde58241e116faf76433be030462557319725d25887	files/416/sha256	source.zip!drivers/apple-agx/shared/src/apple_agx_residency.c	def866ca1fc38e6572e99fde58241e116faf76433be030462557319725d25887	MATCH
source-manifest.json	2104	dd72f56a84743a91d30474454143cc4a9b4150eff6a4c028a5681eb2df4f49b5	files/417/sha256	source.zip!drivers/apple-agx/shared/src/apple_agx_rtkit.c	dd72f56a84743a91d30474454143cc4a9b4150eff6a4c028a5681eb2df4f49b5	MATCH
source-manifest.json	2109	fe136aa9878030c17bada89cc6d6802d756553fdb21f11992866af9893ae99f8	files/418/sha256	source.zip!drivers/apple-agx/shared/src/apple_agx_rtkit_boot.c	fe136aa9878030c17bada89cc6d6802d756553fdb21f11992866af9893ae99f8	MATCH
source-manifest.json	2114	dd90549b098f9d9b6ba98df54c4fd6e2f939bb59bd3973f6006c2bc3914a9584	files/419/sha256	source.zip!drivers/apple-agx/shared/src/apple_agx_rtkit_session.c	dd90549b098f9d9b6ba98df54c4fd6e2f939bb59bd3973f6006c2bc3914a9584	MATCH
source-manifest.json	2119	39e0ee42012e9864a35d5a64f09ae71fea7310d36a91895c8244832a30a6cd57	files/420/sha256	source.zip!drivers/apple-agx/shared/src/apple_agx_scanout.c	39e0ee42012e9864a35d5a64f09ae71fea7310d36a91895c8244832a30a6cd57	MATCH
source-manifest.json	2124	423292737353126707b2b8fda65f215595ddb5011d86cf22c290e61fc18db42e	files/421/sha256	source.zip!drivers/apple-agx/shared/src/apple_agx_scheduler.c	423292737353126707b2b8fda65f215595ddb5011d86cf22c290e61fc18db42e	MATCH
source-manifest.json	2129	8b2e9a37064a2cb6a2655ed38c01ea17bd9634ef3ce81cbd41d35f80b77eb80c	files/422/sha256	source.zip!drivers/apple-agx/shared/src/apple_agx_software_aperture.c	8b2e9a37064a2cb6a2655ed38c01ea17bd9634ef3ce81cbd41d35f80b77eb80c	MATCH
source-manifest.json	2134	e25ed6aff52685badfc993349e2ee7ecde65ce5f8fb64bbd396cdf3165ba59dc	files/423/sha256	source.zip!drivers/apple-agx/shared/src/apple_agx_state.c	e25ed6aff52685badfc993349e2ee7ecde65ce5f8fb64bbd396cdf3165ba59dc	MATCH
source-manifest.json	2139	7d8b767361195be31dcbce0401c752d3a541ed4e0bbc6df6e03543810025d918	files/424/sha256	source.zip!drivers/apple-agx/shared/src/apple_agx_submission.c	7d8b767361195be31dcbce0401c752d3a541ed4e0bbc6df6e03543810025d918	MATCH
source-manifest.json	2144	21cb6f9e3d7682fdd290f09a064ac9740c776dfba62637e7d5f0239266992b2b	files/425/sha256	source.zip!drivers/apple-agx/shared/src/apple_agx_submission_coordinator.c	21cb6f9e3d7682fdd290f09a064ac9740c776dfba62637e7d5f0239266992b2b	MATCH
source-manifest.json	2149	eaab658c47d3e6b270d393e035002b453b412993abce4ce668432e260a2a169d	files/426/sha256	source.zip!drivers/apple-agx/shared/src/apple_agx_uat.c	eaab658c47d3e6b270d393e035002b453b412993abce4ce668432e260a2a169d	MATCH
source-manifest.json	2154	cb0a43ac3878027f6cc42451e9f46d084e97c4f61fbc477a45db7f30d8bc5e51	files/427/sha256	source.zip!drivers/apple-agx/shared/src/apple_agx_uat_memory.c	cb0a43ac3878027f6cc42451e9f46d084e97c4f61fbc477a45db7f30d8bc5e51	MATCH
source-manifest.json	2159	9b8e0a40643ce9f95ebe1b3cb4c9a6264b228e4702196c2d88978d1c752e5a6c	files/428/sha256	source.zip!drivers/apple-agx/shared/src/apple_agx_uat_publication.c	9b8e0a40643ce9f95ebe1b3cb4c9a6264b228e4702196c2d88978d1c752e5a6c	MATCH
source-manifest.json	2164	a8d7efcdb3b9b2f258fc9335d38f5be74c515dd90b4360722ec56fde1b73de5f	files/429/sha256	source.zip!drivers/apple-agx/shared/src/apple_agx_uat_table.c	a8d7efcdb3b9b2f258fc9335d38f5be74c515dd90b4360722ec56fde1b73de5f	MATCH
source-manifest.json	2169	ad77df1a63e7d331c2fb303b5e22095ce7ee2c18cd21bc023b8eca072fae6c1c	files/430/sha256	source.zip!drivers/apple-agx/shared/src/apple_agx_wddm_feature_contract.c	ad77df1a63e7d331c2fb303b5e22095ce7ee2c18cd21bc023b8eca072fae6c1c	MATCH
source-manifest.json	2174	ce95689377c23505526068abcd244ac89b4b15d45352ba166489375afec78097	files/431/sha256	source.zip!drivers/apple-agx/shared/src/apple_agx_win32_abi.c	ce95689377c23505526068abcd244ac89b4b15d45352ba166489375afec78097	MATCH
source-manifest.json	2179	58cf06a64740e62bad261697482ee42601aa84a9bb432bc2d6df65f98e44bd4b	files/432/sha256	source.zip!drivers/apple-agx/shared/src/apple_agx_work_queue.c	58cf06a64740e62bad261697482ee42601aa84a9bb432bc2d6df65f98e44bd4b	MATCH
source-manifest.json	2184	18c9570f445b78ac1d7704621593be304f6f03a0871674eac96af36825578b30	files/433/sha256	source.zip!drivers/apple-agx/shared/tests/apple_agx_aperture_test.c	18c9570f445b78ac1d7704621593be304f6f03a0871674eac96af36825578b30	MATCH
source-manifest.json	2189	72b56b874c0203092a8fc2ad8e7423b79ea1cf383cb711081707671b2db5a1de	files/434/sha256	source.zip!drivers/apple-agx/shared/tests/apple_agx_asc_transport_test.c	72b56b874c0203092a8fc2ad8e7423b79ea1cf383cb711081707671b2db5a1de	MATCH
source-manifest.json	2194	ed85df62c348df82220c292eb9afc67928e4ad35c7a8b7aa10db01e6c30a09d1	files/435/sha256	source.zip!drivers/apple-agx/shared/tests/apple_agx_backend_memory_bridge_test.c	ed85df62c348df82220c292eb9afc67928e4ad35c7a8b7aa10db01e6c30a09d1	MATCH
source-manifest.json	2199	087a90274b3d5207f363c4c8f09ae673f9547488d98018e5b4932cf2b3eb4307	files/436/sha256	source.zip!drivers/apple-agx/shared/tests/apple_agx_backend_runtime_test.c	087a90274b3d5207f363c4c8f09ae673f9547488d98018e5b4932cf2b3eb4307	MATCH
source-manifest.json	2204	0abdc684abf4005d0afb674ed6f51bd9c453102951674b864ca5c7daffb0ba9b	files/437/sha256	source.zip!drivers/apple-agx/shared/tests/apple_agx_channel_info_test.c	0abdc684abf4005d0afb674ed6f51bd9c453102951674b864ca5c7daffb0ba9b	MATCH
source-manifest.json	2209	57b8287134a3ed50c36f08f733f6a03a0c2ecc7c89b8b4b97024e202b9b91dfc	files/438/sha256	source.zip!drivers/apple-agx/shared/tests/apple_agx_channel_memory_test.c	57b8287134a3ed50c36f08f733f6a03a0c2ecc7c89b8b4b97024e202b9b91dfc	MATCH
source-manifest.json	2214	a8eec75b0af758101b87e0c9047e1726c843c0721b89db716f3071534dbff40c	files/439/sha256	source.zip!drivers/apple-agx/shared/tests/apple_agx_config_snapshot_test.c	a8eec75b0af758101b87e0c9047e1726c843c0721b89db716f3071534dbff40c	MATCH
source-manifest.json	2219	e993043852e636caac54108acac3d597ed39fee2125df1abc24015897c1e750d	files/440/sha256	source.zip!drivers/apple-agx/shared/tests/apple_agx_context0_broker_test.c	e993043852e636caac54108acac3d597ed39fee2125df1abc24015897c1e750d	MATCH
source-manifest.json	2224	6b2619f82a7c612e40bfc6aa899df008c94f34dad3f239a796eaf08517d32f17	files/441/sha256	source.zip!drivers/apple-agx/shared/tests/apple_agx_device_control_test.c	6b2619f82a7c612e40bfc6aa899df008c94f34dad3f239a796eaf08517d32f17	MATCH
source-manifest.json	2229	ffbe7ea4968687f001068e64e339f76a96a8f62da09effaa4d1d8e4c75afbeb7	files/442/sha256	source.zip!drivers/apple-agx/shared/tests/apple_agx_dma_shadow_test.c	ffbe7ea4968687f001068e64e339f76a96a8f62da09effaa4d1d8e4c75afbeb7	MATCH
source-manifest.json	2234	e1d70306412e2a506d4dc3f7be7f9c825e3164bb313d47d416aed2231d4fc490	files/443/sha256	source.zip!drivers/apple-agx/shared/tests/apple_agx_event_allocator_test.c	e1d70306412e2a506d4dc3f7be7f9c825e3164bb313d47d416aed2231d4fc490	MATCH
source-manifest.json	2239	c03255c77e2fc81d0bac23dab52a8c1e9473a929a70f87a8eba50bb064e890a6	files/444/sha256	source.zip!drivers/apple-agx/shared/tests/apple_agx_exp208_dynamic_test.c	c03255c77e2fc81d0bac23dab52a8c1e9473a929a70f87a8eba50bb064e890a6	MATCH
source-manifest.json	2244	99c36c3e23e3a91c2aa050fce49f20a71ba1d670fd687dd68d87894fd0608b7a	files/445/sha256	source.zip!drivers/apple-agx/shared/tests/apple_agx_exp208_gdi_test.c	99c36c3e23e3a91c2aa050fce49f20a71ba1d670fd687dd68d87894fd0608b7a	MATCH
source-manifest.json	2249	f99a0a5b0bb7520fe07411e18486132030200145db7ae24153cac7f5168dc1e8	files/446/sha256	source.zip!drivers/apple-agx/shared/tests/apple_agx_firmware_provider_test.c	f99a0a5b0bb7520fe07411e18486132030200145db7ae24153cac7f5168dc1e8	MATCH
source-manifest.json	2254	114fa42e203e5933f35b25491d4e27b6fefef9fa301231cfebf639b9cd3a0841	files/447/sha256	source.zip!drivers/apple-agx/shared/tests/apple_agx_firmware_status_test.c	114fa42e203e5933f35b25491d4e27b6fefef9fa301231cfebf639b9cd3a0841	MATCH
source-manifest.json	2259	2d668b68a4d4693c0143297f5e0bf3b090ca252db0fc1ba413e62f2affad6fad	files/448/sha256	source.zip!drivers/apple-agx/shared/tests/apple_agx_firmware_test.c	2d668b68a4d4693c0143297f5e0bf3b090ca252db0fc1ba413e62f2affad6fad	MATCH
source-manifest.json	2264	500bc4c80ff362e8cfaf9172645e18ad30f0bb5c9260ca7d4b4db9df11c10c90	files/449/sha256	source.zip!drivers/apple-agx/shared/tests/apple_agx_fixed_panel_test.c	500bc4c80ff362e8cfaf9172645e18ad30f0bb5c9260ca7d4b4db9df11c10c90	MATCH
source-manifest.json	2269	a18e0a5989e5f2f34c1fa37faaf3d297903889baa017221d962ab3a2680d39c8	files/450/sha256	source.zip!drivers/apple-agx/shared/tests/apple_agx_g13_compute_work_test.c	a18e0a5989e5f2f34c1fa37faaf3d297903889baa017221d962ab3a2680d39c8	MATCH
source-manifest.json	2274	fabd7fca07758d70fc13ac6592cc5d6f2586b321945a9e993dbab9fa72edd9ab	files/451/sha256	source.zip!drivers/apple-agx/shared/tests/apple_agx_g13_queue_provider_test.c	fabd7fca07758d70fc13ac6592cc5d6f2586b321945a9e993dbab9fa72edd9ab	MATCH
source-manifest.json	2279	aaaae269e14101b5246ca45e5a3ad5b7557c64948ce724b576fdfbe3c14f5cd0	files/452/sha256	source.zip!drivers/apple-agx/shared/tests/apple_agx_g13_queue_runtime_test.c	aaaae269e14101b5246ca45e5a3ad5b7557c64948ce724b576fdfbe3c14f5cd0	MATCH
source-manifest.json	2284	ac3631295e89b9aac95b625144f0fe298acd41081d8b845afcb00f92e43db218	files/453/sha256	source.zip!drivers/apple-agx/shared/tests/apple_agx_gdi_test.c	ac3631295e89b9aac95b625144f0fe298acd41081d8b845afcb00f92e43db218	MATCH
source-manifest.json	2289	45a2f3934dbe3204b199f0ce155340dcb46ab90f0751881c4466000c5dbb43e9	files/454/sha256	source.zip!drivers/apple-agx/shared/tests/apple_agx_gfx_handoff_test.c	45a2f3934dbe3204b199f0ce155340dcb46ab90f0751881c4466000c5dbb43e9	MATCH
source-manifest.json	2294	7658c433d955f43c75779f45d202f8473798f8ceaf0dc67a437697e2edfadef8	files/455/sha256	source.zip!drivers/apple-agx/shared/tests/apple_agx_gpuva_b1_completion_test.c	7658c433d955f43c75779f45d202f8473798f8ceaf0dc67a437697e2edfadef8	MATCH
source-manifest.json	2299	ac509979f0d38a77be8d3fd617a20c662d4043c458d0b091788aa062364046c9	files/456/sha256	source.zip!drivers/apple-agx/shared/tests/apple_agx_gpuva_b1_graph_test.c	ac509979f0d38a77be8d3fd617a20c662d4043c458d0b091788aa062364046c9	MATCH
source-manifest.json	2304	5b4e91994d099499c7c5350311e9040089cfad426de67da8dc2c7c2d13d65d51	files/457/sha256	source.zip!drivers/apple-agx/shared/tests/apple_agx_gpuva_b1_roots_test.c	5b4e91994d099499c7c5350311e9040089cfad426de67da8dc2c7c2d13d65d51	MATCH
source-manifest.json	2309	fe1612ec3a6d7476cc73cb0e82c948c7662ee2da531d8ac08556c1efdcc12625	files/458/sha256	source.zip!drivers/apple-agx/shared/tests/apple_agx_gpuva_b1_status_test.c	fe1612ec3a6d7476cc73cb0e82c948c7662ee2da531d8ac08556c1efdcc12625	MATCH
source-manifest.json	2314	5a1db19ea697e3509082110a23918e99becb09c9af89f1ef12722a97dab11b6c	files/459/sha256	source.zip!drivers/apple-agx/shared/tests/apple_agx_gpuva_b1_submission_test.c	5a1db19ea697e3509082110a23918e99becb09c9af89f1ef12722a97dab11b6c	MATCH
source-manifest.json	2319	26dab28b617de4f88b20fb9c04b208d54626b8a102cafdbfed736eb45f633357	files/460/sha256	source.zip!drivers/apple-agx/shared/tests/apple_agx_gpuva_broker_v5_client_test.c	26dab28b617de4f88b20fb9c04b208d54626b8a102cafdbfed736eb45f633357	MATCH
source-manifest.json	2324	efc653f92b1eb3a429a77c733eec761d43166f1384753c9ef01cf2f0266177ec	files/461/sha256	source.zip!drivers/apple-agx/shared/tests/apple_agx_initdata_memory_test.c	efc653f92b1eb3a429a77c733eec761d43166f1384753c9ef01cf2f0266177ec	MATCH
source-manifest.json	2329	87a8f45ac22d6c95ac5ccc55a77158b77fc231c50d2b359de61d2334630a7ef8	files/462/sha256	source.zip!drivers/apple-agx/shared/tests/apple_agx_initdata_test.c	87a8f45ac22d6c95ac5ccc55a77158b77fc231c50d2b359de61d2334630a7ef8	MATCH
source-manifest.json	2334	14ebcdee9ba070ee42a4a029f3e6e1690a91a02014fa92e1fc38a8e8b586b0a5	files/463/sha256	source.zip!drivers/apple-agx/shared/tests/apple_agx_local_segment_test.c	14ebcdee9ba070ee42a4a029f3e6e1690a91a02014fa92e1fc38a8e8b586b0a5	MATCH
source-manifest.json	2339	0ff90a3de3772d87bd2feb4e7d016c8bbaaaf0001739f3435b55860af0d4c628	files/464/sha256	source.zip!drivers/apple-agx/shared/tests/apple_agx_mapping_test.c	0ff90a3de3772d87bd2feb4e7d016c8bbaaaf0001739f3435b55860af0d4c628	MATCH
source-manifest.json	2344	51639f83c691bcf80c29941e34a09031e247eafa0ab3a97b71593db48e9d3e69	files/465/sha256	source.zip!drivers/apple-agx/shared/tests/apple_agx_memory_test.c	51639f83c691bcf80c29941e34a09031e247eafa0ab3a97b71593db48e9d3e69	MATCH
source-manifest.json	2349	f31c064af2130ae02bf34e850a5528064cff501444da9b5cdb037e746634478f	files/466/sha256	source.zip!drivers/apple-agx/shared/tests/apple_agx_physical_paging_test.c	f31c064af2130ae02bf34e850a5528064cff501444da9b5cdb037e746634478f	MATCH
source-manifest.json	2354	d661843ade59ca30f26b8a36904da02351d258f71e429c22dc2e9927987d5387	files/467/sha256	source.zip!drivers/apple-agx/shared/tests/apple_agx_physical_topology_test.c	d661843ade59ca30f26b8a36904da02351d258f71e429c22dc2e9927987d5387	MATCH
source-manifest.json	2359	2132265412a908de8994b5f6dea0d3e9c9a2eab1d93c7a5799fdff8820ebeab7	files/468/sha256	source.zip!drivers/apple-agx/shared/tests/apple_agx_platform_composer_test.c	2132265412a908de8994b5f6dea0d3e9c9a2eab1d93c7a5799fdff8820ebeab7	MATCH
source-manifest.json	2364	657aad89f281373e472ab0ff81175eddbace658b8ef1668191d4d9f696c56bc1	files/469/sha256	source.zip!drivers/apple-agx/shared/tests/apple_agx_platform_provider_test.c	657aad89f281373e472ab0ff81175eddbace658b8ef1668191d4d9f696c56bc1	MATCH
source-manifest.json	2369	bc06f82acd51ce86c6d17139f83b73ae3d3d4bb2c7c60de9091140e5095bc33d	files/470/sha256	source.zip!drivers/apple-agx/shared/tests/apple_agx_platform_transport_validation_test.c	bc06f82acd51ce86c6d17139f83b73ae3d3d4bb2c7c60de9091140e5095bc33d	MATCH
source-manifest.json	2374	7acb1297465e7f753a8f92ef9406ca4e966f960b2075a600ef17fe8256dfdb11	files/471/sha256	source.zip!drivers/apple-agx/shared/tests/apple_agx_power_test.c	7acb1297465e7f753a8f92ef9406ca4e966f960b2075a600ef17fe8256dfdb11	MATCH
source-manifest.json	2379	f13c8fb96ed6de23e1ee32ed3e392d745f8cdef150b3a1aae6e81407ea133534	files/472/sha256	source.zip!drivers/apple-agx/shared/tests/apple_agx_regionb_memory_test.c	f13c8fb96ed6de23e1ee32ed3e392d745f8cdef150b3a1aae6e81407ea133534	MATCH
source-manifest.json	2384	77127d488d3c50f35a0755f4b3255b98990201c87053d0944614f3a14d2b2d98	files/473/sha256	source.zip!drivers/apple-agx/shared/tests/apple_agx_regionb_test.c	77127d488d3c50f35a0755f4b3255b98990201c87053d0944614f3a14d2b2d98	MATCH
source-manifest.json	2389	a7e91258ffefe3ccc4e8743eb2e37d56a5fee952a00a48a27ed791481fdbadf8	files/474/sha256	source.zip!drivers/apple-agx/shared/tests/apple_agx_regionc_test.c	a7e91258ffefe3ccc4e8743eb2e37d56a5fee952a00a48a27ed791481fdbadf8	MATCH
source-manifest.json	2394	b43c41cae3d155a22b64435b1fec0db5ac9330863bcf168efe8de707f63a400c	files/475/sha256	source.zip!drivers/apple-agx/shared/tests/apple_agx_relocation_test.c	b43c41cae3d155a22b64435b1fec0db5ac9330863bcf168efe8de707f63a400c	MATCH
source-manifest.json	2399	a9e397b75466b380a39089e02465d1d1be3866457c4c7d66aa413018b7acc2b0	files/476/sha256	source.zip!drivers/apple-agx/shared/tests/apple_agx_render_provider_test.c	a9e397b75466b380a39089e02465d1d1be3866457c4c7d66aa413018b7acc2b0	MATCH
source-manifest.json	2404	1ef50016d7c6a066e8df217be5418df340c5fc90b5fc0b49a9ed588ddc81637e	files/477/sha256	source.zip!drivers/apple-agx/shared/tests/apple_agx_render_shared_memory_test.c	1ef50016d7c6a066e8df217be5418df340c5fc90b5fc0b49a9ed588ddc81637e	MATCH
source-manifest.json	2409	cd408b194dcc289995b99287e0e03b206980ee1661c6d6b06a75e4b8bdcdb371	files/478/sha256	source.zip!drivers/apple-agx/shared/tests/apple_agx_render_template_rebase_test.c	cd408b194dcc289995b99287e0e03b206980ee1661c6d6b06a75e4b8bdcdb371	MATCH
source-manifest.json	2414	6be45752198fe471e0b56b9e46ca2a3a01db01a3f2e3c8c33b6fd2ed71415c2f	files/479/sha256	source.zip!drivers/apple-agx/shared/tests/apple_agx_render_template_test.c	6be45752198fe471e0b56b9e46ca2a3a01db01a3f2e3c8c33b6fd2ed71415c2f	MATCH
source-manifest.json	2419	7f26c3ea5ad78d921e400df531b21403fdc7050bb7145485889e564ce724fd9b	files/480/sha256	source.zip!drivers/apple-agx/shared/tests/apple_agx_render_template_vm_slot_test.c	7f26c3ea5ad78d921e400df531b21403fdc7050bb7145485889e564ce724fd9b	MATCH
source-manifest.json	2424	d9bccc68d3b1083a5a6eb16a3af35fd287f96c69a8250487b629b714f97adb2d	files/481/sha256	source.zip!drivers/apple-agx/shared/tests/apple_agx_residency_test.c	d9bccc68d3b1083a5a6eb16a3af35fd287f96c69a8250487b629b714f97adb2d	MATCH
source-manifest.json	2429	00d93d00de800389d14080e159244c8a14ae489615cb2980339ae7a8015baa9d	files/482/sha256	source.zip!drivers/apple-agx/shared/tests/apple_agx_rtkit_boot_test.c	00d93d00de800389d14080e159244c8a14ae489615cb2980339ae7a8015baa9d	MATCH
source-manifest.json	2434	47f69aada3cac4fe4ff7d9e923f5a9b8061c77d4194e047652c53d7f9fe4c99a	files/483/sha256	source.zip!drivers/apple-agx/shared/tests/apple_agx_rtkit_session_test.c	47f69aada3cac4fe4ff7d9e923f5a9b8061c77d4194e047652c53d7f9fe4c99a	MATCH
source-manifest.json	2439	a21c1be17c25f301d292eeeac0b808173efb23e2ab0697cb47dc2abbe12ce1e3	files/484/sha256	source.zip!drivers/apple-agx/shared/tests/apple_agx_rtkit_test.c	a21c1be17c25f301d292eeeac0b808173efb23e2ab0697cb47dc2abbe12ce1e3	MATCH
source-manifest.json	2444	ebf14b8d08622a7e91aa6e322ffeeec012e4969dfdbe49a5b852ba6fcf3a816d	files/485/sha256	source.zip!drivers/apple-agx/shared/tests/apple_agx_scanout_test.c	ebf14b8d08622a7e91aa6e322ffeeec012e4969dfdbe49a5b852ba6fcf3a816d	MATCH
source-manifest.json	2449	19cac368625b61a7069642b34fe6ed5bb8787ab627e947588c94010d1d3540e7	files/486/sha256	source.zip!drivers/apple-agx/shared/tests/apple_agx_scheduler_test.c	19cac368625b61a7069642b34fe6ed5bb8787ab627e947588c94010d1d3540e7	MATCH
source-manifest.json	2454	8d9bc8778a26b3ee3a38985a6beb53845df5f04290357ffd8b0e94772689d86f	files/487/sha256	source.zip!drivers/apple-agx/shared/tests/apple_agx_software_aperture_test.c	8d9bc8778a26b3ee3a38985a6beb53845df5f04290357ffd8b0e94772689d86f	MATCH
source-manifest.json	2459	556dce5a2b1551929ea0b0a40cb403b7e68cc45c2062b5764d300b767594d28d	files/488/sha256	source.zip!drivers/apple-agx/shared/tests/apple_agx_state_test.c	556dce5a2b1551929ea0b0a40cb403b7e68cc45c2062b5764d300b767594d28d	MATCH
source-manifest.json	2464	4cfcfbf918388a238fa0634e6f949d5774770e5305de8d435ec2e598baf5d608	files/489/sha256	source.zip!drivers/apple-agx/shared/tests/apple_agx_submission_coordinator_test.c	4cfcfbf918388a238fa0634e6f949d5774770e5305de8d435ec2e598baf5d608	MATCH
source-manifest.json	2469	bff980e7c4894e955225246f5a6bff0866863e4607a5fd14681966cd689e98c9	files/490/sha256	source.zip!drivers/apple-agx/shared/tests/apple_agx_submission_test.c	bff980e7c4894e955225246f5a6bff0866863e4607a5fd14681966cd689e98c9	MATCH
source-manifest.json	2474	0ad11b399ec0e97abd6049294a59f7ce1478bafb4350a6e3c386ac09141da605	files/491/sha256	source.zip!drivers/apple-agx/shared/tests/apple_agx_uat_memory_test.c	0ad11b399ec0e97abd6049294a59f7ce1478bafb4350a6e3c386ac09141da605	MATCH
source-manifest.json	2479	94cc4f7a476192a3294b27b012d073cc69edee96b9b48529bc5061922d113b8c	files/492/sha256	source.zip!drivers/apple-agx/shared/tests/apple_agx_uat_publication_test.c	94cc4f7a476192a3294b27b012d073cc69edee96b9b48529bc5061922d113b8c	MATCH
source-manifest.json	2484	8fb228d67d63dee2f3c465984cd636e9c2257fb22605e6bb1eabf18ec08fc53f	files/493/sha256	source.zip!drivers/apple-agx/shared/tests/apple_agx_uat_table_test.c	8fb228d67d63dee2f3c465984cd636e9c2257fb22605e6bb1eabf18ec08fc53f	MATCH
source-manifest.json	2489	0e2fad0421b8f85fe184200486d82ab2bfb0e34c9ce5c687f5bf391bf8811589	files/494/sha256	source.zip!drivers/apple-agx/shared/tests/apple_agx_uat_test.c	0e2fad0421b8f85fe184200486d82ab2bfb0e34c9ce5c687f5bf391bf8811589	MATCH
source-manifest.json	2494	456014ec4e7d607acad37ce7615db11979ed79d5b35beaaabb0343af389d9d23	files/495/sha256	source.zip!drivers/apple-agx/shared/tests/apple_agx_wddm_feature_contract_test.c	456014ec4e7d607acad37ce7615db11979ed79d5b35beaaabb0343af389d9d23	MATCH
source-manifest.json	2499	44e83717538d22a65ccdb2183aec408011a49206da71630bb62cf083a55d9bfe	files/496/sha256	source.zip!drivers/apple-agx/shared/tests/apple_agx_win32_abi_test.c	44e83717538d22a65ccdb2183aec408011a49206da71630bb62cf083a55d9bfe	MATCH
source-manifest.json	2504	e2da039620a4e252fd4e051de6c5a9efd67328d434884a6d80611a7a55603f7d	files/497/sha256	source.zip!drivers/apple-agx/shared/tests/apple_agx_work_queue_test.c	e2da039620a4e252fd4e051de6c5a9efd67328d434884a6d80611a7a55603f7d	MATCH
source-manifest.json	2509	dec93502c569c3f4b1773a4bdded1073018909ba223d542c349d82e084d2c104	files/498/sha256	source.zip!drivers/apple-agx/windows/AppleAgx.inf	dec93502c569c3f4b1773a4bdded1073018909ba223d542c349d82e084d2c104	MATCH
source-manifest.json	2514	349279263dca205b2a40816ae3b553e6d5d79b88adc4f74e3f3513a774191531	files/499/sha256	source.zip!drivers/apple-agx/windows/AppleAgx.vcxproj	349279263dca205b2a40816ae3b553e6d5d79b88adc4f74e3f3513a774191531	MATCH
source-manifest.json	2519	3c4d80712e0d8593ec6ac498d357042b4e7e2a8594b1926cae01ee7f6e0aee0f	files/500/sha256	source.zip!drivers/apple-agx/windows/include/apple_agx_driver.h	3c4d80712e0d8593ec6ac498d357042b4e7e2a8594b1926cae01ee7f6e0aee0f	MATCH
source-manifest.json	2524	34f125471f71c59e7ff54e5c59deee0f86b4332cab125720c13e07ceffadb92b	files/501/sha256	source.zip!drivers/apple-agx/windows/one-shot/AppleAgxBltProbe.vcxproj	34f125471f71c59e7ff54e5c59deee0f86b4332cab125720c13e07ceffadb92b	MATCH
source-manifest.json	2529	01590ae78243199d90d30585fc32796165457ca0581d384bb51f6f0e8634cce5	files/502/sha256	source.zip!drivers/apple-agx/windows/one-shot/AppleAgxCpuOutputControl.vcxproj	01590ae78243199d90d30585fc32796165457ca0581d384bb51f6f0e8634cce5	MATCH
source-manifest.json	2534	efdabd6daa4681729b4690e38130a55a858fc156d968447fa3469e5dcd72e074	files/503/sha256	source.zip!drivers/apple-agx/windows/one-shot/AppleAgxD3dKmRender.vcxproj	efdabd6daa4681729b4690e38130a55a858fc156d968447fa3469e5dcd72e074	MATCH
source-manifest.json	2539	7a9ea76621d264df7939b86bbd9aad88116adac6fdb7836652b6f1569f5d3915	files/504/sha256	source.zip!drivers/apple-agx/windows/one-shot/AppleAgxDynamicTriangle.vcxproj	7a9ea76621d264df7939b86bbd9aad88116adac6fdb7836652b6f1569f5d3915	MATCH
source-manifest.json	2544	ed55fcb40ebd72c2b16d8a6cd22d828d343e040b81e907b49fc3acbe13868a49	files/505/sha256	source.zip!drivers/apple-agx/windows/one-shot/AppleAgxGdiColorFill.vcxproj	ed55fcb40ebd72c2b16d8a6cd22d828d343e040b81e907b49fc3acbe13868a49	MATCH
source-manifest.json	2549	b85847e0fda00e643ed2e74ae60b6d3de6d6386e546637f310e28e4b89ea3c22	files/506/sha256	source.zip!drivers/apple-agx/windows/one-shot/README-gdi-colorfill.md	b85847e0fda00e643ed2e74ae60b6d3de6d6386e546637f310e28e4b89ea3c22	MATCH
source-manifest.json	2554	a48825e23e3a5372082b908fa40d558a988c4bb5eaf9b093c0a0c85d1e9427ee	files/507/sha256	source.zip!drivers/apple-agx/windows/one-shot/agx_kmt_native_bridge.c	a48825e23e3a5372082b908fa40d558a988c4bb5eaf9b093c0a0c85d1e9427ee	MATCH
source-manifest.json	2559	898055d58e542c33d433cda5f101f2df55bba9dad460290f870423e26590d5f3	files/508/sha256	source.zip!drivers/apple-agx/windows/one-shot/agx_kmt_native_bridge.h	898055d58e542c33d433cda5f101f2df55bba9dad460290f870423e26590d5f3	MATCH
source-manifest.json	2564	81f412aa1a36ac751ce639bcddf36a77a6beac53e09bd5168d224bbd673ebf76	files/509/sha256	source.zip!drivers/apple-agx/windows/one-shot/agx_kmt_native_qualification.c	81f412aa1a36ac751ce639bcddf36a77a6beac53e09bd5168d224bbd673ebf76	MATCH
source-manifest.json	2569	d9dbeeb6862d92b6055940d44fd0f8a9f017596f1e0efd7e35b1eec8c18ba4e1	files/510/sha256	source.zip!drivers/apple-agx/windows/one-shot/agx_kmt_native_qualification.h	d9dbeeb6862d92b6055940d44fd0f8a9f017596f1e0efd7e35b1eec8c18ba4e1	MATCH
source-manifest.json	2574	3c0c969c2348bc08638b484913f866c9a78be95b3c94f7c25d6fe395def3d9d7	files/511/sha256	source.zip!drivers/apple-agx/windows/one-shot/agx_r103_allocate_probe.c	3c0c969c2348bc08638b484913f866c9a78be95b3c94f7c25d6fe395def3d9d7	MATCH
source-manifest.json	2579	4cbc9dbc4b2d0e5c47190c3c32b749f01961f26ce26ac4911cfb29583d8ac45c	files/512/sha256	source.zip!drivers/apple-agx/windows/one-shot/apple_agx_blt_probe.c	4cbc9dbc4b2d0e5c47190c3c32b749f01961f26ce26ac4911cfb29583d8ac45c	MATCH
source-manifest.json	2584	f84b13561ded9b5aca3f52590e1955b43b904136c5cbe6a0f2c9838122df3c90	files/513/sha256	source.zip!drivers/apple-agx/windows/one-shot/apple_agx_cpu_output_control.c	f84b13561ded9b5aca3f52590e1955b43b904136c5cbe6a0f2c9838122df3c90	MATCH
source-manifest.json	2589	cafc1df198454b0b0c690128aa7b6f453b775487d1e6a5dd82927874cb45fa99	files/514/sha256	source.zip!drivers/apple-agx/windows/one-shot/apple_agx_d3d10_standard.c	cafc1df198454b0b0c690128aa7b6f453b775487d1e6a5dd82927874cb45fa99	MATCH
source-manifest.json	2594	7b97130ec50c27bba2af8f85ccf4d83f34b53bffbd1374f50326263b8d6901ad	files/515/sha256	source.zip!drivers/apple-agx/windows/one-shot/apple_agx_d3dkmt_render.c	7b97130ec50c27bba2af8f85ccf4d83f34b53bffbd1374f50326263b8d6901ad	MATCH
source-manifest.json	2599	a876310ad66c18a9481a6c05611fac484fbb2d3cc88610e2f4772d6f41de0610	files/516/sha256	source.zip!drivers/apple-agx/windows/one-shot/apple_agx_dynamic_triangle.c	a876310ad66c18a9481a6c05611fac484fbb2d3cc88610e2f4772d6f41de0610	MATCH
source-manifest.json	2604	b3d8049920d8eb9ace0aaff1eeb2bd169711367c99eab597fddb8fb5b9981782	files/517/sha256	source.zip!drivers/apple-agx/windows/one-shot/apple_agx_gdi_colorfill.c	b3d8049920d8eb9ace0aaff1eeb2bd169711367c99eab597fddb8fb5b9981782	MATCH
source-manifest.json	2609	ab7b468f133ee99c65a2275e80e832c1a7fda8552e90be75be89d3558652824f	files/518/sha256	source.zip!drivers/apple-agx/windows/scripts/arm-gpuva-experiment.ps1	ab7b468f133ee99c65a2275e80e832c1a7fda8552e90be75be89d3558652824f	MATCH
source-manifest.json	2614	bb5bb9010d847ad3477d2a0e3c9e0fee02f515c01877303bb30fb0e8b317d6ae	files/519/sha256	source.zip!drivers/apple-agx/windows/scripts/build-driver.ps1	bb5bb9010d847ad3477d2a0e3c9e0fee02f515c01877303bb30fb0e8b317d6ae	MATCH
source-manifest.json	2619	5eb37e18d3904e617dd549b3411bbaba53de1934eef4eac68351d4f0cb8a7e8c	files/520/sha256	source.zip!drivers/apple-agx/windows/scripts/cycle-lifecycle-driver.ps1	5eb37e18d3904e617dd549b3411bbaba53de1934eef4eac68351d4f0cb8a7e8c	MATCH
source-manifest.json	2624	f5908439217462ef960892394feace73e0a9d732d987fc175da0648d0a9811f9	files/521/sha256	source.zip!drivers/apple-agx/windows/scripts/durable-transition.ps1	f5908439217462ef960892394feace73e0a9d732d987fc175da0648d0a9811f9	MATCH
source-manifest.json	2629	88908e7c99d9312240da1334400fa2ca1f8d686ca706d78aaf7f7d168f366e4b	files/522/sha256	source.zip!drivers/apple-agx/windows/scripts/remove-experiment-driver.ps1	88908e7c99d9312240da1334400fa2ca1f8d686ca706d78aaf7f7d168f366e4b	MATCH
source-manifest.json	2634	0fac3ad272cf79f9aef8ca56277f65a8adc25ddcc0927181ebf19cab36dbdf77	files/523/sha256	source.zip!drivers/apple-agx/windows/scripts/remove-staged-driver.ps1	0fac3ad272cf79f9aef8ca56277f65a8adc25ddcc0927181ebf19cab36dbdf77	MATCH
source-manifest.json	2639	3ccf6a9103abe330ebbdaf9233f4f3dfc703d23cc4aaec90f16b98cb4659e5e3	files/524/sha256	source.zip!drivers/apple-agx/windows/scripts/stage-driver.ps1	3ccf6a9103abe330ebbdaf9233f4f3dfc703d23cc4aaec90f16b98cb4659e5e3	MATCH
source-manifest.json	2644	a158379719b183851dcb6195a9222d4b8382db73269ccc7ba420496538cd6532	files/525/sha256	source.zip!drivers/apple-agx/windows/src/adapter.c	a158379719b183851dcb6195a9222d4b8382db73269ccc7ba420496538cd6532	MATCH
source-manifest.json	2649	cb433e72ad378146c3726749c69c6ed54681e8bd2351c62e46db55db6792b4f3	files/526/sha256	source.zip!drivers/apple-agx/windows/src/diagnostics.c	cb433e72ad378146c3726749c69c6ed54681e8bd2351c62e46db55db6792b4f3	MATCH
source-manifest.json	2654	0fed62328badec6332cf1f18c8645c831d6684700b8016bb39dd90934dd6f43d	files/527/sha256	source.zip!drivers/apple-agx/windows/src/driver.c	0fed62328badec6332cf1f18c8645c831d6684700b8016bb39dd90934dd6f43d	MATCH
source-manifest.json	2659	9f13ff0184672c0b1df496e1ce1c2d635ce999df27271c344050cd4332d7c9b1	files/528/sha256	source.zip!drivers/apple-agx/windows/src/driver_diagnostics.c	9f13ff0184672c0b1df496e1ce1c2d635ce999df27271c344050cd4332d7c9b1	MATCH
source-manifest.json	2664	a5ba73e708c8e32d148509bd4ad41874425f94270832239006b5f87c40936775	files/529/sha256	source.zip!drivers/apple-agx/windows/src/fail_closed.c	a5ba73e708c8e32d148509bd4ad41874425f94270832239006b5f87c40936775	MATCH
source-manifest.json	2669	47d6faa3f93e8e2bdcdeeb2115b5338a1a5a3118e9664290c652244cd74f51c7	files/530/sha256	source.zip!drivers/apple-agx/windows/src/firmware_transport.c	47d6faa3f93e8e2bdcdeeb2115b5338a1a5a3118e9664290c652244cd74f51c7	MATCH
source-manifest.json	2674	e0f3ee11bdbc1ab0e7bf8b7175e9b549d1e103c2dc2ec2e7a2b1f790713dd8d7	files/531/sha256	source.zip!drivers/apple-agx/windows/src/memory_windows.c	e0f3ee11bdbc1ab0e7bf8b7175e9b549d1e103c2dc2ec2e7a2b1f790713dd8d7	MATCH
source-manifest.json	2679	59b75585b2055ec13328c5128b035f5952ed67657f866b483b381cc0ee60f211	files/532/sha256	source.zip!drivers/apple-agx/windows/src/mmio.c	59b75585b2055ec13328c5128b035f5952ed67657f866b483b381cc0ee60f211	MATCH
source-manifest.json	2684	f33f1805db6692dad71885ed22cc17d1c6344b9ab7b2699a4015ce4498580bd4	files/533/sha256	source.zip!drivers/apple-agx/windows/src/power.c	f33f1805db6692dad71885ed22cc17d1c6344b9ab7b2699a4015ce4498580bd4	MATCH
source-manifest.json	2689	83dd6c2bb65e84aad9321db2f3cc73a8248a08836914327b7800b97e8e5a3e5d	files/534/sha256	source.zip!drivers/apple-agx/windows/src/resources.c	83dd6c2bb65e84aad9321db2f3cc73a8248a08836914327b7800b97e8e5a3e5d	MATCH
source-manifest.json	2694	59b10238ee03e3a2438c6a321f2158d90621f1e30579ee6d7f182a9fd3ab5ff2	files/535/sha256	source.zip!drivers/apple-agx/windows/src/uat_publication_windows.c	59b10238ee03e3a2438c6a321f2158d90621f1e30579ee6d7f182a9fd3ab5ff2	MATCH
source-manifest.json	2698	518a56fd0c4ac8483d0962924ac9c95e4cb879e7a732491c50db812ab892c5cb	source_archive_sha256	source.zip	518a56fd0c4ac8483d0962924ac9c95e4cb879e7a732491c50db812ab892c5cb	MATCH
source-proof.json	13	0929325d6184d2ab44362ee3a46335909ef9ca1f99e67f01435bf57b53ca0a31	diff_sha256	candidate-code.diff	0929325d6184d2ab44362ee3a46335909ef9ca1f99e67f01435bf57b53ca0a31	MATCH
stage.ps1	6	b2c7e2993d6d92eabf301d9db6bf640fa4c1ffe3cea145c47a3e8bc3c587ce21	comparison/argument 1	AppleAgxRenderAdmission.inf	b2c7e2993d6d92eabf301d9db6bf640fa4c1ffe3cea145c47a3e8bc3c587ce21	MATCH
stage.ps1	7	813a0c746cb200c79a96ead7571bec10768fd3dd7123da40448d4a5f9b426cd1	comparison/argument 2	AppleAgxRenderAdmission.sys	813a0c746cb200c79a96ead7571bec10768fd3dd7123da40448d4a5f9b426cd1	MATCH
stage.ps1	8	1010eb9b13ee7e58f623fb7dd10ccba780b2b71b0b1558d948a68d86444def50	comparison/argument 3	AppleAgxRenderAdmissionUmd.dll	1010eb9b13ee7e58f623fb7dd10ccba780b2b71b0b1558d948a68d86444def50	MATCH
stage.ps1	9	3833fd3953072c84fbed4f49ba4e563d6eac325e80a80adcdd3460eb31d65827	comparison/argument 4	appleagxrenderadmission.cat	3833fd3953072c84fbed4f49ba4e563d6eac325e80a80adcdd3460eb31d65827	MATCH
stage.ps1	35	97145866A1530003077EACD8457F1A7A644D662423278FD94E450F903C85CBDA	comparison/argument 5	pinned.cer	97145866a1530003077eacd8457f1a7a644d662423278fd94e450f903c85cbda	MATCH
stage.ps1	42	097BDC4805F0CDCB4C1689A1533B0EB9A6143C3751C421B7ECC26B5C8CD5F0B1	comparison/argument 6	../EXP726-air-signing/signtool-arm64.exe	097bdc4805f0cdcb4c1689a1533b0eb9a6143c3751c421b7ecc26b5c8cd5f0b1	MATCH
verify-transfer.ps1	3	20e66eef5b2ce315976d5ae39661d892d44b8c037e07b2be6eb6035e245c66d3	comparison/argument 1	hardware-manifest.json	20e66eef5b2ce315976d5ae39661d892d44b8c037e07b2be6eb6035e245c66d3	MATCH
verify-transfer.ps1	4	b804cca3afa77413a70c6a0b518ffd0aa17cb7cb616a3f3797db7e82edeb152d	comparison/argument 2	guest-transfer-manifest.json	b804cca3afa77413a70c6a0b518ffd0aa17cb7cb616a3f3797db7e82edeb152d	MATCH
