............................EEEE.E..EE.....E.....................................E.................................................EUndefined symbols for architecture arm64:
  "_AppleAgxApplyRelocations", referenced from:
      _apply_active_relocations in apple_agx_render_shared_memory-e4716a.o
      _apply_active_relocations in apple_agx_render_shared_memory-e4716a.o
  "_AppleAgxG13ComputeMicrosequenceBuild", referenced from:
      _AppleAgxRenderSharedMemoryBuildCompute in apple_agx_render_shared_memory-e4716a.o
  "_AppleAgxG13ComputeWorkBuild", referenced from:
      _AppleAgxRenderSharedMemoryBuildCompute in apple_agx_render_shared_memory-e4716a.o
ld: symbol(s) not found for architecture arm64
clang: error: linker command failed with exit code 1 (use -v to see invocation)
E/var/folders/s5/sgnkc7ws7cs5ctyqdwh_6qm40000gp/T/tmpipfondz2/contract.json
.................................................E..............E..E.................................................................................[Errno 2] No such file or directory: 'ninja'
EFF.FFTraceback (most recent call last):
  File "/Volumes/pwdev/public_windows/.worktrees/integration-ad04-windows-compiler/tools/build_apple_agx_vs_fs_fixture.py", line 77, in <module>
    raise SystemExit(main())
                     ~~~~^^
  File "/Volumes/pwdev/public_windows/.worktrees/integration-ad04-windows-compiler/tools/build_apple_agx_vs_fs_fixture.py", line 16, in main
    subprocess.run([
    ~~~~~~~~~~~~~~^^
        "ninja", "-C", str(build),
        ^^^^^^^^^^^^^^^^^^^^^^^^^^
    ...<7 lines>...
        "src/asahi/layout/libasahi_layout.a",
        ^^^^^^^^^^^^^^^^^^^^^^^^^^^^^^^^^^^^^
    ], check=True)
    ^^^^^^^^^^^^^^
  File "/Library/Frameworks/Python.framework/Versions/3.13/lib/python3.13/subprocess.py", line 554, in run
    with Popen(*popenargs, **kwargs) as process:
         ~~~~~^^^^^^^^^^^^^^^^^^^^^^
  File "/Library/Frameworks/Python.framework/Versions/3.13/lib/python3.13/subprocess.py", line 1039, in __init__
    self._execute_child(args, executable, preexec_fn, close_fds,
    ~~~~~~~~~~~~~~~~~~~^^^^^^^^^^^^^^^^^^^^^^^^^^^^^^^^^^^^^^^^^
                        pass_fds, cwd, env,
                        ^^^^^^^^^^^^^^^^^^^
    ...<5 lines>...
                        gid, gids, uid, umask,
                        ^^^^^^^^^^^^^^^^^^^^^^
                        start_new_session, process_group)
                        ^^^^^^^^^^^^^^^^^^^^^^^^^^^^^^^^^
  File "/Library/Frameworks/Python.framework/Versions/3.13/lib/python3.13/subprocess.py", line 1991, in _execute_child
    raise child_exception_type(errno_num, err_msg, err_filename)
FileNotFoundError: [Errno 2] No such file or directory: 'ninja'
ETraceback (most recent call last):
  File "/Volumes/pwdev/public_windows/.worktrees/integration-ad04-windows-compiler/tools/build_apple_agx_vs_fs_fixture.py", line 77, in <module>
    raise SystemExit(main())
                     ~~~~^^
  File "/Volumes/pwdev/public_windows/.worktrees/integration-ad04-windows-compiler/tools/build_apple_agx_vs_fs_fixture.py", line 16, in main
    subprocess.run([
    ~~~~~~~~~~~~~~^^
        "ninja", "-C", str(build),
        ^^^^^^^^^^^^^^^^^^^^^^^^^^
    ...<7 lines>...
        "src/asahi/layout/libasahi_layout.a",
        ^^^^^^^^^^^^^^^^^^^^^^^^^^^^^^^^^^^^^
    ], check=True)
    ^^^^^^^^^^^^^^
  File "/Library/Frameworks/Python.framework/Versions/3.13/lib/python3.13/subprocess.py", line 554, in run
    with Popen(*popenargs, **kwargs) as process:
         ~~~~~^^^^^^^^^^^^^^^^^^^^^^
  File "/Library/Frameworks/Python.framework/Versions/3.13/lib/python3.13/subprocess.py", line 1039, in __init__
    self._execute_child(args, executable, preexec_fn, close_fds,
    ~~~~~~~~~~~~~~~~~~~^^^^^^^^^^^^^^^^^^^^^^^^^^^^^^^^^^^^^^^^^
                        pass_fds, cwd, env,
                        ^^^^^^^^^^^^^^^^^^^
    ...<5 lines>...
                        gid, gids, uid, umask,
                        ^^^^^^^^^^^^^^^^^^^^^^
                        start_new_session, process_group)
                        ^^^^^^^^^^^^^^^^^^^^^^^^^^^^^^^^^
  File "/Library/Frameworks/Python.framework/Versions/3.13/lib/python3.13/subprocess.py", line 1991, in _execute_child
    raise child_exception_type(errno_num, err_msg, err_filename)
FileNotFoundError: [Errno 2] No such file or directory: 'ninja'
E..............Fapple_agx_backend_runtime_test: ok
..............fatal: cannot change to '/Volumes/pwdev/public_windows/.worktrees/integration-ad04-windows-compiler/.local/reference/mesa': No such file or directory
E............/Volumes/pwdev/public_windows/.worktrees/integration-ad04-windows-compiler/drivers/apple-agx/render-admission/tests/render_dynamic_dma_test.c:50:37: error: braces around scalar initializer [-Werror,-Wbraced-scalar-init]
   50 |       0u, 0u, 0u, 0u, 0u, 0u, 0ULL, {0}};
      |                                     ^~~
/Volumes/pwdev/public_windows/.worktrees/integration-ad04-windows-compiler/drivers/apple-agx/render-admission/tests/render_dynamic_dma_test.c:50:40: error: missing field 'DepthGpuVirtualAddress' initializer [-Werror,-Wmissing-field-initializers]
   50 |       0u, 0u, 0u, 0u, 0u, 0u, 0ULL, {0}};
      |                                        ^
2 errors generated.
EINDEX_V5_MATERIALIZE: pass=0 result=6 objects=0 relocations=0
Assertion failed: (result==AppleAgxDynamicJobSuccess), function indexed_list_patch, file apple_agx_dynamic_job_test.c, line 187.
E........................apple_agx_g4_builder_test: PASS
.apple_agx_g4_process_layout_test: PASS
...E.......FFAssertion failed: (AgxWin32TransportBuildDrawVersion(&input, APPLE_AGX_WIN32_COMMAND_VERSION_TEXTURED_BATCH, bytes, sizeof(bytes), &commandBytes) == AppleAgxWin32AbiSuccess), function test_v6_requires_and_preserves_external_texture_reference, file agx_win32_transport_test.c, line 453.
E..sE.........clang: error: argument unused during compilation: '--ld-path=/tmp/agx-ld64-wrapper' [-Werror,-Wunused-command-line-argument]
E..F......F....F...................................F.../var/folders/s5/sgnkc7ws7cs5ctyqdwh_6qm40000gp/T/tmprmvdswd0/open.c:82:21: error: call to undeclared function 'AdmissionOpenAllocationImpl'; ISO C99 and later do not support implicit function declarations [-Wimplicit-function-declaration]
   82 |   NTSTATUS status = AdmissionOpenAllocationImpl(Device, Args);
      |                     ^
/var/folders/s5/sgnkc7ws7cs5ctyqdwh_6qm40000gp/T/tmprmvdswd0/open.c:82:21: note: did you mean 'AdmissionDdiOpenAllocation'?
/var/folders/s5/sgnkc7ws7cs5ctyqdwh_6qm40000gp/T/tmprmvdswd0/open.c:80:33: note: 'AdmissionDdiOpenAllocation' declared here
   80 | _Use_decl_annotations_ NTSTATUS AdmissionDdiOpenAllocation(
      |                                 ^
   81 |     HANDLE Device, const DXGKARG_OPENALLOCATION *Args) {
   82 |   NTSTATUS status = AdmissionOpenAllocationImpl(Device, Args);
      |                     ~~~~~~~~~~~~~~~~~~~~~~~~~~~
      |                     AdmissionDdiOpenAllocation
1 error generated.
E...........F............................./var/folders/s5/sgnkc7ws7cs5ctyqdwh_6qm40000gp/T/tmpwbb65t0f/owner.c:48:21: error: call to undeclared function 'AdmissionCreateAllocationImpl'; ISO C99 and later do not support implicit function declarations [-Wimplicit-function-declaration]
   48 |   NTSTATUS status = AdmissionCreateAllocationImpl(Adapter, Args);
      |                     ^
/var/folders/s5/sgnkc7ws7cs5ctyqdwh_6qm40000gp/T/tmpwbb65t0f/owner.c:48:21: note: did you mean 'AdmissionDdiCreateAllocation'?
/var/folders/s5/sgnkc7ws7cs5ctyqdwh_6qm40000gp/T/tmpwbb65t0f/owner.c:46:33: note: 'AdmissionDdiCreateAllocation' declared here
   46 | _Use_decl_annotations_ NTSTATUS AdmissionDdiCreateAllocation(
      |                                 ^
   47 |     HANDLE Adapter, DXGKARG_CREATEALLOCATION *Args) {
   48 |   NTSTATUS status = AdmissionCreateAllocationImpl(Adapter, Args);
      |                     ~~~~~~~~~~~~~~~~~~~~~~~~~~~~~
      |                     AdmissionDdiCreateAllocation
1 error generated.
E/var/folders/s5/sgnkc7ws7cs5ctyqdwh_6qm40000gp/T/tmp7miwvcnb/standard.c:177:21: error: unknown type name 'DXGKARG_CREATEALLOCATION'
  177 |     HANDLE Adapter, DXGKARG_CREATEALLOCATION *Args) {
      |                     ^
/var/folders/s5/sgnkc7ws7cs5ctyqdwh_6qm40000gp/T/tmp7miwvcnb/standard.c:178:3: error: use of undeclared identifier 'ADMISSION_CONTEXT'
  178 |   ADMISSION_CONTEXT *context = (ADMISSION_CONTEXT *)Adapter;
      |   ^~~~~~~~~~~~~~~~~
/var/folders/s5/sgnkc7ws7cs5ctyqdwh_6qm40000gp/T/tmp7miwvcnb/standard.c:178:22: error: use of undeclared identifier 'context'
  178 |   ADMISSION_CONTEXT *context = (ADMISSION_CONTEXT *)Adapter;
      |                      ^~~~~~~
/var/folders/s5/sgnkc7ws7cs5ctyqdwh_6qm40000gp/T/tmp7miwvcnb/standard.c:178:33: error: use of undeclared identifier 'ADMISSION_CONTEXT'
  178 |   ADMISSION_CONTEXT *context = (ADMISSION_CONTEXT *)Adapter;
      |                                 ^~~~~~~~~~~~~~~~~
/var/folders/s5/sgnkc7ws7cs5ctyqdwh_6qm40000gp/T/tmp7miwvcnb/standard.c:178:52: error: expected expression
  178 |   ADMISSION_CONTEXT *context = (ADMISSION_CONTEXT *)Adapter;
      |                                                    ^
/var/folders/s5/sgnkc7ws7cs5ctyqdwh_6qm40000gp/T/tmp7miwvcnb/standard.c:179:3: error: use of undeclared identifier 'DXGK_ALLOCATIONINFO'
  179 |   DXGK_ALLOCATIONINFO *info;
      |   ^~~~~~~~~~~~~~~~~~~
/var/folders/s5/sgnkc7ws7cs5ctyqdwh_6qm40000gp/T/tmp7miwvcnb/standard.c:179:24: error: use of undeclared identifier 'info'
  179 |   DXGK_ALLOCATIONINFO *info;
      |                        ^~~~
/var/folders/s5/sgnkc7ws7cs5ctyqdwh_6qm40000gp/T/tmp7miwvcnb/standard.c:182:3: error: use of undeclared identifier 'ADMISSION_WIN32_TRANSPORT_RESULT'
  182 |   ADMISSION_WIN32_TRANSPORT_RESULT parseResult;
      |   ^~~~~~~~~~~~~~~~~~~~~~~~~~~~~~~~
/var/folders/s5/sgnkc7ws7cs5ctyqdwh_6qm40000gp/T/tmp7miwvcnb/standard.c:183:3: error: unknown type name 'ADMISSION_ALLOCATION_HANDLE'; did you mean 'ADMISSION_ALLOCATION_OBJECT'?
  183 |   ADMISSION_ALLOCATION_HANDLE *allocation;
      |   ^~~~~~~~~~~~~~~~~~~~~~~~~~~
      |   ADMISSION_ALLOCATION_OBJECT
/Volumes/pwdev/public_windows/.worktrees/integration-ad04-windows-compiler/drivers/apple-agx/render-admission/include/render_allocation.h:27:3: note: 'ADMISSION_ALLOCATION_OBJECT' declared here
   27 | } ADMISSION_ALLOCATION_OBJECT;
      |   ^
/var/folders/s5/sgnkc7ws7cs5ctyqdwh_6qm40000gp/T/tmp7miwvcnb/standard.c:184:3: error: use of undeclared identifier 'ULONGLONG'
  184 |   ULONGLONG aligned;
      |   ^~~~~~~~~
/var/folders/s5/sgnkc7ws7cs5ctyqdwh_6qm40000gp/T/tmp7miwvcnb/standard.c:185:3: error: use of undeclared identifier 'APPLE_AGX_U32'
  185 |   APPLE_AGX_U32 classId = 0u;
      |   ^~~~~~~~~~~~~
/var/folders/s5/sgnkc7ws7cs5ctyqdwh_6qm40000gp/T/tmp7miwvcnb/standard.c:186:3: error: use of undeclared identifier 'APPLE_AGX_U32'
  186 |   APPLE_AGX_U32 flags = 0u;
      |   ^~~~~~~~~~~~~
/var/folders/s5/sgnkc7ws7cs5ctyqdwh_6qm40000gp/T/tmp7miwvcnb/standard.c:196:7: error: use of undeclared identifier 'context'
  196 |   if (context == NULL || Args == NULL || Args->NumAllocations != 1u ||
      |       ^~~~~~~
/var/folders/s5/sgnkc7ws7cs5ctyqdwh_6qm40000gp/T/tmp7miwvcnb/standard.c:203:8: error: call to undeclared function 'AdmissionMemoryReady'; ISO C99 and later do not support implicit function declarations [-Wimplicit-function-declaration]
  203 |   if (!AdmissionMemoryReady(&context->Memory))
      |        ^
/var/folders/s5/sgnkc7ws7cs5ctyqdwh_6qm40000gp/T/tmp7miwvcnb/standard.c:203:30: error: use of undeclared identifier 'context'
  203 |   if (!AdmissionMemoryReady(&context->Memory))
      |                              ^~~~~~~
/var/folders/s5/sgnkc7ws7cs5ctyqdwh_6qm40000gp/T/tmp7miwvcnb/standard.c:204:12: error: use of undeclared identifier 'STATUS_NOT_SUPPORTED'
  204 |     return STATUS_NOT_SUPPORTED;
      |            ^~~~~~~~~~~~~~~~~~~~
/var/folders/s5/sgnkc7ws7cs5ctyqdwh_6qm40000gp/T/tmp7miwvcnb/standard.c:205:3: error: use of undeclared identifier 'info'
  205 |   info = &Args->pAllocationInfo[0];
      |   ^~~~
/var/folders/s5/sgnkc7ws7cs5ctyqdwh_6qm40000gp/T/tmp7miwvcnb/standard.c:211:7: error: use of undeclared identifier 'info'
  211 |   if (info->pPrivateDriverData == NULL)
      |       ^~~~
/var/folders/s5/sgnkc7ws7cs5ctyqdwh_6qm40000gp/T/tmp7miwvcnb/standard.c:237:3: error: use of undeclared identifier 'parseResult'
  237 |   parseResult = AdmissionWin32AllocationCreateValidate(
      |   ^~~~~~~~~~~
fatal error: too many errors emitted, stopping now [-ferror-limit=]
20 errors generated.
E..............F...................../var/folders/s5/sgnkc7ws7cs5ctyqdwh_6qm40000gp/T/tmpohvenais/queue.c:388:5: error: call to undeclared function 'AdmissionPlatformRecordPostDpcHealth'; ISO C99 and later do not support implicit function declarations [-Wimplicit-function-declaration]
  388 |     AdmissionPlatformRecordPostDpcHealth(Context, renderFence);
      |     ^
1 error generated.
E..................../var/folders/s5/sgnkc7ws7cs5ctyqdwh_6qm40000gp/T/tmpkrt6ioah/rgba.c:29:33: error: use of undeclared identifier 'D3D10_DDI_RESOURCE_MISC_SHARED'
   29 |   const UINT allowedMiscFlags = D3D10_DDI_RESOURCE_MISC_SHARED |
      |                                 ^~~~~~~~~~~~~~~~~~~~~~~~~~~~~~
/var/folders/s5/sgnkc7ws7cs5ctyqdwh_6qm40000gp/T/tmpkrt6ioah/rgba.c:30:7: error: use of undeclared identifier 'D3D10_DDI_RESOURCE_MISC_DISCARD_ON_PRESENT'
   30 |       D3D10_DDI_RESOURCE_MISC_DISCARD_ON_PRESENT;
      |       ^~~~~~~~~~~~~~~~~~~~~~~~~~~~~~~~~~~~~~~~~~
/var/folders/s5/sgnkc7ws7cs5ctyqdwh_6qm40000gp/T/tmpkrt6ioah/rgba.c:35:34: error: use of undeclared identifier 'DXGI_FORMAT_B8G8R8A8_UNORM_SRGB'
   35 |        CreateResource->Format != DXGI_FORMAT_B8G8R8A8_UNORM_SRGB &&
      |                                  ^~~~~~~~~~~~~~~~~~~~~~~~~~~~~~~
/var/folders/s5/sgnkc7ws7cs5ctyqdwh_6qm40000gp/T/tmpkrt6ioah/rgba.c:43:39: error: no member named 'TexelDepth' in 'struct Mip'
   43 |       CreateResource->pMipInfoList[0].TexelDepth != 1u ||
      |       ~~~~~~~~~~~~~~~~~~~~~~~~~~~~~~~ ^
/var/folders/s5/sgnkc7ws7cs5ctyqdwh_6qm40000gp/T/tmpkrt6ioah/rgba.c:47:23: error: no member named 'Usage' in 'D3D11DDIARG_CREATERESOURCE'
   47 |       CreateResource->Usage != D3D10_DDI_USAGE_DEFAULT || CreateResource->MapFlags ||
      |       ~~~~~~~~~~~~~~  ^
/var/folders/s5/sgnkc7ws7cs5ctyqdwh_6qm40000gp/T/tmpkrt6ioah/rgba.c:47:32: error: use of undeclared identifier 'D3D10_DDI_USAGE_DEFAULT'
   47 |       CreateResource->Usage != D3D10_DDI_USAGE_DEFAULT || CreateResource->MapFlags ||
      |                                ^~~~~~~~~~~~~~~~~~~~~~~
/var/folders/s5/sgnkc7ws7cs5ctyqdwh_6qm40000gp/T/tmpkrt6ioah/rgba.c:47:75: error: no member named 'MapFlags' in 'D3D11DDIARG_CREATERESOURCE'
   47 |       CreateResource->Usage != D3D10_DDI_USAGE_DEFAULT || CreateResource->MapFlags ||
      |                                                           ~~~~~~~~~~~~~~  ^
/var/folders/s5/sgnkc7ws7cs5ctyqdwh_6qm40000gp/T/tmpkrt6ioah/rgba.c:48:24: error: no member named 'MiscFlags' in 'D3D11DDIARG_CREATERESOURCE'
   48 |       (CreateResource->MiscFlags & ~allowedMiscFlags) ||
      |        ~~~~~~~~~~~~~~  ^
/var/folders/s5/sgnkc7ws7cs5ctyqdwh_6qm40000gp/T/tmpkrt6ioah/rgba.c:49:25: error: no member named 'MiscFlags' in 'D3D11DDIARG_CREATERESOURCE'
   49 |       ((CreateResource->MiscFlags &
      |         ~~~~~~~~~~~~~~  ^
/var/folders/s5/sgnkc7ws7cs5ctyqdwh_6qm40000gp/T/tmpkrt6ioah/rgba.c:50:9: error: use of undeclared identifier 'D3D10_DDI_RESOURCE_MISC_DISCARD_ON_PRESENT'
   50 |         D3D10_DDI_RESOURCE_MISC_DISCARD_ON_PRESENT) != 0u &&
      |         ^~~~~~~~~~~~~~~~~~~~~~~~~~~~~~~~~~~~~~~~~~
/var/folders/s5/sgnkc7ws7cs5ctyqdwh_6qm40000gp/T/tmpkrt6ioah/rgba.c:52:38: error: use of undeclared identifier 'D3D10_DDI_BIND_RENDER_TARGET'
   52 |       (CreateResource->BindFlags & ~(D3D10_DDI_BIND_RENDER_TARGET |
      |                                      ^~~~~~~~~~~~~~~~~~~~~~~~~~~~
/var/folders/s5/sgnkc7ws7cs5ctyqdwh_6qm40000gp/T/tmpkrt6ioah/rgba.c:53:11: error: use of undeclared identifier 'D3D10_DDI_BIND_SHADER_RESOURCE'
   53 |           D3D10_DDI_BIND_SHADER_RESOURCE | D3D10_DDI_BIND_PRESENT)) ||
      |           ^~~~~~~~~~~~~~~~~~~~~~~~~~~~~~
/var/folders/s5/sgnkc7ws7cs5ctyqdwh_6qm40000gp/T/tmpkrt6ioah/rgba.c:58:25: error: no member named 'MiscFlags' in 'D3D11DDIARG_CREATERESOURCE'
   58 |        (CreateResource->MiscFlags != D3D10_DDI_RESOURCE_MISC_SHARED ||
      |         ~~~~~~~~~~~~~~  ^
/var/folders/s5/sgnkc7ws7cs5ctyqdwh_6qm40000gp/T/tmpkrt6ioah/rgba.c:58:38: error: use of undeclared identifier 'D3D10_DDI_RESOURCE_MISC_SHARED'
   58 |        (CreateResource->MiscFlags != D3D10_DDI_RESOURCE_MISC_SHARED ||
      |                                      ^~~~~~~~~~~~~~~~~~~~~~~~~~~~~~
/var/folders/s5/sgnkc7ws7cs5ctyqdwh_6qm40000gp/T/tmpkrt6ioah/rgba.c:60:39: error: use of undeclared identifier 'D3D10_DDI_BIND_RENDER_TARGET'
   60 |         CreateResource->BindFlags != (D3D10_DDI_BIND_RENDER_TARGET |
      |                                       ^~~~~~~~~~~~~~~~~~~~~~~~~~~~
/var/folders/s5/sgnkc7ws7cs5ctyqdwh_6qm40000gp/T/tmpkrt6ioah/rgba.c:61:38: error: use of undeclared identifier 'D3D10_DDI_BIND_SHADER_RESOURCE'
   61 |                                      D3D10_DDI_BIND_SHADER_RESOURCE))) ||
      |                                      ^~~~~~~~~~~~~~~~~~~~~~~~~~~~~~
/var/folders/s5/sgnkc7ws7cs5ctyqdwh_6qm40000gp/T/tmpkrt6ioah/rgba.c:81:34: error: use of undeclared identifier 'DXGI_FORMAT_B8G8R8A8_UNORM_SRGB'
   81 |        CreateResource->Format == DXGI_FORMAT_B8G8R8A8_UNORM_SRGB) ? 1u : 0u;
      |                                  ^~~~~~~~~~~~~~~~~~~~~~~~~~~~~~~
17 errors generated.
E...Undefined symbols for architecture arm64:
  "_AppleAgxG13ComputeMicrosequenceBuild", referenced from:
      _AppleAgxRenderSharedMemoryBuildCompute in apple_agx_render_shared_memory-e814fa.o
  "_AppleAgxG13ComputeWorkBuild", referenced from:
      _AppleAgxRenderSharedMemoryBuildCompute in apple_agx_render_shared_memory-e814fa.o
ld: symbol(s) not found for architecture arm64
clang: error: linker command failed with exit code 1 (use -v to see invocation)
E........................./Volumes/pwdev/public_windows/.worktrees/integration-ad04-windows-compiler/drivers/apple-agx/mesa/winsys/agx_win32_screen_test.c:93:76: error: missing field 'SubmitDraw' initializer [-Werror,-Wmissing-field-initializers]
   93 |       unused_create, map, unmap, destroy, unused_submit, wait, retire_fence};
      |                                                                            ^
1 error generated.
E.................................................................................................................E..................................E..................................................................................R141 VA=3b0000 DMA=280 UMD=480 capacity=331776 parse=0
R141 VA=650000 DMA=280 UMD=480 capacity=331776 parse=0
R141 production attachment serialization: PASS
.R148 production batch pool residency/upload/rollback: PASS
.g4_mesa_process_buffers_replay: PASS
...........g4_real_broker_builder_replay: PASS
.............g4_submit_virtual_replay: PASS
....mapped=0x11002b0000 shader_base=0x1100000000 packed=0x2b0144 result=0 ordinal=0 va=0x0
mapped=0x1100830000 shader_base=0x1100000000 packed=0x8308c4 result=0 ordinal=0 va=0x0
mapped=0x1100f20000 shader_base=0x1100000000 packed=0x0 result=0 ordinal=0 va=0x0
R149 USC window producer/parser and fail-closed bounds: PASS
R149 non-GPUVA construction coordinates unchanged: PASS
....................clang: error: argument unused during compilation: '--ld-path=/tmp/agx-ld64-wrapper' [-Werror,-Wunused-command-line-argument]
E.clang: error: argument unused during compilation: '--ld-path=/tmp/agx-ld64-wrapper' [-Werror,-Wunused-command-line-argument]
E........................................................F......................E.....................s.........................E........................................................R149 rejected=1 terminal=0 frontend_errors=1 status=80004005
R149 rejected=1 terminal=0 frontend_errors=1 status=80004005
R149 rejected=1 terminal=0 frontend_errors=1 status=80004005
R149 rejected=1 terminal=0 frontend_errors=1 status=80004005
R149 rejected=1 terminal=0 frontend_errors=1 status=80004005
R148 production batch pool residency/upload/rollback: PASS
.................F.................................................................E.....................................
======================================================================
ERROR: test_budget_is_restored_when_final_nop_fails (test_agx_capture_bootstrap.CaptureBootstrapTests.test_budget_is_restored_when_final_nop_fails)
----------------------------------------------------------------------
Traceback (most recent call last):
  File "/Volumes/pwdev/public_windows/.worktrees/integration-ad04-windows-compiler/tests/test_agx_capture_bootstrap.py", line 60, in test_budget_is_restored_when_final_nop_fails
    from m1n1.proxy import UartTimeout
  File "/Volumes/pwdev/public_windows/.worktrees/integration-ad04-windows-compiler/m1n1_windows/proxyclient/m1n1/proxy.py", line 2, in <module>
    import platform, os, sys, struct, serial, time
ModuleNotFoundError: No module named 'serial'

======================================================================
ERROR: test_capture_aligns_ta_padding_after_appended_helper_configuration (test_agx_capture_bootstrap.CaptureBootstrapTests.test_capture_aligns_ta_padding_after_appended_helper_configuration)
----------------------------------------------------------------------
Traceback (most recent call last):
  File "/Volumes/pwdev/public_windows/.worktrees/integration-ad04-windows-compiler/tests/test_agx_capture_bootstrap.py", line 173, in test_capture_aligns_ta_padding_after_appended_helper_configuration
    from m1n1.agx import render
  File "/Volumes/pwdev/public_windows/.worktrees/integration-ad04-windows-compiler/m1n1_windows/proxyclient/m1n1/agx/__init__.py", line 4, in <module>
    from .object import GPUObject, GPUAllocator
  File "/Volumes/pwdev/public_windows/.worktrees/integration-ad04-windows-compiler/m1n1_windows/proxyclient/m1n1/agx/object.py", line 5, in <module>
    from ..utils import *
  File "/Volumes/pwdev/public_windows/.worktrees/integration-ad04-windows-compiler/m1n1_windows/proxyclient/m1n1/utils.py", line 4, in <module>
    from construct import Adapter, Int64ul, Int32ul, Int16ul, Int8ul, ExprAdapter, GreedyRange, ListContainer, StopFieldError, ExplicitError, StreamError
ModuleNotFoundError: No module named 'construct'

======================================================================
ERROR: test_capture_initializes_appended_tiling_helper_configuration (test_agx_capture_bootstrap.CaptureBootstrapTests.test_capture_initializes_appended_tiling_helper_configuration)
----------------------------------------------------------------------
Traceback (most recent call last):
  File "/Volumes/pwdev/public_windows/.worktrees/integration-ad04-windows-compiler/tests/test_agx_capture_bootstrap.py", line 162, in test_capture_initializes_appended_tiling_helper_configuration
    from m1n1.agx import render
  File "/Volumes/pwdev/public_windows/.worktrees/integration-ad04-windows-compiler/m1n1_windows/proxyclient/m1n1/agx/__init__.py", line 4, in <module>
    from .object import GPUObject, GPUAllocator
  File "/Volumes/pwdev/public_windows/.worktrees/integration-ad04-windows-compiler/m1n1_windows/proxyclient/m1n1/agx/object.py", line 5, in <module>
    from ..utils import *
  File "/Volumes/pwdev/public_windows/.worktrees/integration-ad04-windows-compiler/m1n1_windows/proxyclient/m1n1/utils.py", line 4, in <module>
    from construct import Adapter, Int64ul, Int32ul, Int16ul, Int8ul, ExprAdapter, GreedyRange, ListContainer, StopFieldError, ExplicitError, StreamError
ModuleNotFoundError: No module named 'construct'

======================================================================
ERROR: test_capture_maps_historical_helper_field_without_changing_m1n1 (test_agx_capture_bootstrap.CaptureBootstrapTests.test_capture_maps_historical_helper_field_without_changing_m1n1)
----------------------------------------------------------------------
Traceback (most recent call last):
  File "/Volumes/pwdev/public_windows/.worktrees/integration-ad04-windows-compiler/tests/test_agx_capture_bootstrap.py", line 142, in test_capture_maps_historical_helper_field_without_changing_m1n1
    from tools.agx_capture_shim import install_start3d_helper_cfg_compatibility
  File "/Volumes/pwdev/public_windows/.worktrees/integration-ad04-windows-compiler/tools/agx_capture_shim.py", line 65, in <module>
    install_bootstrap_override()
    ~~~~~~~~~~~~~~~~~~~~~~~~~~^^
  File "/Volumes/pwdev/public_windows/.worktrees/integration-ad04-windows-compiler/tools/agx_capture_bootstrap.py", line 69, in install_bootstrap_override
    import m1n1.proxyutils as proxyutils
  File "/Volumes/pwdev/public_windows/.worktrees/integration-ad04-windows-compiler/m1n1_windows/proxyclient/m1n1/proxyutils.py", line 2, in <module>
    import serial, os, struct, sys, time, json, os.path, gzip, functools
ModuleNotFoundError: No module named 'serial'

======================================================================
ERROR: test_capture_persists_the_complete_pulled_attachment_page (test_agx_capture_bootstrap.CaptureBootstrapTests.test_capture_persists_the_complete_pulled_attachment_page)
----------------------------------------------------------------------
Traceback (most recent call last):
  File "/Volumes/pwdev/public_windows/.worktrees/integration-ad04-windows-compiler/tests/test_agx_capture_bootstrap.py", line 189, in test_capture_persists_the_complete_pulled_attachment_page
    from tools.agx_capture_shim import write_complete_attachment_page
  File "/Volumes/pwdev/public_windows/.worktrees/integration-ad04-windows-compiler/tools/agx_capture_shim.py", line 65, in <module>
    install_bootstrap_override()
    ~~~~~~~~~~~~~~~~~~~~~~~~~~^^
  File "/Volumes/pwdev/public_windows/.worktrees/integration-ad04-windows-compiler/tools/agx_capture_bootstrap.py", line 69, in install_bootstrap_override
    import m1n1.proxyutils as proxyutils
  File "/Volumes/pwdev/public_windows/.worktrees/integration-ad04-windows-compiler/m1n1_windows/proxyclient/m1n1/proxyutils.py", line 2, in <module>
    import serial, os, struct, sys, time, json, os.path, gzip, functools
ModuleNotFoundError: No module named 'serial'

======================================================================
ERROR: test_capture_rejects_an_incomplete_pulled_attachment_page (test_agx_capture_bootstrap.CaptureBootstrapTests.test_capture_rejects_an_incomplete_pulled_attachment_page)
----------------------------------------------------------------------
Traceback (most recent call last):
  File "/Volumes/pwdev/public_windows/.worktrees/integration-ad04-windows-compiler/tests/test_agx_capture_bootstrap.py", line 205, in test_capture_rejects_an_incomplete_pulled_attachment_page
    from tools.agx_capture_shim import write_complete_attachment_page
  File "/Volumes/pwdev/public_windows/.worktrees/integration-ad04-windows-compiler/tools/agx_capture_shim.py", line 65, in <module>
    install_bootstrap_override()
    ~~~~~~~~~~~~~~~~~~~~~~~~~~^^
  File "/Volumes/pwdev/public_windows/.worktrees/integration-ad04-windows-compiler/tools/agx_capture_bootstrap.py", line 69, in install_bootstrap_override
    import m1n1.proxyutils as proxyutils
  File "/Volumes/pwdev/public_windows/.worktrees/integration-ad04-windows-compiler/m1n1_windows/proxyclient/m1n1/proxyutils.py", line 2, in <module>
    import serial, os, struct, sys, time, json, os.path, gzip, functools
ModuleNotFoundError: No module named 'serial'

======================================================================
ERROR: test_capture_subprocesses_cannot_mutate_parent_shim_fd_map (test_agx_capture_bootstrap.CaptureBootstrapTests.test_capture_subprocesses_cannot_mutate_parent_shim_fd_map)
----------------------------------------------------------------------
Traceback (most recent call last):
  File "/Volumes/pwdev/public_windows/.worktrees/integration-ad04-windows-compiler/tests/test_agx_capture_bootstrap.py", line 132, in test_capture_subprocesses_cannot_mutate_parent_shim_fd_map
    from tools.agx_capture_shim import isolate_capture_subprocess_memory
  File "/Volumes/pwdev/public_windows/.worktrees/integration-ad04-windows-compiler/tools/agx_capture_shim.py", line 65, in <module>
    install_bootstrap_override()
    ~~~~~~~~~~~~~~~~~~~~~~~~~~^^
  File "/Volumes/pwdev/public_windows/.worktrees/integration-ad04-windows-compiler/tools/agx_capture_bootstrap.py", line 69, in install_bootstrap_override
    import m1n1.proxyutils as proxyutils
  File "/Volumes/pwdev/public_windows/.worktrees/integration-ad04-windows-compiler/m1n1_windows/proxyclient/m1n1/proxyutils.py", line 2, in <module>
    import serial, os, struct, sys, time, json, os.path, gzip, functools
ModuleNotFoundError: No module named 'serial'

======================================================================
ERROR: test_explicit_budget_covers_first_request_and_is_restored (test_agx_capture_bootstrap.CaptureBootstrapTests.test_explicit_budget_covers_first_request_and_is_restored)
----------------------------------------------------------------------
Traceback (most recent call last):
  File "/Volumes/pwdev/public_windows/.worktrees/integration-ad04-windows-compiler/tests/test_agx_capture_bootstrap.py", line 53, in test_explicit_budget_covers_first_request_and_is_restored
    bootstrap_port(interface, proxy, initial_timeout=3.0)
    ~~~~~~~~~~~~~~^^^^^^^^^^^^^^^^^^^^^^^^^^^^^^^^^^^^^^^
  File "/Volumes/pwdev/public_windows/.worktrees/integration-ad04-windows-compiler/tools/agx_capture_bootstrap.py", line 29, in bootstrap_port
    from m1n1.proxy import IODEV, ProxyCommandError, UartTimeout
  File "/Volumes/pwdev/public_windows/.worktrees/integration-ad04-windows-compiler/m1n1_windows/proxyclient/m1n1/proxy.py", line 2, in <module>
    import platform, os, sys, struct, serial, time
ModuleNotFoundError: No module named 'serial'

======================================================================
ERROR: test_manifest_validation_and_native_descriptors (test_agx_firmware_io.FirmwareIoContract.test_manifest_validation_and_native_descriptors)
----------------------------------------------------------------------
Traceback (most recent call last):
  File "/Volumes/pwdev/public_windows/.worktrees/integration-ad04-windows-compiler/tests/test_agx_firmware_io.py", line 22, in test_manifest_validation_and_native_descriptors
    expected=subprocess.check_output([str(ROOT/'proxyenv/bin/python'),'-c',script],cwd=ROOT)
  File "/Library/Frameworks/Python.framework/Versions/3.13/lib/python3.13/subprocess.py", line 472, in check_output
    return run(*popenargs, stdout=PIPE, timeout=timeout, check=True,
           ~~~^^^^^^^^^^^^^^^^^^^^^^^^^^^^^^^^^^^^^^^^^^^^^^^^^^^^^^
               **kwargs).stdout
               ^^^^^^^^^
  File "/Library/Frameworks/Python.framework/Versions/3.13/lib/python3.13/subprocess.py", line 554, in run
    with Popen(*popenargs, **kwargs) as process:
         ~~~~~^^^^^^^^^^^^^^^^^^^^^^
  File "/Library/Frameworks/Python.framework/Versions/3.13/lib/python3.13/subprocess.py", line 1039, in __init__
    self._execute_child(args, executable, preexec_fn, close_fds,
    ~~~~~~~~~~~~~~~~~~~^^^^^^^^^^^^^^^^^^^^^^^^^^^^^^^^^^^^^^^^^
                        pass_fds, cwd, env,
                        ^^^^^^^^^^^^^^^^^^^
    ...<5 lines>...
                        gid, gids, uid, umask,
                        ^^^^^^^^^^^^^^^^^^^^^^
                        start_new_session, process_group)
                        ^^^^^^^^^^^^^^^^^^^^^^^^^^^^^^^^^
  File "/Library/Frameworks/Python.framework/Versions/3.13/lib/python3.13/subprocess.py", line 1991, in _execute_child
    raise child_exception_type(errno_num, err_msg, err_filename)
FileNotFoundError: [Errno 2] No such file or directory: '/Volumes/pwdev/public_windows/.worktrees/integration-ad04-windows-compiler/proxyenv/bin/python'

======================================================================
ERROR: unittest.case.FunctionTestCase (run_native_suite)
----------------------------------------------------------------------
Traceback (most recent call last):
  File "/Volumes/pwdev/public_windows/.worktrees/integration-ad04-windows-compiler/tests/test_agx_hwdata_profile_generator.py", line 197, in run_native_suite
    subprocess.run([str(ROOT / "proxyenv/bin/python"), "-m", "unittest",
    ~~~~~~~~~~~~~~^^^^^^^^^^^^^^^^^^^^^^^^^^^^^^^^^^^^^^^^^^^^^^^^^^^^^^
                    "tests.test_agx_hwdata_profile_generator"], check=True, cwd=ROOT)
                    ^^^^^^^^^^^^^^^^^^^^^^^^^^^^^^^^^^^^^^^^^^^^^^^^^^^^^^^^^^^^^^^^^
  File "/Library/Frameworks/Python.framework/Versions/3.13/lib/python3.13/subprocess.py", line 554, in run
    with Popen(*popenargs, **kwargs) as process:
         ~~~~~^^^^^^^^^^^^^^^^^^^^^^
  File "/Library/Frameworks/Python.framework/Versions/3.13/lib/python3.13/subprocess.py", line 1039, in __init__
    self._execute_child(args, executable, preexec_fn, close_fds,
    ~~~~~~~~~~~~~~~~~~~^^^^^^^^^^^^^^^^^^^^^^^^^^^^^^^^^^^^^^^^^
                        pass_fds, cwd, env,
                        ^^^^^^^^^^^^^^^^^^^
    ...<5 lines>...
                        gid, gids, uid, umask,
                        ^^^^^^^^^^^^^^^^^^^^^^
                        start_new_session, process_group)
                        ^^^^^^^^^^^^^^^^^^^^^^^^^^^^^^^^^
  File "/Library/Frameworks/Python.framework/Versions/3.13/lib/python3.13/subprocess.py", line 1991, in _execute_child
    raise child_exception_type(errno_num, err_msg, err_filename)
FileNotFoundError: [Errno 2] No such file or directory: '/Volumes/pwdev/public_windows/.worktrees/integration-ad04-windows-compiler/proxyenv/bin/python'

======================================================================
ERROR: test_real_graph_native_defaults (test_agx_initdata_defaults.NativeInitdataDefaults.test_real_graph_native_defaults)
----------------------------------------------------------------------
Traceback (most recent call last):
  File "/Volumes/pwdev/public_windows/.worktrees/integration-ad04-windows-compiler/tests/test_agx_initdata_defaults.py", line 9, in test_real_graph_native_defaults
    subprocess.run(['clang','-std=c11','-Wall','-Wextra','-Werror','-fsanitize=address,undefined','-I'+str(SHARED/'include'),str(ROOT/'tests/agx_initdata_defaults_test.c'),*[str(SHARED/'src'/('apple_agx_'+m+'.c')) for m in modules],'-o',str(exe)],check=True)
    ~~~~~~~~~~~~~~^^^^^^^^^^^^^^^^^^^^^^^^^^^^^^^^^^^^^^^^^^^^^^^^^^^^^^^^^^^^^^^^^^^^^^^^^^^^^^^^^^^^^^^^^^^^^^^^^^^^^^^^^^^^^^^^^^^^^^^^^^^^^^^^^^^^^^^^^^^^^^^^^^^^^^^^^^^^^^^^^^^^^^^^^^^^^^^^^^^^^^^^^^^^^^^^^^^^^^^^^^^^^^^^^^^^^^^^^^^^^^^^^^^^^^^^^^^^^^^^
  File "/Library/Frameworks/Python.framework/Versions/3.13/lib/python3.13/subprocess.py", line 577, in run
    raise CalledProcessError(retcode, process.args,
                             output=stdout, stderr=stderr)
subprocess.CalledProcessError: Command '['clang', '-std=c11', '-Wall', '-Wextra', '-Werror', '-fsanitize=address,undefined', '-I/Volumes/pwdev/public_windows/.worktrees/integration-ad04-windows-compiler/drivers/apple-agx/shared/include', '/Volumes/pwdev/public_windows/.worktrees/integration-ad04-windows-compiler/tests/agx_initdata_defaults_test.c', '/Volumes/pwdev/public_windows/.worktrees/integration-ad04-windows-compiler/drivers/apple-agx/shared/src/apple_agx_initdata_memory.c', '/Volumes/pwdev/public_windows/.worktrees/integration-ad04-windows-compiler/drivers/apple-agx/shared/src/apple_agx_initdata.c', '/Volumes/pwdev/public_windows/.worktrees/integration-ad04-windows-compiler/drivers/apple-agx/shared/src/apple_agx_firmware_status.c', '/Volumes/pwdev/public_windows/.worktrees/integration-ad04-windows-compiler/drivers/apple-agx/shared/src/apple_agx_channel_info.c', '/Volumes/pwdev/public_windows/.worktrees/integration-ad04-windows-compiler/drivers/apple-agx/shared/src/apple_agx_channel_memory.c', '/Volumes/pwdev/public_windows/.worktrees/integration-ad04-windows-compiler/drivers/apple-agx/shared/src/apple_agx_regionb.c', '/Volumes/pwdev/public_windows/.worktrees/integration-ad04-windows-compiler/drivers/apple-agx/shared/src/apple_agx_regionb_memory.c', '/Volumes/pwdev/public_windows/.worktrees/integration-ad04-windows-compiler/drivers/apple-agx/shared/src/apple_agx_render_shared_memory.c', '/Volumes/pwdev/public_windows/.worktrees/integration-ad04-windows-compiler/drivers/apple-agx/shared/src/apple_agx_render_template.generated.c', '/Volumes/pwdev/public_windows/.worktrees/integration-ad04-windows-compiler/drivers/apple-agx/shared/src/apple_agx_regionc.c', '/Volumes/pwdev/public_windows/.worktrees/integration-ad04-windows-compiler/drivers/apple-agx/shared/src/apple_agx_uat_memory.c', '/Volumes/pwdev/public_windows/.worktrees/integration-ad04-windows-compiler/drivers/apple-agx/shared/src/apple_agx_uat_table.c', '/Volumes/pwdev/public_windows/.worktrees/integration-ad04-windows-compiler/drivers/apple-agx/shared/src/apple_agx_uat.c', '/Volumes/pwdev/public_windows/.worktrees/integration-ad04-windows-compiler/drivers/apple-agx/shared/src/apple_agx_memory.c', '-o', '/var/folders/s5/sgnkc7ws7cs5ctyqdwh_6qm40000gp/T/tmpr0sa_xu7/test']' returned non-zero exit status 1.

======================================================================
ERROR: test_default_type_loader_uses_bundled_proxyclient (test_agx_m1n1_queue_backend.QueueSourceBoundaryTests.test_default_type_loader_uses_bundled_proxyclient)
----------------------------------------------------------------------
Traceback (most recent call last):
  File "/Volumes/pwdev/public_windows/.worktrees/integration-ad04-windows-compiler/tests/test_agx_m1n1_queue_backend.py", line 663, in test_default_type_loader_uses_bundled_proxyclient
    result = subprocess.run(
        [
    ...<11 lines>...
        check=False,
    )
  File "/Library/Frameworks/Python.framework/Versions/3.13/lib/python3.13/subprocess.py", line 554, in run
    with Popen(*popenargs, **kwargs) as process:
         ~~~~~^^^^^^^^^^^^^^^^^^^^^^
  File "/Library/Frameworks/Python.framework/Versions/3.13/lib/python3.13/subprocess.py", line 1039, in __init__
    self._execute_child(args, executable, preexec_fn, close_fds,
    ~~~~~~~~~~~~~~~~~~~^^^^^^^^^^^^^^^^^^^^^^^^^^^^^^^^^^^^^^^^^
                        pass_fds, cwd, env,
                        ^^^^^^^^^^^^^^^^^^^
    ...<5 lines>...
                        gid, gids, uid, umask,
                        ^^^^^^^^^^^^^^^^^^^^^^
                        start_new_session, process_group)
                        ^^^^^^^^^^^^^^^^^^^^^^^^^^^^^^^^^
  File "/Library/Frameworks/Python.framework/Versions/3.13/lib/python3.13/subprocess.py", line 1991, in _execute_child
    raise child_exception_type(errno_num, err_msg, err_filename)
FileNotFoundError: [Errno 2] No such file or directory: '/Volumes/pwdev/public_windows/.worktrees/integration-ad04-windows-compiler/proxyenv/bin/python'

======================================================================
ERROR: test_default_type_loader_installs_historical_renderer_schema_compatibility (test_agx_m1n1_render_backend.RenderBackendTests.test_default_type_loader_installs_historical_renderer_schema_compatibility)
----------------------------------------------------------------------
Traceback (most recent call last):
  File "/Volumes/pwdev/public_windows/.worktrees/integration-ad04-windows-compiler/tests/test_agx_m1n1_render_backend.py", line 376, in test_default_type_loader_installs_historical_renderer_schema_compatibility
    result = subprocess.run(
        [
    ...<20 lines>...
        check=False,
    )
  File "/Library/Frameworks/Python.framework/Versions/3.13/lib/python3.13/subprocess.py", line 554, in run
    with Popen(*popenargs, **kwargs) as process:
         ~~~~~^^^^^^^^^^^^^^^^^^^^^^
  File "/Library/Frameworks/Python.framework/Versions/3.13/lib/python3.13/subprocess.py", line 1039, in __init__
    self._execute_child(args, executable, preexec_fn, close_fds,
    ~~~~~~~~~~~~~~~~~~~^^^^^^^^^^^^^^^^^^^^^^^^^^^^^^^^^^^^^^^^^
                        pass_fds, cwd, env,
                        ^^^^^^^^^^^^^^^^^^^
    ...<5 lines>...
                        gid, gids, uid, umask,
                        ^^^^^^^^^^^^^^^^^^^^^^
                        start_new_session, process_group)
                        ^^^^^^^^^^^^^^^^^^^^^^^^^^^^^^^^^
  File "/Library/Frameworks/Python.framework/Versions/3.13/lib/python3.13/subprocess.py", line 1991, in _execute_child
    raise child_exception_type(errno_num, err_msg, err_filename)
FileNotFoundError: [Errno 2] No such file or directory: '/Volumes/pwdev/public_windows/.worktrees/integration-ad04-windows-compiler/proxyenv/bin/python'

======================================================================
ERROR: test_real_source_boundary_matches_adapter_expectations (test_agx_m1n1_render_backend.RenderBackendTests.test_real_source_boundary_matches_adapter_expectations)
----------------------------------------------------------------------
Traceback (most recent call last):
  File "/Volumes/pwdev/public_windows/.worktrees/integration-ad04-windows-compiler/tests/test_agx_m1n1_render_backend.py", line 366, in test_real_source_boundary_matches_adapter_expectations
    from m1n1.agx.context import GPUContext
  File "/Volumes/pwdev/public_windows/.worktrees/integration-ad04-windows-compiler/m1n1_windows/proxyclient/m1n1/agx/__init__.py", line 4, in <module>
    from .object import GPUObject, GPUAllocator
  File "/Volumes/pwdev/public_windows/.worktrees/integration-ad04-windows-compiler/m1n1_windows/proxyclient/m1n1/agx/object.py", line 5, in <module>
    from ..utils import *
  File "/Volumes/pwdev/public_windows/.worktrees/integration-ad04-windows-compiler/m1n1_windows/proxyclient/m1n1/utils.py", line 4, in <module>
    from construct import Adapter, Int64ul, Int32ul, Int16ul, Int8ul, ExprAdapter, GreedyRange, ListContainer, StopFieldError, ExplicitError, StreamError
ModuleNotFoundError: No module named 'construct'

======================================================================
ERROR: test_pinned_agx_compiler_is_deterministic_and_source_sensitive (test_apple_agx_ad03_compiler_fixture.AppleAgxAd03CompilerFixtureTests.test_pinned_agx_compiler_is_deterministic_and_source_sensitive)
Catches replaying one captured binary for distinct NIR programs.
----------------------------------------------------------------------
Traceback (most recent call last):
  File "/Volumes/pwdev/public_windows/.worktrees/integration-ad04-windows-compiler/tests/test_apple_agx_ad03_compiler_fixture.py", line 33, in test_pinned_agx_compiler_is_deterministic_and_source_sensitive
    subprocess.run([
    ~~~~~~~~~~~~~~^^
        "python3", str(BUILDER), "--mesa-build", str(BUILD),
        ^^^^^^^^^^^^^^^^^^^^^^^^^^^^^^^^^^^^^^^^^^^^^^^^^^^^
        "--source", str(SOURCE), "--output", str(binary),
        ^^^^^^^^^^^^^^^^^^^^^^^^^^^^^^^^^^^^^^^^^^^^^^^^^
    ], cwd=ROOT, check=True)
    ^^^^^^^^^^^^^^^^^^^^^^^^
  File "/Library/Frameworks/Python.framework/Versions/3.13/lib/python3.13/subprocess.py", line 577, in run
    raise CalledProcessError(retcode, process.args,
                             output=stdout, stderr=stderr)
subprocess.CalledProcessError: Command '['python3', '/Volumes/pwdev/public_windows/.worktrees/integration-ad04-windows-compiler/tools/build_apple_agx_shader_fixture.py', '--mesa-build', '/Volumes/pwdev/public_windows/.worktrees/integration-ad04-windows-compiler/.local/accelerated-desktop-ad03/mesa-build', '--source', '/Volumes/pwdev/public_windows/.worktrees/integration-ad04-windows-compiler/drivers/apple-agx/mesa/compiler-host/agx_shader_fixture.c', '--output', '/var/folders/s5/sgnkc7ws7cs5ctyqdwh_6qm40000gp/T/tmp3a28tzkc/fixture']' returned non-zero exit status 1.

======================================================================
ERROR: test_driver_lowered_vs_fs_are_deterministic_and_source_sensitive (test_apple_agx_ad03_vs_fs_fixture.AppleAgxAd03VsFsFixtureTests.test_driver_lowered_vs_fs_are_deterministic_and_source_sensitive)
Catches bypassing Asahi UVS/epilog lowering or replaying one shader.
----------------------------------------------------------------------
Traceback (most recent call last):
  File "/Volumes/pwdev/public_windows/.worktrees/integration-ad04-windows-compiler/tests/test_apple_agx_ad03_vs_fs_fixture.py", line 26, in test_driver_lowered_vs_fs_are_deterministic_and_source_sensitive
    subprocess.run([
    ~~~~~~~~~~~~~~^^
        "python3", str(BUILDER), "--mesa-build", str(BUILD),
        ^^^^^^^^^^^^^^^^^^^^^^^^^^^^^^^^^^^^^^^^^^^^^^^^^^^^
        "--source", str(SOURCE), "--output", str(binary),
        ^^^^^^^^^^^^^^^^^^^^^^^^^^^^^^^^^^^^^^^^^^^^^^^^^
    ], cwd=ROOT, env=env, check=True)
    ^^^^^^^^^^^^^^^^^^^^^^^^^^^^^^^^^
  File "/Library/Frameworks/Python.framework/Versions/3.13/lib/python3.13/subprocess.py", line 577, in run
    raise CalledProcessError(retcode, process.args,
                             output=stdout, stderr=stderr)
subprocess.CalledProcessError: Command '['python3', '/Volumes/pwdev/public_windows/.worktrees/integration-ad04-windows-compiler/tools/build_apple_agx_vs_fs_fixture.py', '--mesa-build', '/Volumes/pwdev/public_windows/.worktrees/integration-ad04-windows-compiler/.local/accelerated-desktop-ad03/mesa-build', '--source', '/Volumes/pwdev/public_windows/.worktrees/integration-ad04-windows-compiler/drivers/apple-agx/mesa/compiler-host/agx_vs_fs_fixture.c', '--output', '/var/folders/s5/sgnkc7ws7cs5ctyqdwh_6qm40000gp/T/tmpa8hzzxrz/fixture']' returned non-zero exit status 1.

======================================================================
ERROR: test_generated_triangle_composes_through_production_overlay_contract (test_apple_agx_ad03_vs_fs_fixture.AppleAgxAd03VsFsFixtureTests.test_generated_triangle_composes_through_production_overlay_contract)
Catches a fixture that cannot survive the real ABI/DMA/overlay path.
----------------------------------------------------------------------
Traceback (most recent call last):
  File "/Volumes/pwdev/public_windows/.worktrees/integration-ad04-windows-compiler/tests/test_apple_agx_ad03_vs_fs_fixture.py", line 148, in test_generated_triangle_composes_through_production_overlay_contract
    subprocess.run([
    ~~~~~~~~~~~~~~^^
        "python3", str(BUILDER), "--mesa-build", str(BUILD),
        ^^^^^^^^^^^^^^^^^^^^^^^^^^^^^^^^^^^^^^^^^^^^^^^^^^^^
        "--source", str(SOURCE), "--output", str(binary),
        ^^^^^^^^^^^^^^^^^^^^^^^^^^^^^^^^^^^^^^^^^^^^^^^^^
    ], cwd=ROOT, env=env, check=True)
    ^^^^^^^^^^^^^^^^^^^^^^^^^^^^^^^^^
  File "/Library/Frameworks/Python.framework/Versions/3.13/lib/python3.13/subprocess.py", line 577, in run
    raise CalledProcessError(retcode, process.args,
                             output=stdout, stderr=stderr)
subprocess.CalledProcessError: Command '['python3', '/Volumes/pwdev/public_windows/.worktrees/integration-ad04-windows-compiler/tools/build_apple_agx_vs_fs_fixture.py', '--mesa-build', '/Volumes/pwdev/public_windows/.worktrees/integration-ad04-windows-compiler/.local/accelerated-desktop-ad03/mesa-build', '--source', '/Volumes/pwdev/public_windows/.worktrees/integration-ad04-windows-compiler/drivers/apple-agx/mesa/compiler-host/agx_vs_fs_fixture.c', '--output', '/var/folders/s5/sgnkc7ws7cs5ctyqdwh_6qm40000gp/T/tmp94rtmwww/fixture']' returned non-zero exit status 1.

======================================================================
ERROR: test_derived_source_is_reproducible_and_cannot_overwrite_control (test_apple_agx_d3d10_frontend_prepare.FrontendPrepareTests.test_derived_source_is_reproducible_and_cannot_overwrite_control)
----------------------------------------------------------------------
Traceback (most recent call last):
  File "/Volumes/pwdev/public_windows/.worktrees/integration-ad04-windows-compiler/tests/test_apple_agx_d3d10_frontend_prepare.py", line 29, in test_derived_source_is_reproducible_and_cannot_overwrite_control
    a = tool.prepare(SOURCE, first)
  File "/Volumes/pwdev/public_windows/.worktrees/integration-ad04-windows-compiler/tools/prepare_apple_agx_d3d10_frontend.py", line 82, in prepare
    revision = subprocess.check_output(["git", "-C", str(source), "rev-parse", "HEAD"], text=True).strip()
               ~~~~~~~~~~~~~~~~~~~~~~~^^^^^^^^^^^^^^^^^^^^^^^^^^^^^^^^^^^^^^^^^^^^^^^^^^^^^^^^^^^^
  File "/Library/Frameworks/Python.framework/Versions/3.13/lib/python3.13/subprocess.py", line 472, in check_output
    return run(*popenargs, stdout=PIPE, timeout=timeout, check=True,
           ~~~^^^^^^^^^^^^^^^^^^^^^^^^^^^^^^^^^^^^^^^^^^^^^^^^^^^^^^
               **kwargs).stdout
               ^^^^^^^^^
  File "/Library/Frameworks/Python.framework/Versions/3.13/lib/python3.13/subprocess.py", line 577, in run
    raise CalledProcessError(retcode, process.args,
                             output=stdout, stderr=stderr)
subprocess.CalledProcessError: Command '['git', '-C', '/Volumes/pwdev/public_windows/.worktrees/integration-ad04-windows-compiler/.local/reference/mesa', 'rev-parse', 'HEAD']' returned non-zero exit status 128.

======================================================================
ERROR: test_dynamic_job_is_carried_inside_the_exact_dma_submission (test_apple_agx_dynamic_dma.AppleAgxDynamicDmaTests.test_dynamic_job_is_carried_inside_the_exact_dma_submission)
Catches pointer carry, truncation or mutation between Render and worker.
----------------------------------------------------------------------
Traceback (most recent call last):
  File "/Volumes/pwdev/public_windows/.worktrees/integration-ad04-windows-compiler/tests/test_apple_agx_dynamic_dma.py", line 18, in test_dynamic_job_is_carried_inside_the_exact_dma_submission
    subprocess.run([
    ~~~~~~~~~~~~~~^^
        os.environ.get("CC", "clang"), "-std=c11", "-Wall",
        ^^^^^^^^^^^^^^^^^^^^^^^^^^^^^^^^^^^^^^^^^^^^^^^^^^^
    ...<5 lines>...
        "-o", str(binary),
        ^^^^^^^^^^^^^^^^^^
    ], cwd=ROOT, check=True)
    ^^^^^^^^^^^^^^^^^^^^^^^^
  File "/Library/Frameworks/Python.framework/Versions/3.13/lib/python3.13/subprocess.py", line 577, in run
    raise CalledProcessError(retcode, process.args,
                             output=stdout, stderr=stderr)
subprocess.CalledProcessError: Command '['/tmp/agx-clang-wrapper', '-std=c11', '-Wall', '-Wextra', '-Werror', '-fsanitize=address,undefined', '-I', '/Volumes/pwdev/public_windows/.worktrees/integration-ad04-windows-compiler/drivers/apple-agx/render-admission/include', '-I', '/Volumes/pwdev/public_windows/.worktrees/integration-ad04-windows-compiler/drivers/apple-agx/shared/include', '/Volumes/pwdev/public_windows/.worktrees/integration-ad04-windows-compiler/drivers/apple-agx/render-admission/tests/render_dynamic_dma_test.c', '/Volumes/pwdev/public_windows/.worktrees/integration-ad04-windows-compiler/drivers/apple-agx/render-admission/src/render_dynamic_dma.c', '-o', '/var/folders/s5/sgnkc7ws7cs5ctyqdwh_6qm40000gp/T/tmpza_hqlwg/render_dynamic_dma_test']' returned non-zero exit status 1.

======================================================================
ERROR: test_copy_once_relocation_and_rollback (test_apple_agx_dynamic_job.AppleAgxDynamicJobTests.test_copy_once_relocation_and_rollback)
Catches patching mutable UMD object bytes or retaining partial state.
----------------------------------------------------------------------
Traceback (most recent call last):
  File "/Volumes/pwdev/public_windows/.worktrees/integration-ad04-windows-compiler/tests/test_apple_agx_dynamic_job.py", line 27, in test_copy_once_relocation_and_rollback
    subprocess.run([str(binary)], cwd=ROOT, check=True)
    ~~~~~~~~~~~~~~^^^^^^^^^^^^^^^^^^^^^^^^^^^^^^^^^^^^^
  File "/Library/Frameworks/Python.framework/Versions/3.13/lib/python3.13/subprocess.py", line 577, in run
    raise CalledProcessError(retcode, process.args,
                             output=stdout, stderr=stderr)
subprocess.CalledProcessError: Command '['/var/folders/s5/sgnkc7ws7cs5ctyqdwh_6qm40000gp/T/tmpqf1szbav/apple_agx_dynamic_job_test']' died with <Signals.SIGABRT: 6>.

======================================================================
ERROR: test_windows_renderkm_fails_before_dma_shadow_mutation (test_apple_agx_gdi.AppleAgxGdiContractTests.test_windows_renderkm_fails_before_dma_shadow_mutation)
----------------------------------------------------------------------
Traceback (most recent call last):
  File "/Volumes/pwdev/public_windows/.worktrees/integration-ad04-windows-compiler/tests/test_apple_agx_gdi.py", line 31, in test_windows_renderkm_fails_before_dma_shadow_mutation
    gdi = (windows / "gdi_windows.c").read_text()
  File "/Library/Frameworks/Python.framework/Versions/3.13/lib/python3.13/pathlib/_local.py", line 546, in read_text
    return PathBase.read_text(self, encoding, errors, newline)
           ~~~~~~~~~~~~~~~~~~^^^^^^^^^^^^^^^^^^^^^^^^^^^^^^^^^
  File "/Library/Frameworks/Python.framework/Versions/3.13/lib/python3.13/pathlib/_abc.py", line 632, in read_text
    with self.open(mode='r', encoding=encoding, errors=errors, newline=newline) as f:
         ~~~~~~~~~^^^^^^^^^^^^^^^^^^^^^^^^^^^^^^^^^^^^^^^^^^^^^^^^^^^^^^^^^^^^^
  File "/Library/Frameworks/Python.framework/Versions/3.13/lib/python3.13/pathlib/_local.py", line 537, in open
    return io.open(self, mode, buffering, encoding, errors, newline)
           ~~~~~~~^^^^^^^^^^^^^^^^^^^^^^^^^^^^^^^^^^^^^^^^^^^^^^^^^^
FileNotFoundError: [Errno 2] No such file or directory: '/Volumes/pwdev/public_windows/.worktrees/integration-ad04-windows-compiler/drivers/apple-agx/windows/src/gdi_windows.c'

======================================================================
ERROR: test_clear_builder_emits_exact_immutable_command (test_apple_agx_mesa_win32_transport.AppleAgxMesaWin32TransportTests.test_clear_builder_emits_exact_immutable_command)
Catches pointerful, stale, undersized or malformed Mesa commands.
----------------------------------------------------------------------
Traceback (most recent call last):
  File "/Volumes/pwdev/public_windows/.worktrees/integration-ad04-windows-compiler/tests/test_apple_agx_mesa_win32_transport.py", line 39, in test_clear_builder_emits_exact_immutable_command
    subprocess.run([str(binary)], check=True, cwd=ROOT)
    ~~~~~~~~~~~~~~^^^^^^^^^^^^^^^^^^^^^^^^^^^^^^^^^^^^^
  File "/Library/Frameworks/Python.framework/Versions/3.13/lib/python3.13/subprocess.py", line 577, in run
    raise CalledProcessError(retcode, process.args,
                             output=stdout, stderr=stderr)
subprocess.CalledProcessError: Command '['/var/folders/s5/sgnkc7ws7cs5ctyqdwh_6qm40000gp/T/tmpd_13hiys/agx_win32_transport_test']' died with <Signals.SIGABRT: 6>.

======================================================================
ERROR: test_release_cannot_erase_completed_oracle (test_apple_agx_output_expectation_lifetime.OutputExpectationLifetimeTests.test_release_cannot_erase_completed_oracle)
----------------------------------------------------------------------
Traceback (most recent call last):
  File "/Volumes/pwdev/public_windows/.worktrees/integration-ad04-windows-compiler/tests/test_apple_agx_output_expectation_lifetime.py", line 20, in test_release_cannot_erase_completed_oracle
    r"output.ExpectedColor = .*?;", source, re.S).group(0)
                                                  ^^^^^
AttributeError: 'NoneType' object has no attribute 'group'

======================================================================
ERROR: test_real_c_route (test_apple_agx_post_display_route.PostDisplayRouteTests.test_real_c_route)
----------------------------------------------------------------------
Traceback (most recent call last):
  File "/Volumes/pwdev/public_windows/.worktrees/integration-ad04-windows-compiler/tests/test_apple_agx_post_display_route.py", line 28, in test_real_c_route
    subprocess.run([
    ~~~~~~~~~~~~~~^^
        os.environ.get("CC", "clang"), "-std=c11", "-Wall", "-Wextra",
        ^^^^^^^^^^^^^^^^^^^^^^^^^^^^^^^^^^^^^^^^^^^^^^^^^^^^^^^^^^^^^^
    ...<3 lines>...
        "-o", str(bitcode),
        ^^^^^^^^^^^^^^^^^^^
    ], check=True)
    ^^^^^^^^^^^^^^
  File "/Library/Frameworks/Python.framework/Versions/3.13/lib/python3.13/subprocess.py", line 577, in run
    raise CalledProcessError(retcode, process.args,
                             output=stdout, stderr=stderr)
subprocess.CalledProcessError: Command '['/tmp/agx-clang-wrapper', '-std=c11', '-Wall', '-Wextra', '-Werror', '-emit-llvm', '-c', '-I', '/Volumes/pwdev/public_windows/.worktrees/integration-ad04-windows-compiler/drivers/apple-agx/shared/include', '/Volumes/pwdev/public_windows/.worktrees/integration-ad04-windows-compiler/tests/apple_agx_post_display_route_test.c', '-o', '/var/folders/s5/sgnkc7ws7cs5ctyqdwh_6qm40000gp/T/post-display-route-pln_dujp/route.bc']' returned non-zero exit status 1.

======================================================================
ERROR: test_runtime_handle_resolution_and_rollback (test_apple_agx_render_open_allocation.OpenAllocationTests.test_runtime_handle_resolution_and_rollback)
----------------------------------------------------------------------
Traceback (most recent call last):
  File "/Volumes/pwdev/public_windows/.worktrees/integration-ad04-windows-compiler/tests/test_apple_agx_render_open_allocation.py", line 154, in test_runtime_handle_resolution_and_rollback
    subprocess.run([os.environ.get('CC', 'clang'), '-std=c11', '-Wall',
    ~~~~~~~~~~~~~~^^^^^^^^^^^^^^^^^^^^^^^^^^^^^^^^^^^^^^^^^^^^^^^^^^^^^
                    '-Wextra', '-Werror', '-Wno-int-to-pointer-cast',
                    ^^^^^^^^^^^^^^^^^^^^^^^^^^^^^^^^^^^^^^^^^^^^^^^^^
                    '-fsanitize=address,undefined', '-I', str(RENDER / 'include'),
                    ^^^^^^^^^^^^^^^^^^^^^^^^^^^^^^^^^^^^^^^^^^^^^^^^^^^^^^^^^^^^^^
                    str(program), str(RENDER / 'src/render_allocation.c'),
                    ^^^^^^^^^^^^^^^^^^^^^^^^^^^^^^^^^^^^^^^^^^^^^^^^^^^^^^
                    '-o', str(binary)], check=True)
                    ^^^^^^^^^^^^^^^^^^^^^^^^^^^^^^^
  File "/Library/Frameworks/Python.framework/Versions/3.13/lib/python3.13/subprocess.py", line 577, in run
    raise CalledProcessError(retcode, process.args,
                             output=stdout, stderr=stderr)
subprocess.CalledProcessError: Command '['/tmp/agx-clang-wrapper', '-std=c11', '-Wall', '-Wextra', '-Werror', '-Wno-int-to-pointer-cast', '-fsanitize=address,undefined', '-I', '/Volumes/pwdev/public_windows/.worktrees/integration-ad04-windows-compiler/drivers/apple-agx/render-admission/include', '/var/folders/s5/sgnkc7ws7cs5ctyqdwh_6qm40000gp/T/tmprmvdswd0/open.c', '/Volumes/pwdev/public_windows/.worktrees/integration-ad04-windows-compiler/drivers/apple-agx/render-admission/src/render_allocation.c', '-o', '/var/folders/s5/sgnkc7ws7cs5ctyqdwh_6qm40000gp/T/tmprmvdswd0/open']' returned non-zero exit status 1.

======================================================================
ERROR: test_single_allocation_resource_uses_existing_object_owner (test_apple_agx_render_standard_allocation.StandardAllocationTests.test_single_allocation_resource_uses_existing_object_owner)
----------------------------------------------------------------------
Traceback (most recent call last):
  File "/Volumes/pwdev/public_windows/.worktrees/integration-ad04-windows-compiler/tests/test_apple_agx_render_standard_allocation.py", line 107, in test_single_allocation_resource_uses_existing_object_owner
    subprocess.run([os.environ.get('CC', 'clang'), '-std=c11', '-Wall',
    ~~~~~~~~~~~~~~^^^^^^^^^^^^^^^^^^^^^^^^^^^^^^^^^^^^^^^^^^^^^^^^^^^^^
                    '-Wextra', '-Werror', '-fsanitize=address,undefined',
                    ^^^^^^^^^^^^^^^^^^^^^^^^^^^^^^^^^^^^^^^^^^^^^^^^^^^^^
                    '-I', str(RENDER / 'include'), str(program),
                    ^^^^^^^^^^^^^^^^^^^^^^^^^^^^^^^^^^^^^^^^^^^^
                    str(RENDER / 'src/render_allocation.c'), '-o', str(binary)],
                    ^^^^^^^^^^^^^^^^^^^^^^^^^^^^^^^^^^^^^^^^^^^^^^^^^^^^^^^^^^^^
                   check=True)
                   ^^^^^^^^^^^
  File "/Library/Frameworks/Python.framework/Versions/3.13/lib/python3.13/subprocess.py", line 577, in run
    raise CalledProcessError(retcode, process.args,
                             output=stdout, stderr=stderr)
subprocess.CalledProcessError: Command '['/tmp/agx-clang-wrapper', '-std=c11', '-Wall', '-Wextra', '-Werror', '-fsanitize=address,undefined', '-I', '/Volumes/pwdev/public_windows/.worktrees/integration-ad04-windows-compiler/drivers/apple-agx/render-admission/include', '/var/folders/s5/sgnkc7ws7cs5ctyqdwh_6qm40000gp/T/tmpwbb65t0f/owner.c', '/Volumes/pwdev/public_windows/.worktrees/integration-ad04-windows-compiler/drivers/apple-agx/render-admission/src/render_allocation.c', '-o', '/var/folders/s5/sgnkc7ws7cs5ctyqdwh_6qm40000gp/T/tmpwbb65t0f/owner']' returned non-zero exit status 1.

======================================================================
ERROR: test_size_phase_and_primary_shadow_translation (test_apple_agx_render_standard_allocation.StandardAllocationTests.test_size_phase_and_primary_shadow_translation)
----------------------------------------------------------------------
Traceback (most recent call last):
  File "/Volumes/pwdev/public_windows/.worktrees/integration-ad04-windows-compiler/tests/test_apple_agx_render_standard_allocation.py", line 240, in test_size_phase_and_primary_shadow_translation
    subprocess.run([os.environ.get('CC', 'clang'), '-std=c11', '-Wall',
    ~~~~~~~~~~~~~~^^^^^^^^^^^^^^^^^^^^^^^^^^^^^^^^^^^^^^^^^^^^^^^^^^^^^
                    '-Wextra', '-Werror', '-fsanitize=address,undefined',
                    ^^^^^^^^^^^^^^^^^^^^^^^^^^^^^^^^^^^^^^^^^^^^^^^^^^^^^
                    '-I', str(RENDER / 'include'), str(program),
                    ^^^^^^^^^^^^^^^^^^^^^^^^^^^^^^^^^^^^^^^^^^^^
                    str(RENDER / 'src/render_allocation.c'), '-o', str(binary)],
                    ^^^^^^^^^^^^^^^^^^^^^^^^^^^^^^^^^^^^^^^^^^^^^^^^^^^^^^^^^^^^
                   check=True)
                   ^^^^^^^^^^^
  File "/Library/Frameworks/Python.framework/Versions/3.13/lib/python3.13/subprocess.py", line 577, in run
    raise CalledProcessError(retcode, process.args,
                             output=stdout, stderr=stderr)
subprocess.CalledProcessError: Command '['/tmp/agx-clang-wrapper', '-std=c11', '-Wall', '-Wextra', '-Werror', '-fsanitize=address,undefined', '-I', '/Volumes/pwdev/public_windows/.worktrees/integration-ad04-windows-compiler/drivers/apple-agx/render-admission/include', '/var/folders/s5/sgnkc7ws7cs5ctyqdwh_6qm40000gp/T/tmp7miwvcnb/standard.c', '/Volumes/pwdev/public_windows/.worktrees/integration-ad04-windows-compiler/drivers/apple-agx/render-admission/src/render_allocation.c', '-o', '/var/folders/s5/sgnkc7ws7cs5ctyqdwh_6qm40000gp/T/tmp7miwvcnb/standard']' returned non-zero exit status 1.

======================================================================
ERROR: test_active_render_consecutive_copies_and_reentrant_completion (test_apple_agx_render_work_queue.WorkQueueTests.test_active_render_consecutive_copies_and_reentrant_completion)
----------------------------------------------------------------------
Traceback (most recent call last):
  File "/Volumes/pwdev/public_windows/.worktrees/integration-ad04-windows-compiler/tests/test_apple_agx_render_work_queue.py", line 211, in test_active_render_consecutive_copies_and_reentrant_completion
    subprocess.run([os.environ.get('CC','clang'),'-std=c11','-Wall','-Wextra','-Werror',
    ~~~~~~~~~~~~~~^^^^^^^^^^^^^^^^^^^^^^^^^^^^^^^^^^^^^^^^^^^^^^^^^^^^^^^^^^^^^^^^^^^^^^
                    '-fsanitize=address,undefined','-I',str(RENDER/'include'),'-I',str(SHARED/'include'),
                    ^^^^^^^^^^^^^^^^^^^^^^^^^^^^^^^^^^^^^^^^^^^^^^^^^^^^^^^^^^^^^^^^^^^^^^^^^^^^^^^^^^^^^
                    str(program),str(SHARED/'src/apple_agx_scheduler.c'),
                    ^^^^^^^^^^^^^^^^^^^^^^^^^^^^^^^^^^^^^^^^^^^^^^^^^^^^^
                    str(RENDER/'src/render_submission.c'),'-o',str(binary)],check=True)
                    ^^^^^^^^^^^^^^^^^^^^^^^^^^^^^^^^^^^^^^^^^^^^^^^^^^^^^^^^^^^^^^^^^^^
  File "/Library/Frameworks/Python.framework/Versions/3.13/lib/python3.13/subprocess.py", line 577, in run
    raise CalledProcessError(retcode, process.args,
                             output=stdout, stderr=stderr)
subprocess.CalledProcessError: Command '['/tmp/agx-clang-wrapper', '-std=c11', '-Wall', '-Wextra', '-Werror', '-fsanitize=address,undefined', '-I', '/Volumes/pwdev/public_windows/.worktrees/integration-ad04-windows-compiler/drivers/apple-agx/render-admission/include', '-I', '/Volumes/pwdev/public_windows/.worktrees/integration-ad04-windows-compiler/drivers/apple-agx/shared/include', '/var/folders/s5/sgnkc7ws7cs5ctyqdwh_6qm40000gp/T/tmpohvenais/queue.c', '/Volumes/pwdev/public_windows/.worktrees/integration-ad04-windows-compiler/drivers/apple-agx/shared/src/apple_agx_scheduler.c', '/Volumes/pwdev/public_windows/.worktrees/integration-ad04-windows-compiler/drivers/apple-agx/render-admission/src/render_submission.c', '-o', '/var/folders/s5/sgnkc7ws7cs5ctyqdwh_6qm40000gp/T/tmpohvenais/queue']' returned non-zero exit status 1.

======================================================================
ERROR: test_descriptor_preserves_format_and_rejects_rgba_primary (test_apple_agx_standard_rgba_backbuffer.RgbaBackbufferTests.test_descriptor_preserves_format_and_rejects_rgba_primary)
----------------------------------------------------------------------
Traceback (most recent call last):
  File "/Volumes/pwdev/public_windows/.worktrees/integration-ad04-windows-compiler/tests/test_apple_agx_standard_rgba_backbuffer.py", line 64, in test_descriptor_preserves_format_and_rejects_rgba_primary
    subprocess.run([os.environ.get('CC', 'clang'), '-std=c11', '-Wall', '-Werror',
    ~~~~~~~~~~~~~~^^^^^^^^^^^^^^^^^^^^^^^^^^^^^^^^^^^^^^^^^^^^^^^^^^^^^^^^^^^^^^^^
                    '-I', str(RENDER / 'include'), '-I', str(RENDER / 'umd/include'),
                    ^^^^^^^^^^^^^^^^^^^^^^^^^^^^^^^^^^^^^^^^^^^^^^^^^^^^^^^^^^^^^^^^^
                    str(p / 'rgba.c'), str(RENDER / 'src/render_allocation.c'),
                    ^^^^^^^^^^^^^^^^^^^^^^^^^^^^^^^^^^^^^^^^^^^^^^^^^^^^^^^^^^^
                    str(RENDER / 'umd/src/direct_flip_contract.c'), '-o', str(p / 'rgba')], check=True)
                    ^^^^^^^^^^^^^^^^^^^^^^^^^^^^^^^^^^^^^^^^^^^^^^^^^^^^^^^^^^^^^^^^^^^^^^^^^^^^^^^^^^^
  File "/Library/Frameworks/Python.framework/Versions/3.13/lib/python3.13/subprocess.py", line 577, in run
    raise CalledProcessError(retcode, process.args,
                             output=stdout, stderr=stderr)
subprocess.CalledProcessError: Command '['/tmp/agx-clang-wrapper', '-std=c11', '-Wall', '-Werror', '-I', '/Volumes/pwdev/public_windows/.worktrees/integration-ad04-windows-compiler/drivers/apple-agx/render-admission/include', '-I', '/Volumes/pwdev/public_windows/.worktrees/integration-ad04-windows-compiler/drivers/apple-agx/render-admission/umd/include', '/var/folders/s5/sgnkc7ws7cs5ctyqdwh_6qm40000gp/T/tmpkrt6ioah/rgba.c', '/Volumes/pwdev/public_windows/.worktrees/integration-ad04-windows-compiler/drivers/apple-agx/render-admission/src/render_allocation.c', '/Volumes/pwdev/public_windows/.worktrees/integration-ad04-windows-compiler/drivers/apple-agx/render-admission/umd/src/direct_flip_contract.c', '-o', '/var/folders/s5/sgnkc7ws7cs5ctyqdwh_6qm40000gp/T/tmpkrt6ioah/rgba']' returned non-zero exit status 1.

======================================================================
ERROR: test_submission_coordinator_contract (test_apple_agx_submission_coordinator.AppleAgxSubmissionCoordinatorTest.test_submission_coordinator_contract)
----------------------------------------------------------------------
Traceback (most recent call last):
  File "/Volumes/pwdev/public_windows/.worktrees/integration-ad04-windows-compiler/tests/test_apple_agx_submission_coordinator.py", line 31, in test_submission_coordinator_contract
    subprocess.run(
    ~~~~~~~~~~~~~~^
        [
        ^
    ...<15 lines>...
        check=True,
        ^^^^^^^^^^^
    )
    ^
  File "/Library/Frameworks/Python.framework/Versions/3.13/lib/python3.13/subprocess.py", line 577, in run
    raise CalledProcessError(retcode, process.args,
                             output=stdout, stderr=stderr)
subprocess.CalledProcessError: Command '['clang', '-std=c11', '-Wall', '-Wextra', '-Werror', '-pedantic', '-fsanitize=address,undefined', '-fno-omit-frame-pointer', '-Idrivers/apple-agx/shared/include', 'drivers/apple-agx/shared/src/apple_agx_submission_coordinator.c', 'drivers/apple-agx/shared/src/apple_agx_exp208_dynamic.c', 'drivers/apple-agx/shared/src/apple_agx_render_provider.c', 'drivers/apple-agx/shared/src/apple_agx_render_shared_memory.c', 'drivers/apple-agx/shared/src/apple_agx_relocation.c', 'drivers/apple-agx/shared/src/apple_agx_render_template.generated.c', 'drivers/apple-agx/shared/src/apple_agx_exp208_adapter.c', 'drivers/apple-agx/shared/src/apple_agx_g13_queue_provider.c', 'drivers/apple-agx/shared/src/apple_agx_g13_queue_runtime.c', 'drivers/apple-agx/shared/src/apple_agx_g13_codec.c', 'drivers/apple-agx/shared/src/apple_agx_gdi.c', 'drivers/apple-agx/shared/src/apple_agx_memory.c', 'drivers/apple-agx/shared/src/apple_agx_uat.c', 'drivers/apple-agx/shared/src/apple_agx_uat_publication.c', 'drivers/apple-agx/shared/src/apple_agx_gfx_handoff.c', 'drivers/apple-agx/shared/tests/apple_agx_submission_coordinator_test.c', '-o', '/var/folders/s5/sgnkc7ws7cs5ctyqdwh_6qm40000gp/T/tmpi4b2q76x/apple_agx_submission_coordinator_test']' returned non-zero exit status 1.

======================================================================
ERROR: test_device_query_classed_buffers_and_reset_are_fail_closed (test_apple_agx_win32_screen.AppleAgxWin32ScreenTests.test_device_query_classed_buffers_and_reset_are_fail_closed)
Catches reusing DRM VA/fence ownership or stale Windows BO state.
----------------------------------------------------------------------
Traceback (most recent call last):
  File "/Volumes/pwdev/public_windows/.worktrees/integration-ad04-windows-compiler/tests/test_apple_agx_win32_screen.py", line 18, in test_device_query_classed_buffers_and_reset_are_fail_closed
    subprocess.run([
    ~~~~~~~~~~~~~~^^
        os.environ.get("CC", "clang"), "-std=c11", "-Wall",
        ^^^^^^^^^^^^^^^^^^^^^^^^^^^^^^^^^^^^^^^^^^^^^^^^^^^
    ...<6 lines>...
        "-o", str(binary),
        ^^^^^^^^^^^^^^^^^^
    ], check=True, cwd=ROOT)
    ^^^^^^^^^^^^^^^^^^^^^^^^
  File "/Library/Frameworks/Python.framework/Versions/3.13/lib/python3.13/subprocess.py", line 577, in run
    raise CalledProcessError(retcode, process.args,
                             output=stdout, stderr=stderr)
subprocess.CalledProcessError: Command '['/tmp/agx-clang-wrapper', '-std=c11', '-Wall', '-Wextra', '-Werror', '-fsanitize=address,undefined', '-I', '/Volumes/pwdev/public_windows/.worktrees/integration-ad04-windows-compiler/drivers/apple-agx/mesa/winsys', '-I', '/Volumes/pwdev/public_windows/.worktrees/integration-ad04-windows-compiler/drivers/apple-agx/shared/include', '/Volumes/pwdev/public_windows/.worktrees/integration-ad04-windows-compiler/drivers/apple-agx/mesa/winsys/agx_win32_screen_test.c', '/Volumes/pwdev/public_windows/.worktrees/integration-ad04-windows-compiler/drivers/apple-agx/mesa/winsys/agx_win32_screen.c', '/Volumes/pwdev/public_windows/.worktrees/integration-ad04-windows-compiler/drivers/apple-agx/mesa/winsys/agx_win32_transport.c', '/Volumes/pwdev/public_windows/.worktrees/integration-ad04-windows-compiler/drivers/apple-agx/shared/src/apple_agx_win32_abi.c', '-o', '/var/folders/s5/sgnkc7ws7cs5ctyqdwh_6qm40000gp/T/tmpgu3xvhj4/agx_win32_screen_test']' returned non-zero exit status 1.

======================================================================
ERROR: test_bootargs_layout (unittest.loader._FailedTest.test_bootargs_layout)
----------------------------------------------------------------------
ImportError: Failed to import test module: test_bootargs_layout
Traceback (most recent call last):
  File "/Library/Frameworks/Python.framework/Versions/3.13/lib/python3.13/unittest/loader.py", line 396, in _find_test_path
    module = self._get_module_from_name(name)
  File "/Library/Frameworks/Python.framework/Versions/3.13/lib/python3.13/unittest/loader.py", line 339, in _get_module_from_name
    __import__(name)
    ~~~~~~~~~~^^^^^^
  File "/Volumes/pwdev/public_windows/.worktrees/integration-ad04-windows-compiler/tests/test_bootargs_layout.py", line 10, in <module>
    from m1n1.tgtypes import BootArgs_r1, BootArgs_r2, BootArgs_r3
  File "/Volumes/pwdev/public_windows/.worktrees/integration-ad04-windows-compiler/m1n1_windows/proxyclient/m1n1/tgtypes.py", line 2, in <module>
    from construct import *
ModuleNotFoundError: No module named 'construct'


======================================================================
ERROR: test_display_mode_contract (unittest.loader._FailedTest.test_display_mode_contract)
----------------------------------------------------------------------
ImportError: Failed to import test module: test_display_mode_contract
Traceback (most recent call last):
  File "/Library/Frameworks/Python.framework/Versions/3.13/lib/python3.13/unittest/loader.py", line 396, in _find_test_path
    module = self._get_module_from_name(name)
  File "/Library/Frameworks/Python.framework/Versions/3.13/lib/python3.13/unittest/loader.py", line 339, in _get_module_from_name
    __import__(name)
    ~~~~~~~~~~^^^^^^
  File "/Volumes/pwdev/public_windows/.worktrees/integration-ad04-windows-compiler/tests/test_display_mode_contract.py", line 10, in <module>
    from m1n1.proxy import M1N1Proxy
  File "/Volumes/pwdev/public_windows/.worktrees/integration-ad04-windows-compiler/m1n1_windows/proxyclient/m1n1/proxy.py", line 2, in <module>
    import platform, os, sys, struct, serial, time
ModuleNotFoundError: No module named 'serial'


======================================================================
ERROR: test_portable_cpu_view_validator (test_gpuva_g3_cpu_visible_segment.G3CpuVisibleSegmentTests.test_portable_cpu_view_validator)
----------------------------------------------------------------------
Traceback (most recent call last):
  File "/Volumes/pwdev/public_windows/.worktrees/integration-ad04-windows-compiler/tests/test_gpuva_g3_cpu_visible_segment.py", line 30, in test_portable_cpu_view_validator
    subprocess.run([
    ~~~~~~~~~~~~~~^^
        os.environ.get("CC", "clang"), "-std=c11", "-Wall",
        ^^^^^^^^^^^^^^^^^^^^^^^^^^^^^^^^^^^^^^^^^^^^^^^^^^^
    ...<2 lines>...
        "-emit-llvm", "-c", str(source), "-o", str(output),
        ^^^^^^^^^^^^^^^^^^^^^^^^^^^^^^^^^^^^^^^^^^^^^^^^^^^
    ], check=True, cwd=ROOT)
    ^^^^^^^^^^^^^^^^^^^^^^^^
  File "/Library/Frameworks/Python.framework/Versions/3.13/lib/python3.13/subprocess.py", line 577, in run
    raise CalledProcessError(retcode, process.args,
                             output=stdout, stderr=stderr)
subprocess.CalledProcessError: Command '['/tmp/agx-clang-wrapper', '-std=c11', '-Wall', '-Wextra', '-Werror', '-DAPPLE_AGX_GPUVA_G3_QUALIFICATION', '-I', '/Volumes/pwdev/public_windows/.worktrees/integration-ad04-windows-compiler/drivers/apple-agx/render-admission/include', '-I', '/Volumes/pwdev/public_windows/.worktrees/integration-ad04-windows-compiler/drivers/apple-agx/shared/include', '-emit-llvm', '-c', '/Volumes/pwdev/public_windows/.worktrees/integration-ad04-windows-compiler/drivers/apple-agx/render-admission/tests/render_memory_test.c', '-o', '/var/folders/s5/sgnkc7ws7cs5ctyqdwh_6qm40000gp/T/tmpy181uo5k/0.bc']' returned non-zero exit status 1.

======================================================================
ERROR: test_gpuva_system_context_object_contract (test_gpuva_g3_createcontext_contract.G3CreateContextContractTests.test_gpuva_system_context_object_contract)
----------------------------------------------------------------------
Traceback (most recent call last):
  File "/Volumes/pwdev/public_windows/.worktrees/integration-ad04-windows-compiler/tests/test_gpuva_g3_createcontext_contract.py", line 20, in test_gpuva_system_context_object_contract
    subprocess.run([
    ~~~~~~~~~~~~~~^^
        os.environ.get("CC", "clang"), "-std=c11", "-Wall",
        ^^^^^^^^^^^^^^^^^^^^^^^^^^^^^^^^^^^^^^^^^^^^^^^^^^^
    ...<2 lines>...
        str(RENDER / source), "-o", str(output),
        ^^^^^^^^^^^^^^^^^^^^^^^^^^^^^^^^^^^^^^^^
    ], check=True, cwd=ROOT)
    ^^^^^^^^^^^^^^^^^^^^^^^^
  File "/Library/Frameworks/Python.framework/Versions/3.13/lib/python3.13/subprocess.py", line 577, in run
    raise CalledProcessError(retcode, process.args,
                             output=stdout, stderr=stderr)
subprocess.CalledProcessError: Command '['/tmp/agx-clang-wrapper', '-std=c11', '-Wall', '-Wextra', '-Werror', '-DAPPLE_AGX_GPUVA_G3_QUALIFICATION', '-I', '/Volumes/pwdev/public_windows/.worktrees/integration-ad04-windows-compiler/drivers/apple-agx/render-admission/include', '-emit-llvm', '-c', '/Volumes/pwdev/public_windows/.worktrees/integration-ad04-windows-compiler/drivers/apple-agx/render-admission/tests/render_objects_test.c', '-o', '/var/folders/s5/sgnkc7ws7cs5ctyqdwh_6qm40000gp/T/tmpedco_zqo/render_objects_test.bc']' returned non-zero exit status 1.

======================================================================
ERROR: test_kd_reboot (unittest.loader._FailedTest.test_kd_reboot)
----------------------------------------------------------------------
ImportError: Failed to import test module: test_kd_reboot
Traceback (most recent call last):
  File "/Library/Frameworks/Python.framework/Versions/3.13/lib/python3.13/unittest/loader.py", line 396, in _find_test_path
    module = self._get_module_from_name(name)
  File "/Library/Frameworks/Python.framework/Versions/3.13/lib/python3.13/unittest/loader.py", line 339, in _get_module_from_name
    __import__(name)
    ~~~~~~~~~~^^^^^^
  File "/Volumes/pwdev/public_windows/.worktrees/integration-ad04-windows-compiler/tests/test_kd_reboot.py", line 4, in <module>
    from tools.kd.kd_proclist import API_REBOOT, DATA_LEADER, KD, PKT_STATE_MANIPULATE
  File "/Volumes/pwdev/public_windows/.worktrees/integration-ad04-windows-compiler/tools/kd/kd_proclist.py", line 20, in <module>
    import serial, struct, sys, time, os
ModuleNotFoundError: No module named 'serial'


======================================================================
ERROR: test_proxy_event_checksum (unittest.loader._FailedTest.test_proxy_event_checksum)
----------------------------------------------------------------------
ImportError: Failed to import test module: test_proxy_event_checksum
Traceback (most recent call last):
  File "/Library/Frameworks/Python.framework/Versions/3.13/lib/python3.13/unittest/loader.py", line 396, in _find_test_path
    module = self._get_module_from_name(name)
  File "/Library/Frameworks/Python.framework/Versions/3.13/lib/python3.13/unittest/loader.py", line 339, in _get_module_from_name
    __import__(name)
    ~~~~~~~~~~^^^^^^
  File "/Volumes/pwdev/public_windows/.worktrees/integration-ad04-windows-compiler/tests/test_proxy_event_checksum.py", line 9, in <module>
    from m1n1.proxy import EVENT, Feature, UartInterface
  File "/Volumes/pwdev/public_windows/.worktrees/integration-ad04-windows-compiler/m1n1_windows/proxyclient/m1n1/proxy.py", line 2, in <module>
    import platform, os, sys, struct, serial, time
ModuleNotFoundError: No module named 'serial'


======================================================================
ERROR: test_standalone_monitor (unittest.loader._FailedTest.test_standalone_monitor)
----------------------------------------------------------------------
ImportError: Failed to import test module: test_standalone_monitor
Traceback (most recent call last):
  File "/Library/Frameworks/Python.framework/Versions/3.13/lib/python3.13/unittest/loader.py", line 396, in _find_test_path
    module = self._get_module_from_name(name)
  File "/Library/Frameworks/Python.framework/Versions/3.13/lib/python3.13/unittest/loader.py", line 339, in _get_module_from_name
    __import__(name)
    ~~~~~~~~~~^^^^^^
  File "/Volumes/pwdev/public_windows/.worktrees/integration-ad04-windows-compiler/tests/test_standalone_monitor.py", line 6, in <module>
    from tools import standalone_monitor
  File "/Volumes/pwdev/public_windows/.worktrees/integration-ad04-windows-compiler/tools/standalone_monitor.py", line 16, in <module>
    import serial
ModuleNotFoundError: No module named 'serial'


======================================================================
FAIL: test_drm_owner_must_be_replaced_by_wddm (test_apple_agx_ad03_source_contract.AppleAgxAd03SourceContractTests.test_drm_owner_must_be_replaced_by_wddm)
----------------------------------------------------------------------
Traceback (most recent call last):
  File "/Volumes/pwdev/public_windows/.worktrees/integration-ad04-windows-compiler/tests/test_apple_agx_ad03_source_contract.py", line 51, in test_drm_owner_must_be_replaced_by_wddm
    self.assertIn("DRM_ONLY action", result.stderr)
    ~~~~~~~~~~~~~^^^^^^^^^^^^^^^^^^^^^^^^^^^^^^^^^^
AssertionError: 'DRM_ONLY action' not found in "fatal: cannot change to '/Volumes/pwdev/public_windows/.worktrees/integration-ad04-windows-compiler/.local/reference/mesa': No such file or directory\nCommand '['git', '-C', '/Volumes/pwdev/public_windows/.worktrees/integration-ad04-windows-compiler/.local/reference/mesa', 'rev-parse', 'HEAD']' returned non-zero exit status 128.\n"

======================================================================
FAIL: test_hash_or_source_signature_drift_fails_closed (test_apple_agx_ad03_source_contract.AppleAgxAd03SourceContractTests.test_hash_or_source_signature_drift_fails_closed)
----------------------------------------------------------------------
Traceback (most recent call last):
  File "/Volumes/pwdev/public_windows/.worktrees/integration-ad04-windows-compiler/tests/test_apple_agx_ad03_source_contract.py", line 57, in test_hash_or_source_signature_drift_fails_closed
    self.assertIn("source hash", result.stderr)
    ~~~~~~~~~~~~~^^^^^^^^^^^^^^^^^^^^^^^^^^^^^^
AssertionError: 'source hash' not found in "fatal: cannot change to '/Volumes/pwdev/public_windows/.worktrees/integration-ad04-windows-compiler/.local/reference/mesa': No such file or directory\nCommand '['git', '-C', '/Volumes/pwdev/public_windows/.worktrees/integration-ad04-windows-compiler/.local/reference/mesa', 'rev-parse', 'HEAD']' returned non-zero exit status 128.\n"

======================================================================
FAIL: test_pinned_frontend_compiler_encoder_are_reused_but_targets_replaced (test_apple_agx_ad03_source_contract.AppleAgxAd03SourceContractTests.test_pinned_frontend_compiler_encoder_are_reused_but_targets_replaced)
Catches treating Mesa's software/DRM target as Windows AGX hardware.
----------------------------------------------------------------------
Traceback (most recent call last):
  File "/Volumes/pwdev/public_windows/.worktrees/integration-ad04-windows-compiler/tests/test_apple_agx_ad03_source_contract.py", line 30, in test_pinned_frontend_compiler_encoder_are_reused_but_targets_replaced
    result = self.run_contract(contract)
  File "/Volumes/pwdev/public_windows/.worktrees/integration-ad04-windows-compiler/tests/test_apple_agx_ad03_source_contract.py", line 24, in run_contract
    self.assertEqual(result.returncode, expected, result.stderr)
    ~~~~~~~~~~~~~~~~^^^^^^^^^^^^^^^^^^^^^^^^^^^^^^^^^^^^^^^^^^^^
AssertionError: 1 != 0 : fatal: cannot change to '/Volumes/pwdev/public_windows/.worktrees/integration-ad04-windows-compiler/.local/reference/mesa': No such file or directory
Command '['git', '-C', '/Volumes/pwdev/public_windows/.worktrees/integration-ad04-windows-compiler/.local/reference/mesa', 'rev-parse', 'HEAD']' returned non-zero exit status 128.


======================================================================
FAIL: test_software_target_cannot_be_marked_reusable (test_apple_agx_ad03_source_contract.AppleAgxAd03SourceContractTests.test_software_target_cannot_be_marked_reusable)
----------------------------------------------------------------------
Traceback (most recent call last):
  File "/Volumes/pwdev/public_windows/.worktrees/integration-ad04-windows-compiler/tests/test_apple_agx_ad03_source_contract.py", line 43, in test_software_target_cannot_be_marked_reusable
    self.assertIn("SOFTWARE_ONLY action", result.stderr)
    ~~~~~~~~~~~~~^^^^^^^^^^^^^^^^^^^^^^^^^^^^^^^^^^^^^^^
AssertionError: 'SOFTWARE_ONLY action' not found in "fatal: cannot change to '/Volumes/pwdev/public_windows/.worktrees/integration-ad04-windows-compiler/.local/reference/mesa': No such file or directory\nCommand '['git', '-C', '/Volumes/pwdev/public_windows/.worktrees/integration-ad04-windows-compiler/.local/reference/mesa', 'rev-parse', 'HEAD']' returned non-zero exit status 128.\n"

======================================================================
FAIL: test_backend_runtime_is_registered_in_wdk_project (test_apple_agx_backend_runtime.BackendRuntimePackageTests.test_backend_runtime_is_registered_in_wdk_project)
----------------------------------------------------------------------
Traceback (most recent call last):
  File "/Volumes/pwdev/public_windows/.worktrees/integration-ad04-windows-compiler/tests/test_apple_agx_backend_runtime.py", line 59, in test_backend_runtime_is_registered_in_wdk_project
    self.assertIn("apple_agx_backend_runtime.c", project)
    ~~~~~~~~~~~~~^^^^^^^^^^^^^^^^^^^^^^^^^^^^^^^^^^^^^^^^
AssertionError: 'apple_agx_backend_runtime.c' not found in '<?xml version="1.0" encoding="utf-8"?>\n<Project DefaultTargets="Build" xmlns="http://schemas.microsoft.com/developer/msbuild/2003">\n  <ItemGroup Label="ProjectConfigurations">\n    <ProjectConfiguration Include="Debug|ARM64"><Configuration>Debug</Configuration><Platform>ARM64</Platform></ProjectConfiguration>\n    <ProjectConfiguration Include="Release|ARM64"><Configuration>Release</Configuration><Platform>ARM64</Platform></ProjectConfiguration>\n  </ItemGroup>\n  <PropertyGroup Label="Globals">\n    <ProjectGuid>{9C35B79F-D727-41EF-9497-2D50679476AC}</ProjectGuid>\n    <Keyword>Win32Proj</Keyword>\n    <RootNamespace>AppleAgx</RootNamespace>\n    <WindowsTargetPlatformVersion>10.0</WindowsTargetPlatformVersion>\n    <AppleAgxPowerQualification Condition="\'$(AppleAgxPowerQualification)\'==\'\'">false</AppleAgxPowerQualification>\n    <AppleAgxMmioQualification Condition="\'$(AppleAgxMmioQualification)\'==\'\'">false</AppleAgxMmioQualification>\n    <AppleAgxLifecycleQualification Condition="\'$(AppleAgxLifecycleQualification)\'==\'\'">false</AppleAgxLifecycleQualification>\n    <AppleAgxFirmwareQualification Condition="\'$(AppleAgxFirmwareQualification)\'==\'\'">false</AppleAgxFirmwareQualification>\n    <AppleAgxPoweredStatusQualification Condition="\'$(AppleAgxPoweredStatusQualification)\'==\'\'">false</AppleAgxPoweredStatusQualification>\n    <AppleAgxRtkitQualification Condition="\'$(AppleAgxRtkitQualification)\'==\'\'">false</AppleAgxRtkitQualification>\n    <AppleAgxUatSnapshotQualification Condition="\'$(AppleAgxUatSnapshotQualification)\'==\'\'">false</AppleAgxUatSnapshotQualification>\n  </PropertyGroup>\n  <Import Project="$(VCTargetsPath)\\Microsoft.Cpp.Default.props" />\n  <PropertyGroup Label="Configuration">\n    <ConfigurationType>Driver</ConfigurationType>\n    <DriverType>WDM</DriverType>\n    <DriverTargetPlatform>Universal</DriverTargetPlatform>\n    <PlatformToolset>WindowsKernelModeDriver10.0</PlatformToolset>\n    <TargetVersion>Windows10</TargetVersion>\n  </PropertyGroup>\n  <Import Project="$(VCTargetsPath)\\Microsoft.Cpp.props" />\n  <ItemDefinitionGroup>\n    <ClCompile>\n      <AdditionalIncludeDirectories>include;..\\shared\\include;%(AdditionalIncludeDirectories)</AdditionalIncludeDirectories>\n      <PreprocessorDefinitions>DXGKDDI_INTERFACE_VERSION=DXGKDDI_INTERFACE_VERSION_WDDM3_0;%(PreprocessorDefinitions)</PreprocessorDefinitions>\n      <TreatWarningAsError>true</TreatWarningAsError>\n    </ClCompile>\n    <Link>\n      <AdditionalDependencies>displib.lib;ntoskrnl.lib;%(AdditionalDependencies)</AdditionalDependencies>\n    </Link>\n  </ItemDefinitionGroup>\n  <ItemDefinitionGroup Condition="\'$(AppleAgxPowerQualification)\'==\'true\'">\n    <ClCompile>\n      <PreprocessorDefinitions>APPLE_AGX_G2_POWER_QUALIFICATION=1;%(PreprocessorDefinitions)</PreprocessorDefinitions>\n    </ClCompile>\n  </ItemDefinitionGroup>\n  <ItemDefinitionGroup Condition="\'$(AppleAgxMmioQualification)\'==\'true\'">\n    <ClCompile>\n      <PreprocessorDefinitions>APPLE_AGX_G2_MMIO_QUALIFICATION=1;%(PreprocessorDefinitions)</PreprocessorDefinitions>\n    </ClCompile>\n  </ItemDefinitionGroup>\n  <ItemDefinitionGroup Condition="\'$(AppleAgxLifecycleQualification)\'==\'true\'">\n    <ClCompile>\n      <PreprocessorDefinitions>APPLE_AGX_G2_LIFECYCLE_QUALIFICATION=1;%(PreprocessorDefinitions)</PreprocessorDefinitions>\n    </ClCompile>\n  </ItemDefinitionGroup>\n  <ItemDefinitionGroup Condition="\'$(AppleAgxFirmwareQualification)\'==\'true\'">\n    <ClCompile>\n      <PreprocessorDefinitions>APPLE_AGX_G2_FIRMWARE_QUALIFICATION=1;%(PreprocessorDefinitions)</PreprocessorDefinitions>\n    </ClCompile>\n  </ItemDefinitionGroup>\n  <ItemDefinitionGroup Condition="\'$(AppleAgxPoweredStatusQualification)\'==\'true\'">\n    <ClCompile>\n      <PreprocessorDefinitions>APPLE_AGX_G2_POWERED_STATUS_QUALIFICATION=1;%(PreprocessorDefinitions)</PreprocessorDefinitions>\n    </ClCompile>\n  </ItemDefinitionGroup>\n  <ItemDefinitionGroup Condition="\'$(AppleAgxRtkitQualification)\'==\'true\'">\n    <ClCompile>\n      <PreprocessorDefinitions>APPLE_AGX_G2_RTKIT_QUALIFICATION=1;%(PreprocessorDefinitions)</PreprocessorDefinitions>\n    </ClCompile>\n  </ItemDefinitionGroup>\n  <ItemDefinitionGroup Condition="\'$(AppleAgxUatSnapshotQualification)\'==\'true\'">\n    <ClCompile>\n      <PreprocessorDefinitions>APPLE_AGX_G2_UAT_SNAPSHOT_QUALIFICATION=1;%(PreprocessorDefinitions)</PreprocessorDefinitions>\n    </ClCompile>\n  </ItemDefinitionGroup>\n  <ItemGroup>\n    <ClCompile Include="src\\driver.c" />\n    <ClCompile Include="src\\fail_closed.c" />\n    <ClCompile Include="src\\adapter.c" />\n    <ClCompile Include="src\\resources.c" />\n    <ClCompile Include="src\\power.c" />\n    <ClCompile Include="src\\mmio.c" />\n    <ClCompile Include="src\\diagnostics.c" />\n    <ClCompile Include="src\\driver_diagnostics.c" />\n    <ClCompile Include="src\\firmware_transport.c" />\n    <ClCompile Include="src\\memory_windows.c" />\n    <ClCompile Include="src\\uat_publication_windows.c" />\n    <ClCompile Include="..\\shared\\src\\apple_agx_state.c" />\n    <ClCompile Include="..\\shared\\src\\apple_agx_power.c" />\n    <ClCompile Include="..\\shared\\src\\apple_agx_rtkit.c" />\n    <ClCompile Include="..\\shared\\src\\apple_agx_rtkit_boot.c" />\n    <ClCompile Include="..\\shared\\src\\apple_agx_rtkit_session.c" />\n    <ClCompile Include="..\\shared\\src\\apple_agx_firmware.c" />\n    <ClCompile Include="..\\shared\\src\\apple_agx_mapping.c" />\n    <ClCompile Include="..\\shared\\src\\apple_agx_asc_transport.c" />\n    <ClCompile Include="..\\shared\\src\\apple_agx_memory.c" />\n    <ClCompile Include="..\\shared\\src\\apple_agx_uat.c" />\n    <ClCompile Include="..\\shared\\src\\apple_agx_uat_table.c" />\n    <ClCompile Include="..\\shared\\src\\apple_agx_uat_memory.c" />\n    <ClCompile Include="..\\shared\\src\\apple_agx_initdata.c" />\n    <ClCompile Include="..\\shared\\src\\apple_agx_initdata_memory.c" />\n    <ClCompile Include="..\\shared\\src\\apple_agx_firmware_status.c" />\n    <ClCompile Include="..\\shared\\src\\apple_agx_channel_info.c" />\n    <ClCompile Include="..\\shared\\src\\apple_agx_channel_memory.c" />\n    <ClCompile Include="..\\shared\\src\\apple_agx_regionb.c" />\n    <ClCompile Include="..\\shared\\src\\apple_agx_regionb_memory.c" />\n    <ClCompile Include="..\\shared\\src\\apple_agx_config_snapshot.c" />\n    <ClCompile Include="..\\shared\\src\\apple_agx_regionc.c" />\n    <ClCompile Include="..\\shared\\src\\apple_agx_uat_publication.c" />\n  </ItemGroup>\n  <ItemGroup>\n    <ClInclude Include="include\\apple_agx_driver.h" />\n    <ClInclude Include="..\\shared\\include\\apple_agx_state.h" />\n    <ClInclude Include="..\\shared\\include\\apple_agx_power.h" />\n    <ClInclude Include="..\\shared\\include\\apple_agx_rtkit.h" />\n    <ClInclude Include="..\\shared\\include\\apple_agx_rtkit_boot.h" />\n    <ClInclude Include="..\\shared\\include\\apple_agx_rtkit_session.h" />\n    <ClInclude Include="..\\shared\\include\\apple_agx_firmware.h" />\n    <ClInclude Include="..\\shared\\include\\apple_agx_mapping.h" />\n    <ClInclude Include="..\\shared\\include\\apple_agx_asc_transport.h" />\n    <ClInclude Include="..\\shared\\include\\apple_agx_memory.h" />\n    <ClInclude Include="..\\shared\\include\\apple_agx_uat.h" />\n    <ClInclude Include="..\\shared\\include\\apple_agx_uat_table.h" />\n    <ClInclude Include="..\\shared\\include\\apple_agx_uat_memory.h" />\n    <ClInclude Include="..\\shared\\include\\apple_agx_initdata.h" />\n    <ClInclude Include="..\\shared\\include\\apple_agx_initdata_memory.h" />\n    <ClInclude Include="..\\shared\\include\\apple_agx_firmware_status.h" />\n    <ClInclude Include="..\\shared\\include\\apple_agx_channel_info.h" />\n    <ClInclude Include="..\\shared\\include\\apple_agx_channel_memory.h" />\n    <ClInclude Include="..\\shared\\include\\apple_agx_regionb.h" />\n    <ClInclude Include="..\\shared\\include\\apple_agx_regionb_memory.h" />\n    <ClInclude Include="..\\shared\\include\\apple_agx_config_snapshot.h" />\n    <ClInclude Include="..\\shared\\include\\apple_agx_regionc.h" />\n    <ClInclude Include="..\\shared\\include\\apple_agx_uat_publication.h" />\n    <ClInclude Include="..\\shared\\include\\j313_agx_g2.generated.h" />\n  </ItemGroup>\n  <ItemGroup>\n    <Inf Include="AppleAgx.inf" />\n    <FilesToPackage Include="$(TargetPath)" Condition="\'$(ConfigurationType)\'==\'Driver\'" />\n  </ItemGroup>\n  <Import Project="$(VCTargetsPath)\\Microsoft.Cpp.targets" />\n</Project>\n'

======================================================================
FAIL: test_pinned_mesa_checkout_and_mit_sources (test_apple_agx_mesa_source.AppleAgxMesaSourceTests.test_pinned_mesa_checkout_and_mit_sources)
Catches accepting a different Mesa tree or incomplete source set.
----------------------------------------------------------------------
Traceback (most recent call last):
  File "/Volumes/pwdev/public_windows/.worktrees/integration-ad04-windows-compiler/tests/test_apple_agx_mesa_source.py", line 34, in test_pinned_mesa_checkout_and_mit_sources
    self.assertEqual(run.returncode, 0, run.stderr)
    ~~~~~~~~~~~~~~~~^^^^^^^^^^^^^^^^^^^^^^^^^^^^^^^
AssertionError: 1 != 0 : source directory is missing: /Volumes/pwdev/public_windows/.worktrees/integration-ad04-windows-compiler/.local/reference/mesa


======================================================================
FAIL: test_wrong_commit_in_lock_is_rejected (test_apple_agx_mesa_source.AppleAgxMesaSourceTests.test_wrong_commit_in_lock_is_rejected)
Catches silently building a checkout other than the locked commit.
----------------------------------------------------------------------
Traceback (most recent call last):
  File "/Volumes/pwdev/public_windows/.worktrees/integration-ad04-windows-compiler/tests/test_apple_agx_mesa_source.py", line 62, in test_wrong_commit_in_lock_is_rejected
    self.assertIn("commit", run.stderr.lower())
    ~~~~~~~~~~~~~^^^^^^^^^^^^^^^^^^^^^^^^^^^^^^
AssertionError: 'commit' not found in 'source directory is missing: /volumes/pwdev/public_windows/.worktrees/integration-ad04-windows-compiler/.local/reference/mesa\n'

======================================================================
FAIL: test_bounded_fault_snapshot_is_captured_without_blocking_flush (test_apple_agx_queue_fault_snapshot.QueueFaultSnapshotTests.test_bounded_fault_snapshot_is_captured_without_blocking_flush)
----------------------------------------------------------------------
Traceback (most recent call last):
  File "/Volumes/pwdev/public_windows/.worktrees/integration-ad04-windows-compiler/tests/test_apple_agx_queue_fault_snapshot.py", line 52, in test_bounded_fault_snapshot_is_captured_without_blocking_flush
    self.assertIn("currentTaRead, currentD3Read, TRUE, &snapshot", worker)
    ~~~~~~~~~~~~~^^^^^^^^^^^^^^^^^^^^^^^^^^^^^^^^^^^^^^^^^^^^^^^^^^^^^^^^^
AssertionError: 'currentTaRead, currentD3Read, TRUE, &snapshot' not found in '#include "render_admission.h"\n#if defined(APPLE_AGX_GPUVA_G3_QUALIFICATION)\n#include "gpuva_g3_private.h"\n#endif\n#if defined(APPLE_AGX_GPUVA_B1_QUALIFICATION)\n#include "apple_agx_gpuva_b1_submission.h"\n#include "apple_agx_gpuva_b1_completion.h"\n#endif\n#include "apple_agx_hwdata_profile.h"\n#include "apple_agx_firmware_start_receipt.h"\n\n#define ADMISSION_PLATFORM_TAG \'pRGA\'\n#define ADMISSION_PLATFORM_QUEUE_TIMEOUT_MS 500ULL\n#define ADMISSION_OUTPUT_CAPTURE_CHUNK_BYTES 0x40000u\n#define ADMISSION_PLATFORM_DEVICE_CONTROL_STALL_US 50u\n#define ADMISSION_QUEUE_FAULT_SNAPSHOT_DELAY_MS 50ULL\n#define ADMISSION_TA_TEMPORAL_SECOND_DELAY_MS 100ULL\n#define ADMISSION_REGIONC_FAULT_INFO_OFFSET 0x11a2cu\n#define ADMISSION_PLATFORM_INITDATA_ADDRESS_MASK ((1ULL << 44u) - 1ULL)\n#define ADMISSION_QUEUE_OBJECT_D3_INFO 3u\n#define ADMISSION_QUEUE_OBJECT_TA_INFO 6u\n#define ADMISSION_QUEUE_OBJECT_D3_POINTERS 24u\n#define ADMISSION_QUEUE_OBJECT_TA_POINTERS 25u\n#define ADMISSION_QUEUE_OBJECT_BUFFER_MANAGER_INFO 1u\n#define ADMISSION_QUEUE_OBJECT_BUFFER_MANAGER_CONTROL 20u\n#define ADMISSION_QUEUE_OBJECT_BUFFER_MANAGER_COUNTER 21u\n#define ADMISSION_QUEUE_OBJECT_BUFFER_MANAGER_MISC 22u\n#define ADMISSION_QUEUE_OBJECT_EVENT_CONTROL 11u\n#define ADMISSION_QUEUE_OBJECT_EVENT_COUNT 12u\n#define ADMISSION_QUEUE_OBJECT_INITBM 16u\n#define ADMISSION_QUEUE_OBJECT_TA_MICROSEQUENCE 17u\n#define ADMISSION_QUEUE_OBJECT_TA_WORK 19u\n#define ADMISSION_QUEUE_OBJECT_TA_STAMP2 9u\n#define ADMISSION_QUEUE_OBJECT_TA_STAMP1 26u\n#define ADMISSION_QUEUE_OBJECT_TA_TIMESTAMP_START 30u\n#define ADMISSION_QUEUE_OBJECT_TA_TIMESTAMP_END 31u\n#define ADMISSION_QUEUE_OBJECT_TA_USER_TIMESTAMP_START 34u\n#define ADMISSION_QUEUE_OBJECT_TA_USER_TIMESTAMP_END 35u\n#define ADMISSION_QUEUE_OBJECT_JOB_LIST 23u\n#define ADMISSION_TA_WORK_TIMESTAMP_TAIL_OFFSET 0x5b4u\n#define ADMISSION_TA_STATS_TIMESTAMPS_OFFSET 0x5d0u\n#define ADMISSION_REGIONC_PENDING_STAMPS_OFFSET 0x111a8u\n#define ADMISSION_TA_MICROSEQUENCE_START_OFFSET 0x0u\n#define ADMISSION_TA_MICROSEQUENCE_TIMESTAMP_START_OFFSET 0x18cu\n#define ADMISSION_TA_MICROSEQUENCE_WAIT_OFFSET 0x1c8u\n#define ADMISSION_TA_MICROSEQUENCE_TIMESTAMP_END_OFFSET 0x1ccu\n#define ADMISSION_TA_MICROSEQUENCE_FINALIZE_OFFSET 0x208u\n#define ADMISSION_TA_MICROSEQUENCE_RETIRE_OFFSET 0x28cu\n#define ADMISSION_CHANNEL_OBJECT_KTRACE_STATE 31u\n#define ADMISSION_CHANNEL_OBJECT_KTRACE_RING 32u\n#define ADMISSION_KTRACE_RING_ENTRIES 0x200u\n#define ADMISSION_PLATFORM_SGX_PRE_ASC_OFFSET 0xd14000u\n#define ADMISSION_PLATFORM_SGX_PRE_ASC_VALUE 0x00070001u\n#define ADMISSION_PLATFORM_SGX_FAULT_INFO_OFFSET 0x17030u\n#define ADMISSION_PLATFORM_CONFIG_WINDOW_BYTES                              \\\n  (APPLE_AGX_CONFIG_MMIO_OFFSET + APPLE_AGX_CONFIG_WIRE_SIZE)\n\nC_ASSERT(J313_AGX_ABI_ADMISSION_SYNTHETIC_SCANOUT_GUEST_INTID == 889u);\nC_ASSERT((ADMISSION_PLATFORM_CONFIG_WINDOW_BYTES % sizeof(ULONG)) == 0u);\nC_ASSERT(sizeof(ADMISSION_DYNAMIC_STORE_RECEIPT) ==\n         ADMISSION_DYNAMIC_STORE_RECEIPT_BYTES);\n\ntypedef struct _ADMISSION_ASC_TRANSPORT {\n  volatile UCHAR *Base;\n  ULONG Length;\n  struct { ULONG Offset, Write; ULONGLONG Value; } Trace[64];\n  ULONG TraceCount;\n} ADMISSION_ASC_TRANSPORT;\n\ntypedef struct _ADMISSION_PLATFORM_RUNTIME {\n  ADMISSION_CONTEXT *Adapter;\n  APPLE_AGX_MEMORY_IO MemoryIo;\n  APPLE_AGX_CONFIG_SNAPSHOT Snapshot;\n  volatile UCHAR *SgxBase;\n  volatile UCHAR *HandoffBase;\n  ADMISSION_ASC_TRANSPORT AscTransport;\n  APPLE_AGX_ASC_IO AscIo;\n  APPLE_AGX_RTKIT_SESSION Rtkit;\n  APPLE_AGX_GFX_HANDOFF_STATE Handoff;\n  APPLE_AGX_GFX_HANDOFF_IO HandoffIo;\n  APPLE_AGX_INITDATA_MEMORY_GRAPH Initdata;\n  ULONGLONG RetainedEpoch, RetainedRoot, RetainedRoot0;\n  APPLE_AGX_CONTEXT0_BROKER Context0Lease;\n  AGX_FW_IO_MANIFEST FirmwareIoManifest;\n  AGX_HWDATA_RECEIPT HwdataProfileReceipt;\n  APPLE_AGX_FIRMWARE_START_RECEIPT FirmwareStartFailure;\n  BOOLEAN CaptureFirmwareStart;\n  BOOLEAN RetainedPrepared;\n  APPLE_AGX_FIRMWARE_PROVIDER_PRIMITIVES FirmwarePrimitives;\n  APPLE_AGX_FIRMWARE_PROVIDER FirmwareProvider;\n  APPLE_AGX_FIRMWARE_IO FirmwareIo;\n  APPLE_AGX_PLATFORM_TRANSPORT_IO TransportIo;\n  APPLE_AGX_G13_QUEUE_RUNTIME_IO QueueIo;\n  APPLE_AGX_EXP208_RELOCATION_OBJECT\n      QueueObjects[APPLE_AGX_RENDER_TEMPLATE_RUNTIME_OBJECT_COUNT];\n  APPLE_AGX_PLATFORM_PROVIDER Provider;\n  APPLE_AGX_PLATFORM_PROVIDER_CONFIG ProviderConfig;\n  APPLE_AGX_BACKEND_RUNTIME Backend;\n#if defined(APPLE_AGX_GPUVA_B1_QUALIFICATION)\n  volatile LONG B1Active;\n  volatile LONG B1Completed;\n  ULONG B1Fence;\n#endif\n  APPLE_AGX_BACKEND_IO RenderIo;\n  APPLE_AGX_BACKEND_IO PlatformIo;\n  APPLE_AGX_BACKEND_IO RuntimeIo;\n  ADMISSION_DYNAMIC_OVERLAY_PLAN DynamicOverlayPlan;\n  ADMISSION_DYNAMIC_OVERLAY_STATE DynamicOverlayState;\n  const APPLE_AGX_DYNAMIC_JOB *DynamicJob;\n  const void *DynamicStorage;\n  ULONG DynamicStorageBytes;\n  ULONG DynamicBackgroundColor;\n  ULONG DynamicExpectedForegroundColor;\n  PIO_WORKITEM WorkItem;\n  KEVENT WorkIdle;\n  volatile LONG WorkScheduled;\n  volatile LONG WorkersActive;\n  volatile LONG Stopping;\n  volatile LONG Resetting;\n  volatile LONG64 LastProgressMs;\n  APPLE_AGX_G13_QUEUE_PROGRESS Progress;\n  BOOLEAN ProgressValid;\n  APPLE_AGX_COMPLETION_TRANSACTION Completion;\n  ADMISSION_RENDER_CONTEXT *CompletionContext;\n#if defined(APPLE_AGX_SUBMIT_QUALIFICATION)\n  ADMISSION_TERMINAL_RECEIPT TerminalReceipt;\n  ADMISSION_DYNAMIC_GRAPH_RECEIPT DynamicGraphReceipt;\n  ADMISSION_DYNAMIC_STORE_RECEIPT DynamicStoreReceipt;\n  ADMISSION_DYNAMIC_OUTPUT_SNAPSHOT DynamicOutputSnapshot;\n  ADMISSION_NATIVE_GRAPH_RECEIPT NativeGraphReceipt;\n  APPLE_AGX_U64 NativeCommandHash;\n  ADMISSION_DYNAMIC_OVERLAY_BINDINGS NativeBindings;\n  volatile LONG TerminalSequence;\n  volatile LONG CompletedOutputGeneration;\n  ADMISSION_COMPLETED_OUTPUT CompletedOutput;\n  ADMISSION_RENDER_PACKET_DESCRIPTION CompletedPacket;\n  HANDLE OutputThread;\n  KEVENT OutputWake;\n  KEVENT OutputExited;\n  KEVENT OutputIdle;\n  KSPIN_LOCK OutputLock;\n  ADMISSION_OUTPUT_QUEUE_STATE OutputQueue;\n#endif\n#if defined(APPLE_AGX_VISIBLE_AGX_QUALIFICATION)\n  UCHAR VisibleAgxSource[1024];\n  PVOID VisibleAgxSourceAddress;\n  ULONG VisibleAgxSourceBytes;\n  ULONGLONG VisibleAgxGpuAddress;\n  ULONGLONG VisibleAgxPhysicalAddress;\n  ULONG VisibleAgxFence;\n  BOOLEAN VisibleAgxValid;\n#endif\n  BOOLEAN Powered;\n  BOOLEAN RenderBorrowed;\n  BOOLEAN QueueImageReady;\n  BOOLEAN ProviderReady;\n  BOOLEAN BackendStarted;\n} ADMISSION_PLATFORM_RUNTIME;\n\ntypedef struct _ADMISSION_COMPLETION_NOTIFICATION {\n  ADMISSION_PLATFORM_RUNTIME *Runtime;\n  APPLE_AGX_U32 Fence;\n  APPLE_AGX_U32 Node;\n  APPLE_AGX_U32 Engine;\n} ADMISSION_COMPLETION_NOTIFICATION;\n\n#if defined(APPLE_AGX_SUBMIT_QUALIFICATION)\nstatic ULONGLONG AdmissionTerminalReadU64(const UCHAR *Address) {\n  ULONGLONG value = 0ULL;\n  ULONG index;\n  for (index = 0u; index < sizeof(value); ++index)\n    value |= (ULONGLONG)Address[index] << (index * 8u);\n  return value;\n}\n\nstatic VOID AdmissionTerminalBegin(\n    ADMISSION_PLATFORM_RUNTIME *Runtime,\n    const ADMISSION_RENDER_PACKET_DESCRIPTION *Description) {\n  const APPLE_AGX_BACKEND_JOB_IMAGE *job;\n  const APPLE_AGX_EXP208_RELOCATION_OBJECT *ta;\n  const APPLE_AGX_EXP208_RELOCATION_OBJECT *d3;\n  ULONG sequence;\n  if (Runtime == NULL || Description == NULL)\n    return;\n  job = &Runtime->Backend.PendingJob;\n  ta = &Runtime->QueueObjects[17u];\n  d3 = &Runtime->QueueObjects[15u];\n  AdmissionTerminalReceiptInitialize(&Runtime->TerminalReceipt);\n  RtlZeroMemory(&Runtime->DynamicGraphReceipt,\n                sizeof(Runtime->DynamicGraphReceipt));\n  RtlZeroMemory(&Runtime->NativeGraphReceipt,sizeof(Runtime->NativeGraphReceipt));\n  AdmissionDynamicOutputSnapshotInitialize(&Runtime->DynamicOutputSnapshot);\n  if (ta->Data == NULL || ta->Size < 548u ||\n      d3->Data == NULL || d3->Size < 612u)\n    return;\n  sequence = (ULONG)InterlockedIncrement(&Runtime->TerminalSequence);\n  (void)AdmissionTerminalReceiptBegin(\n      &Runtime->TerminalReceipt, sequence, Runtime->RetainedEpoch,\n      Runtime->RetainedRoot, Description->Fence, Description->ContextToken,\n      Description->AllocationToken, Description->DestinationGpuVa,\n      Description->DestinationPhysical, Description->DestinationBytes,\n      job->TaEvent, job->D3Event, job->TaExpectedStamp,\n      job->D3ExpectedStamp, job->TaExpectedDonePointer,\n      job->D3ExpectedDonePointer,\n      AdmissionTerminalReadU64(ta->Data + 36u),\n      AdmissionTerminalReadU64(ta->Data + 540u),\n      AdmissionTerminalReadU64(d3->Data + 28u),\n      AdmissionTerminalReadU64(d3->Data + 604u));\n}\n\nstatic int AdmissionOutputCaptureProgress(void *Context) {\n  ADMISSION_PLATFORM_RUNTIME *runtime =\n      (ADMISSION_PLATFORM_RUNTIME *)Context;\n  LARGE_INTEGER interval;\n  if (runtime == NULL || KeGetCurrentIrql() != PASSIVE_LEVEL ||\n      InterlockedCompareExchange(&runtime->Stopping, 0, 0) != 0 ||\n      InterlockedCompareExchange(&runtime->Resetting, 0, 0) != 0)\n    return 0;\n  interval.QuadPart = -10000LL; /* one millisecond, relative */\n  return NT_SUCCESS(KeDelayExecutionThread(\n      KernelMode, FALSE, &interval)) ? 1 : 0;\n}\n\nstatic VOID AdmissionTerminalObserve(\n    ADMISSION_PLATFORM_RUNTIME *Runtime, ULONG Fence,\n    APPLE_AGX_BACKEND_COMPLETION_STATUS Status,\n    ADMISSION_COMPLETED_OUTPUT *Completed) {\n  const ADMISSION_BACKEND_OUTPUT_VIEW *Output =\n      Completed != NULL ? &Completed->View : NULL;\n  const APPLE_AGX_G13_QUEUE_RUNTIME_CONFIG *config;\n  APPLE_AGX_BACKEND_U32 taStamp = 0u, taDone = 0u;\n  APPLE_AGX_BACKEND_U32 d3Stamp = 0u, d3Done = 0u;\n  ULONG source;\n  BOOLEAN actualValid;\n  const UCHAR *rawEvent = NULL;\n  ULONG rawEventBytes = 0u;\n  BOOLEAN accessRecorded = FALSE;\n  if (Runtime == NULL || Fence == 0u)\n    return;\n  config = &Runtime->Provider.QueueProvider.Runtime.Config;\n  actualValid = Runtime->TransportIo.ReadU32(\n                    Runtime, config->Ta.Stamp, &taStamp) &&\n                Runtime->TransportIo.ReadU32(\n                    Runtime, config->Ta.GpuDonePointer, &taDone) &&\n                Runtime->TransportIo.ReadU32(\n                    Runtime, config->D3.Stamp, &d3Stamp) &&\n                Runtime->TransportIo.ReadU32(\n                    Runtime, config->D3.GpuDonePointer, &d3Done);\n  if (Runtime->Provider.LastEventMessageValid) {\n    rawEvent = Runtime->Provider.LastEventMessage;\n    rawEventBytes = sizeof(Runtime->Provider.LastEventMessage);\n  }\n  if (Status == AppleAgxBackendCompletionSuccess)\n    source = AdmissionTerminalSourcePollingEvent;\n  else if (Status == AppleAgxBackendCompletionTimedOut)\n    source = AdmissionTerminalSourceTimeout;\n  else if (Status == AppleAgxBackendCompletionCancelled)\n    source = AdmissionTerminalSourceCancellation;\n  else\n    source = AdmissionTerminalSourceFault;\n  if (AdmissionTerminalReceiptObserve(\n          &Runtime->TerminalReceipt, Fence,\n          Status == AppleAgxBackendCompletionSuccess\n              ? (ULONG)AppleAgxBackendRuntimeResultOk\n              : (ULONG)AppleAgxBackendRuntimeResultFaulted,\n          (ULONG)Status, source, rawEvent, rawEventBytes,\n          actualValid ? 1u : 0u, taStamp, taDone, d3Stamp, d3Done)) {\n    if (Output != NULL && Output->RenderedCpuAddress != NULL &&\n        Output->RenderedBytes != 0u &&\n        Runtime->TransportIo.FlushForCpu(\n            Runtime, Output->RenderedCpuAddress, Output->RenderedBytes)) {\n      BOOLEAN captured;\n      unsigned int foreground = 0u;\n      ADMISSION_DYNAMIC_OUTPUT_RESULT result;\n      const UCHAR *verificationBytes =\n          (const UCHAR *)Output->RenderedCpuAddress;\n      Runtime->TransportIo.MemoryBarrier(Runtime);\n      if (Output->VerificationKind == AdmissionBackendOutputVerificationNativeCapture) {\n        /* CPU access is protected by the captured allocation lease. The\n         * physical-completion fence and cache synchronization precede copying;\n         * no legacy color/72-pixel oracle applies to this native allocation. */\n        captured = Status == AppleAgxBackendCompletionSuccess && Completed != NULL &&\n            Completed->Phase == AdmissionCompletedOutputNotified && !Completed->AccessAttempted &&\n            AdmissionDynamicOverlayCaptureNativeOutput(&Runtime->NativeGraphReceipt,Fence,\n                Completed->Generation,Output->RenderedGpuAddress,Output->RenderedPhysicalAddress,\n                Output->RenderedCpuAddress,Output->RenderedBytes) == AdmissionDynamicOverlaySuccess;\n        accessRecorded = AdmissionCompletedOutputRecordAccess(Completed,Fence,\n            (ULONG)(captured ? STATUS_SUCCESS : STATUS_INVALID_ADDRESS)) ? TRUE : FALSE;\n        if (!accessRecorded) {\n          Runtime->NativeGraphReceipt.ReadbackAvailable=0;\n          Runtime->NativeGraphReceipt.ReadbackBytes=0;\n          Runtime->NativeGraphReceipt.ReadbackFnv1a=0;\n          Runtime->NativeGraphReceipt.SnapshotGeneration=0;\n        }\n#if defined(APPLE_AGX_VISIBLE_AGX_QUALIFICATION)\n        Runtime->VisibleAgxValid=FALSE;\n#endif\n      } else if (Output->VerificationKind ==\n          AdmissionBackendOutputVerificationTriangle) {\n        ADMISSION_DYNAMIC_OUTPUT_EXPECTATION expectation = {0};\n        captured = Output->RenderedBytes ==\n                           ADMISSION_DYNAMIC_OUTPUT_SNAPSHOT_CAPACITY &&\n            Completed != NULL &&\n            AdmissionDynamicOutputSnapshotCapture(\n                &Runtime->DynamicOutputSnapshot, Fence,\n                Completed->Generation, Output->RenderedGpuAddress,\n                Output->RenderedPhysicalAddress, verificationBytes,\n                Output->RenderedBytes,\n                AdmissionDynamicOutputLayoutAgxTiled64,\n                Output->ExpectedColor) &&\n            AdmissionDynamicOutputDescribeExpectation(\n                Output->RenderWidth, Output->RenderHeight,\n                Output->RenderPitch, Output->BackgroundColor,\n                Output->ExpectedColor,\n                AdmissionDynamicOutputLayoutAgxTiled64,\n                &expectation) &&\n            AdmissionTerminalReceiptCaptureTriangleOutputProgress(\n                &Runtime->TerminalReceipt, Fence,\n                Runtime->DynamicOutputSnapshot.Data,\n                Runtime->DynamicOutputSnapshot.DataBytes, &expectation,\n                ADMISSION_OUTPUT_CAPTURE_CHUNK_BYTES,\n                AdmissionOutputCaptureProgress, Runtime, &foreground,\n                &result)\n                ? TRUE\n                : FALSE;\n        if (captured &&\n            !AdmissionDynamicOutputSnapshotRecordVerification(\n                &Runtime->DynamicOutputSnapshot, &result))\n          captured = FALSE;\n        if (captured && Completed != NULL)\n          Completed->View.ExpectedColor = expectation.ExpectedForegroundColor;\n      } else {\n        captured = AdmissionTerminalReceiptCaptureOutputProgress(\n            &Runtime->TerminalReceipt, Fence,\n            (const UCHAR *)Output->RenderedCpuAddress,\n            Output->RenderedBytes, Output->RenderedBytes,\n            Output->ExpectedColor, 0xa5u,\n            ADMISSION_OUTPUT_CAPTURE_CHUNK_BYTES,\n            AdmissionOutputCaptureProgress, Runtime)\n                       ? TRUE\n                       : FALSE;\n      }\n      if (captured && Output->VerificationKind != AdmissionBackendOutputVerificationNativeCapture) {\n        BOOLEAN outputValid =\n            Runtime->TerminalReceipt.OutputPixelsExpected ==\n                Output->RenderedBytes / 4u &&\n            Runtime->TerminalReceipt.OutputFirstMismatchIndex == 0xffffffffu &&\n            Runtime->TerminalReceipt.OutputPixelsPoison == 0u &&\n            Runtime->TerminalReceipt.OutputGuardCorrupt == 0u &&\n            Runtime->TerminalReceipt.OutputBytesExamined ==\n                Output->RenderedBytes;\n        accessRecorded = AdmissionCompletedOutputRecordAccess(\n            Completed, Fence,\n            (ULONG)(outputValid ? STATUS_SUCCESS : STATUS_DATA_ERROR))\n            ? TRUE : FALSE;\n#if defined(APPLE_AGX_VISIBLE_AGX_QUALIFICATION)\n        if (outputValid) {\n          if (Output->Framebuffer == APPLE_AGX_TRUE) {\n            Runtime->VisibleAgxSourceAddress =\n                Output->AllocationCpuAddress;\n            Runtime->VisibleAgxSourceBytes =\n                Output->AllocationBytes;\n            Runtime->VisibleAgxGpuAddress = Output->AllocationGpuAddress;\n            Runtime->VisibleAgxPhysicalAddress =\n                Output->AllocationPhysicalAddress;\n          } else {\n            RtlCopyMemory(Runtime->VisibleAgxSource,\n                          Runtime->DynamicOutputSnapshot.Data,\n                          sizeof(Runtime->VisibleAgxSource));\n            Runtime->VisibleAgxSourceAddress = Runtime->VisibleAgxSource;\n            Runtime->VisibleAgxSourceBytes =\n                sizeof(Runtime->VisibleAgxSource);\n          }\n          if (Output->Framebuffer != APPLE_AGX_TRUE) {\n            Runtime->VisibleAgxGpuAddress =\n                Runtime->TerminalReceipt.DestinationGpuVa;\n            Runtime->VisibleAgxPhysicalAddress =\n                Runtime->TerminalReceipt.DestinationPhysical;\n          }\n          Runtime->VisibleAgxFence = Fence;\n          Runtime->VisibleAgxValid = TRUE;\n        }\n#endif\n      }\n    }\n    if (!accessRecorded && Completed != NULL)\n      (void)AdmissionCompletedOutputRecordAccess(\n          Completed, Fence, (ULONG)STATUS_INVALID_ADDRESS);\n    Runtime->TerminalReceipt.EventReadPointer =\n        Runtime->Provider.LastEventReadPointer;\n    Runtime->TerminalReceipt.EventWritePointer =\n        Runtime->Provider.LastEventWritePointer;\n    AdmissionTerminalObservationTraceWindows(\n        Runtime->Adapter, source, (ULONG)Status,\n        (ULONG)Runtime->Backend.Phase,\n        (ULONG)Runtime->Provider.QueueProvider.Phase, Fence);\n  }\n}\n\nstatic VOID AdmissionTerminalExit(ADMISSION_PLATFORM_RUNTIME *Runtime) {\n  ULONG reason;\n  ULONG fence;\n  if (Runtime == NULL ||\n      !(Runtime->TerminalReceipt.ValidMask & ADMISSION_TERMINAL_VALID_BEGIN))\n    return;\n  fence = Runtime->TerminalReceipt.Fence;\n  if (Runtime->TerminalReceipt.ValidMask & ADMISSION_TERMINAL_VALID_TERMINAL)\n    reason = Runtime->TerminalReceipt.CompletionStatus ==\n                     (ULONG)AppleAgxBackendCompletionSuccess\n                 ? AdmissionTerminalExitCompleted\n                 : AdmissionTerminalExitBackendFailure;\n  else if (Runtime->Provider.LastPollGuard != AppleAgxPlatformPollGuardOk)\n    reason = AdmissionTerminalExitPollFailure;\n  else if (InterlockedCompareExchange(&Runtime->Resetting, 0, 0) != 0)\n    reason = AdmissionTerminalExitReset;\n  else if (InterlockedCompareExchange(&Runtime->Stopping, 0, 0) != 0)\n    reason = AdmissionTerminalExitStopped;\n  else\n    reason = AdmissionTerminalExitNonterminal;\n  Runtime->TerminalReceipt.WorkerExitReason = reason;\n  Runtime->TerminalReceipt.ProviderPhase =\n      (ULONG)Runtime->Provider.QueueProvider.Phase;\n  Runtime->TerminalReceipt.RuntimePhase = (ULONG)Runtime->Backend.Phase;\n  Runtime->TerminalReceipt.Stopping =\n      InterlockedCompareExchange(&Runtime->Stopping, 0, 0) != 0 ? 1u : 0u;\n  Runtime->TerminalReceipt.Resetting =\n      InterlockedCompareExchange(&Runtime->Resetting, 0, 0) != 0 ? 1u : 0u;\n  Runtime->TerminalReceipt.SchedulerFaulted = InterlockedCompareExchange(\n      &Runtime->Adapter->SchedulerFaulted, 0, 0) != 0 ? 1u : 0u;\n  KeMemoryBarrier();\n  (void)InterlockedOr(\n      (volatile LONG *)&Runtime->TerminalReceipt.ValidMask,\n      ADMISSION_TERMINAL_VALID_EXIT);\n  AdmissionTerminalExitTraceWindows(\n      Runtime->Adapter, reason, Runtime->TerminalReceipt.ValidMask,\n      (ULONG)Runtime->Backend.Phase,\n      (ULONG)Runtime->Provider.QueueProvider.Phase, fence);\n  AdmissionRecordTerminalReceipt(Runtime->Adapter,\n                                 &Runtime->TerminalReceipt);\n}\n\n_Use_decl_annotations_ VOID AdmissionTerminalReceiptDpcWindows(\n    ADMISSION_CONTEXT *Context, ULONG Fence) {\n  ADMISSION_PLATFORM_RUNTIME *runtime =\n      Context != NULL ? Context->PlatformRuntime : NULL;\n  if (runtime != NULL && runtime->TerminalReceipt.Fence == Fence &&\n      (InterlockedCompareExchange(\n          (volatile LONG *)&runtime->TerminalReceipt.ValidMask, 0, 0) &\n       ADMISSION_TERMINAL_VALID_INTERRUPT)) {\n    InterlockedExchange(\n        (volatile LONG *)&runtime->TerminalReceipt.NotifyDpc, 1);\n    (void)InterlockedOr(\n        (volatile LONG *)&runtime->TerminalReceipt.ValidMask,\n        ADMISSION_TERMINAL_VALID_DPC);\n  }\n}\n#endif\n\nstatic VOID AdmissionPlatformWorker(\n    _In_ PDEVICE_OBJECT DeviceObject, _In_opt_ PVOID Context);\n\n#if defined(APPLE_AGX_SUBMIT_QUALIFICATION)\nstatic BOOLEAN AdmissionCaptureQueueSubmission(\n    ADMISSION_PLATFORM_RUNTIME *Runtime,\n    const APPLE_AGX_G13_QUEUE_PROGRESS *Progress,\n    BOOLEAN ProgressValid,\n    ADMISSION_QUEUE_SUBMISSION_RECEIPT *Receipt) {\n  const APPLE_AGX_G13_QUEUE_RUNTIME *queue;\n  const APPLE_AGX_PLATFORM_CHANNEL_BINDINGS *channels;\n  ULONG taMessageIndex;\n  ULONG d3MessageIndex;\n  if (Runtime == NULL || Receipt == NULL ||\n      Runtime->Provider.QueueProvider.Phase !=\n          AppleAgxG13QueueProviderSubmitted)\n    return FALSE;\n  queue = &Runtime->Provider.QueueProvider.Runtime;\n  channels = &Runtime->Provider.Channels;\n  if (queue->Phase != AppleAgxG13QueueRuntimeSubmitted ||\n      queue->Config.Ta.RingCpuAddress == NULL ||\n      queue->Config.D3.RingCpuAddress == NULL ||\n      queue->Config.Ta.CpuWritePointer == NULL ||\n      queue->Config.D3.CpuWritePointer == NULL ||\n      queue->Config.Ta.GpuDonePointer == NULL ||\n      queue->Config.D3.GpuDonePointer == NULL ||\n      queue->Config.Ta.Stamp == NULL || queue->Config.D3.Stamp == NULL ||\n      channels->Ta.StateCpuAddress == NULL ||\n      channels->Ta.RingCpuAddress == NULL ||\n      channels->D3.StateCpuAddress == NULL ||\n      channels->D3.RingCpuAddress == NULL)\n    return FALSE;\n  RtlZeroMemory(Receipt, sizeof(*Receipt));\n  Receipt->Version = ADMISSION_QUEUE_SUBMISSION_RECEIPT_VERSION;\n  Receipt->Bytes = sizeof(*Receipt);\n  Receipt->Fence = queue->PendingFence;\n  Receipt->BackendPhase = Runtime->Backend.Phase;\n  Receipt->ProviderPhase = Runtime->Provider.QueueProvider.Phase;\n  Receipt->RuntimePhase = queue->Phase;\n  Receipt->InitialProgressValid = ProgressValid ? 1u : 0u;\n  Receipt->TaEventNumber = queue->Config.Ta.EventNumber;\n  Receipt->D3EventNumber = queue->Config.D3.EventNumber;\n  Receipt->TaRingCapacity = queue->Config.Ta.RingCapacity;\n  Receipt->D3RingCapacity = queue->Config.D3.RingCapacity;\n  Receipt->TaCpuWritePointer = *queue->Config.Ta.CpuWritePointer;\n  Receipt->TaGpuDonePointer = *queue->Config.Ta.GpuDonePointer;\n  Receipt->TaStamp = *queue->Config.Ta.Stamp;\n  Receipt->TaExpectedStamp = queue->TaPending.ExpectedStamp;\n  Receipt->TaExpectedDonePointer = queue->TaPending.ExpectedDonePointer;\n  Receipt->D3CpuWritePointer = *queue->Config.D3.CpuWritePointer;\n  Receipt->D3GpuDonePointer = *queue->Config.D3.GpuDonePointer;\n  Receipt->D3Stamp = *queue->Config.D3.Stamp;\n  Receipt->D3ExpectedStamp = queue->D3Pending.ExpectedStamp;\n  Receipt->D3ExpectedDonePointer = queue->D3Pending.ExpectedDonePointer;\n  if (ProgressValid && Progress != NULL) {\n    Receipt->TaGpuDonePointer = Progress->TaDonePointer;\n    Receipt->TaStamp = Progress->TaStamp;\n    Receipt->D3GpuDonePointer = Progress->D3DonePointer;\n    Receipt->D3Stamp = Progress->D3Stamp;\n  }\n  Receipt->TaChannelReadPointer = *(volatile ULONG *)(\n      channels->Ta.StateCpuAddress +\n      APPLE_AGX_PLATFORM_CHANNEL_READ_POINTER_OFFSET);\n  Receipt->TaChannelWritePointer = *(volatile ULONG *)(\n      channels->Ta.StateCpuAddress +\n      APPLE_AGX_PLATFORM_CHANNEL_WRITE_POINTER_OFFSET);\n  Receipt->D3ChannelReadPointer = *(volatile ULONG *)(\n      channels->D3.StateCpuAddress +\n      APPLE_AGX_PLATFORM_CHANNEL_READ_POINTER_OFFSET);\n  Receipt->D3ChannelWritePointer = *(volatile ULONG *)(\n      channels->D3.StateCpuAddress +\n      APPLE_AGX_PLATFORM_CHANNEL_WRITE_POINTER_OFFSET);\n  if (Receipt->TaChannelWritePointer >=\n          APPLE_AGX_PLATFORM_COMMAND_RING_ENTRY_COUNT ||\n      Receipt->D3ChannelWritePointer >=\n          APPLE_AGX_PLATFORM_COMMAND_RING_ENTRY_COUNT)\n    return FALSE;\n  Receipt->TaDoorbell = channels->Ta.Doorbell;\n  Receipt->D3Doorbell = channels->D3.Doorbell;\n  Receipt->TaQueueInfoGpuAddress = queue->Config.Ta.QueueInfoGpuAddress;\n  Receipt->D3QueueInfoGpuAddress = queue->Config.D3.QueueInfoGpuAddress;\n  Receipt->TaChannelStateGpuAddress = channels->Ta.StateGpuAddress;\n  Receipt->TaChannelRingGpuAddress = channels->Ta.RingGpuAddress;\n  Receipt->D3ChannelStateGpuAddress = channels->D3.StateGpuAddress;\n  Receipt->D3ChannelRingGpuAddress = channels->D3.RingGpuAddress;\n  RtlCopyMemory(Receipt->TaWorkAddresses, queue->Config.Ta.RingCpuAddress,\n                sizeof(Receipt->TaWorkAddresses));\n  RtlCopyMemory(Receipt->D3WorkAddresses, queue->Config.D3.RingCpuAddress,\n                sizeof(Receipt->D3WorkAddresses));\n  taMessageIndex = (Receipt->TaChannelWritePointer +\n      APPLE_AGX_PLATFORM_COMMAND_RING_ENTRY_COUNT - 1u) %\n      APPLE_AGX_PLATFORM_COMMAND_RING_ENTRY_COUNT;\n  d3MessageIndex = (Receipt->D3ChannelWritePointer +\n      APPLE_AGX_PLATFORM_COMMAND_RING_ENTRY_COUNT - 1u) %\n      APPLE_AGX_PLATFORM_COMMAND_RING_ENTRY_COUNT;\n  RtlCopyMemory(Receipt->TaRunMessage,\n      channels->Ta.RingCpuAddress +\n          taMessageIndex * APPLE_AGX_G13_RUN_MESSAGE_SIZE,\n      sizeof(Receipt->TaRunMessage));\n  RtlCopyMemory(Receipt->D3RunMessage,\n      channels->D3.RingCpuAddress +\n          d3MessageIndex * APPLE_AGX_G13_RUN_MESSAGE_SIZE,\n      sizeof(Receipt->D3RunMessage));\n  return TRUE;\n}\n\nstatic BOOLEAN AdmissionCaptureQueueInfo(\n    ADMISSION_PLATFORM_RUNTIME *Runtime, ULONG Fence,\n    ADMISSION_QUEUE_INFO_RECEIPT *Receipt) {\n  const APPLE_AGX_EXP208_RELOCATION_OBJECT *d3Info;\n  const APPLE_AGX_EXP208_RELOCATION_OBJECT *taInfo;\n  const APPLE_AGX_EXP208_RELOCATION_OBJECT *d3Pointers;\n  const APPLE_AGX_EXP208_RELOCATION_OBJECT *taPointers;\n  if (Runtime == NULL || Fence == 0u || Receipt == NULL)\n    return FALSE;\n  d3Info = &Runtime->QueueObjects[ADMISSION_QUEUE_OBJECT_D3_INFO];\n  taInfo = &Runtime->QueueObjects[ADMISSION_QUEUE_OBJECT_TA_INFO];\n  d3Pointers = &Runtime->QueueObjects[ADMISSION_QUEUE_OBJECT_D3_POINTERS];\n  taPointers = &Runtime->QueueObjects[ADMISSION_QUEUE_OBJECT_TA_POINTERS];\n  if (d3Info->Data == NULL || d3Info->Size != ADMISSION_QUEUE_INFO_BYTES ||\n      taInfo->Data == NULL || taInfo->Size != ADMISSION_QUEUE_INFO_BYTES ||\n      d3Pointers->Data == NULL ||\n      d3Pointers->Size != ADMISSION_QUEUE_POINTERS_BYTES ||\n      taPointers->Data == NULL ||\n      taPointers->Size != ADMISSION_QUEUE_POINTERS_BYTES)\n    return FALSE;\n  RtlZeroMemory(Receipt, sizeof(*Receipt));\n  Receipt->Version = ADMISSION_QUEUE_INFO_RECEIPT_VERSION;\n  Receipt->Bytes = sizeof(*Receipt);\n  Receipt->Fence = Fence;\n  RtlCopyMemory(Receipt->D3Info, d3Info->Data, sizeof(Receipt->D3Info));\n  RtlCopyMemory(Receipt->TaInfo, taInfo->Data, sizeof(Receipt->TaInfo));\n  RtlCopyMemory(Receipt->D3Pointers, d3Pointers->Data,\n                sizeof(Receipt->D3Pointers));\n  RtlCopyMemory(Receipt->TaPointers, taPointers->Data,\n                sizeof(Receipt->TaPointers));\n  return TRUE;\n}\n\nstatic BOOLEAN AdmissionCaptureBufferManager(\n    ADMISSION_PLATFORM_RUNTIME *Runtime, ULONG Fence,\n    ADMISSION_BUFFER_MANAGER_RECEIPT *Receipt) {\n  const APPLE_AGX_EXP208_RELOCATION_OBJECT *info;\n  const APPLE_AGX_EXP208_RELOCATION_OBJECT *control;\n  const APPLE_AGX_EXP208_RELOCATION_OBJECT *counter;\n  const APPLE_AGX_EXP208_RELOCATION_OBJECT *misc;\n  if (Runtime == NULL || Fence == 0u || Receipt == NULL)\n    return FALSE;\n  info = &Runtime->QueueObjects[ADMISSION_QUEUE_OBJECT_BUFFER_MANAGER_INFO];\n  control = &Runtime->QueueObjects[ADMISSION_QUEUE_OBJECT_BUFFER_MANAGER_CONTROL];\n  counter = &Runtime->QueueObjects[ADMISSION_QUEUE_OBJECT_BUFFER_MANAGER_COUNTER];\n  misc = &Runtime->QueueObjects[ADMISSION_QUEUE_OBJECT_BUFFER_MANAGER_MISC];\n  if (info->Data == NULL || info->Size != ADMISSION_BUFFER_MANAGER_INFO_BYTES ||\n      control->Data == NULL ||\n      control->Size != ADMISSION_BUFFER_MANAGER_STATE_BYTES ||\n      counter->Data == NULL ||\n      counter->Size != ADMISSION_BUFFER_MANAGER_STATE_BYTES ||\n      misc->Data == NULL || misc->Size != ADMISSION_BUFFER_MANAGER_STATE_BYTES)\n    return FALSE;\n  RtlZeroMemory(Receipt, sizeof(*Receipt));\n  Receipt->Version = ADMISSION_BUFFER_MANAGER_RECEIPT_VERSION;\n  Receipt->Bytes = sizeof(*Receipt);\n  Receipt->Fence = Fence;\n  RtlCopyMemory(Receipt->Info, info->Data, sizeof(Receipt->Info));\n  RtlCopyMemory(Receipt->BlockControl, control->Data,\n                sizeof(Receipt->BlockControl));\n  RtlCopyMemory(Receipt->Counter, counter->Data, sizeof(Receipt->Counter));\n  RtlCopyMemory(Receipt->Misc, misc->Data, sizeof(Receipt->Misc));\n  return TRUE;\n}\n\nstatic BOOLEAN AdmissionCaptureTaProgress(\n    ADMISSION_PLATFORM_RUNTIME *Runtime, ULONG Fence, ULONGLONG ElapsedMs,\n    ADMISSION_TA_PROGRESS_RECEIPT *Receipt) {\n  static const ULONG opcodeOffsets[ADMISSION_TA_MICROSEQUENCE_OPCODE_COUNT] = {\n      ADMISSION_TA_MICROSEQUENCE_START_OFFSET,\n      ADMISSION_TA_MICROSEQUENCE_TIMESTAMP_START_OFFSET,\n      ADMISSION_TA_MICROSEQUENCE_WAIT_OFFSET,\n      ADMISSION_TA_MICROSEQUENCE_TIMESTAMP_END_OFFSET,\n      ADMISSION_TA_MICROSEQUENCE_FINALIZE_OFFSET,\n      ADMISSION_TA_MICROSEQUENCE_RETIRE_OFFSET};\n  static const ULONG stampObjects[2] = {\n      ADMISSION_QUEUE_OBJECT_TA_STAMP1,\n      ADMISSION_QUEUE_OBJECT_TA_STAMP2};\n  static const ULONG timestampObjects[4] = {\n      ADMISSION_QUEUE_OBJECT_TA_TIMESTAMP_START,\n      ADMISSION_QUEUE_OBJECT_TA_TIMESTAMP_END,\n      ADMISSION_QUEUE_OBJECT_TA_USER_TIMESTAMP_START,\n      ADMISSION_QUEUE_OBJECT_TA_USER_TIMESTAMP_END};\n  const APPLE_AGX_EXP208_RELOCATION_OBJECT *initBm;\n  const APPLE_AGX_EXP208_RELOCATION_OBJECT *microsequence;\n  const APPLE_AGX_EXP208_RELOCATION_OBJECT *taWork;\n  const APPLE_AGX_EXP208_RELOCATION_OBJECT *eventControl;\n  const APPLE_AGX_EXP208_RELOCATION_OBJECT *taInfo;\n  const APPLE_AGX_EXP208_RELOCATION_OBJECT *taPointers;\n  const APPLE_AGX_MEMORY_OBJECT *stats;\n  ULONG index;\n  if (Runtime == NULL || Fence == 0u || Receipt == NULL)\n    return FALSE;\n  initBm = &Runtime->QueueObjects[ADMISSION_QUEUE_OBJECT_INITBM];\n  microsequence =\n      &Runtime->QueueObjects[ADMISSION_QUEUE_OBJECT_TA_MICROSEQUENCE];\n  taWork = &Runtime->QueueObjects[ADMISSION_QUEUE_OBJECT_TA_WORK];\n  eventControl =\n      &Runtime->QueueObjects[ADMISSION_QUEUE_OBJECT_EVENT_CONTROL];\n  taInfo = &Runtime->QueueObjects[ADMISSION_QUEUE_OBJECT_TA_INFO];\n  taPointers = &Runtime->QueueObjects[ADMISSION_QUEUE_OBJECT_TA_POINTERS];\n  stats = &Runtime->Initdata.RegionBMemory.Objects[\n      AppleAgxRegionBMemoryStatsTa];\n  if (initBm->Data == NULL || initBm->Size != ADMISSION_TA_INITBM_BYTES ||\n      microsequence->Data == NULL ||\n      ADMISSION_TA_MICROSEQUENCE_RETIRE_OFFSET > microsequence->Size ||\n      sizeof(ULONG) >\n          microsequence->Size - ADMISSION_TA_MICROSEQUENCE_RETIRE_OFFSET ||\n      taWork->Data == NULL ||\n      ADMISSION_TA_WORK_TIMESTAMP_TAIL_OFFSET > taWork->Size ||\n      ADMISSION_TA_WORK_TIMESTAMP_TAIL_BYTES >\n          taWork->Size - ADMISSION_TA_WORK_TIMESTAMP_TAIL_OFFSET ||\n      eventControl->Data == NULL || eventControl->Size != 176u ||\n      taInfo->Data == NULL || taInfo->Size != ADMISSION_QUEUE_INFO_BYTES ||\n      taPointers->Data == NULL ||\n      taPointers->Size != ADMISSION_QUEUE_POINTERS_BYTES ||\n      stats->CpuAddress == NULL ||\n      ADMISSION_TA_STATS_HEAD_BYTES > stats->Length ||\n      ADMISSION_TA_STATS_TIMESTAMPS_OFFSET > stats->Length ||\n      ADMISSION_TA_STATS_TIMESTAMPS_BYTES >\n          stats->Length - ADMISSION_TA_STATS_TIMESTAMPS_OFFSET)\n    return FALSE;\n  for (index = 0u; index < RTL_NUMBER_OF(stampObjects); ++index) {\n    const APPLE_AGX_EXP208_RELOCATION_OBJECT *object =\n        &Runtime->QueueObjects[stampObjects[index]];\n    if (object->Data == NULL || object->Size != sizeof(ULONG))\n      return FALSE;\n  }\n  for (index = 0u; index < RTL_NUMBER_OF(timestampObjects); ++index) {\n    const APPLE_AGX_EXP208_RELOCATION_OBJECT *object =\n        &Runtime->QueueObjects[timestampObjects[index]];\n    if (object->Data == NULL || object->Size != sizeof(ULONGLONG))\n      return FALSE;\n  }\n  RtlZeroMemory(Receipt, sizeof(*Receipt));\n  Receipt->Version = ADMISSION_TA_PROGRESS_RECEIPT_VERSION;\n  Receipt->Bytes = sizeof(*Receipt);\n  Receipt->Fence = Fence;\n  Receipt->ElapsedMs = ElapsedMs > MAXULONG ? MAXULONG : (ULONG)ElapsedMs;\n  RtlCopyMemory(Receipt->InitBm, initBm->Data, sizeof(Receipt->InitBm));\n  for (index = 0u; index < ADMISSION_TA_MICROSEQUENCE_OPCODE_COUNT;\n       ++index) {\n    RtlCopyMemory(&Receipt->MicrosequenceOpcodes[index],\n        (const UCHAR *)microsequence->Data + opcodeOffsets[index],\n        sizeof(Receipt->MicrosequenceOpcodes[index]));\n  }\n  RtlCopyMemory(Receipt->TaInfo, taInfo->Data, sizeof(Receipt->TaInfo));\n  RtlCopyMemory(Receipt->TaPointers, taPointers->Data,\n                sizeof(Receipt->TaPointers));\n  RtlCopyMemory(Receipt->EventControl, eventControl->Data,\n                sizeof(Receipt->EventControl));\n  RtlCopyMemory(Receipt->WorkTimestampTail,\n      (const UCHAR *)taWork->Data + ADMISSION_TA_WORK_TIMESTAMP_TAIL_OFFSET,\n      sizeof(Receipt->WorkTimestampTail));\n  RtlCopyMemory(Receipt->StatsHead, stats->CpuAddress,\n                sizeof(Receipt->StatsHead));\n  RtlCopyMemory(Receipt->StatsTimestamps,\n      (const UCHAR *)stats->CpuAddress + ADMISSION_TA_STATS_TIMESTAMPS_OFFSET,\n      sizeof(Receipt->StatsTimestamps));\n  for (index = 0u; index < RTL_NUMBER_OF(stampObjects); ++index) {\n    RtlCopyMemory(&Receipt->TaStamps[index * sizeof(ULONG)],\n        Runtime->QueueObjects[stampObjects[index]].Data, sizeof(ULONG));\n  }\n  for (index = 0u; index < RTL_NUMBER_OF(timestampObjects); ++index) {\n    RtlCopyMemory(&Receipt->TimestampTargets[index * sizeof(ULONGLONG)],\n        Runtime->QueueObjects[timestampObjects[index]].Data,\n        sizeof(ULONGLONG));\n  }\n  return TRUE;\n}\n\nstatic BOOLEAN AdmissionCaptureTaRetire(\n    ADMISSION_PLATFORM_RUNTIME *Runtime, ULONG Fence, ULONGLONG ElapsedMs,\n    ADMISSION_TA_RETIRE_RECEIPT *Receipt) {\n  const APPLE_AGX_EXP208_RELOCATION_OBJECT *microsequence;\n  const APPLE_AGX_EXP208_RELOCATION_OBJECT *eventCount;\n  const APPLE_AGX_EXP208_RELOCATION_OBJECT *jobList;\n  const APPLE_AGX_MEMORY_OBJECT *regionC;\n  const APPLE_AGX_PLATFORM_RX_CHANNEL_BINDING *event;\n  volatile APPLE_AGX_BACKEND_U32 *readPointer;\n  volatile APPLE_AGX_BACKEND_U32 *writePointer;\n  APPLE_AGX_BACKEND_U32 read;\n  APPLE_AGX_BACKEND_U32 write;\n  if (Runtime == NULL || Fence == 0u || Receipt == NULL)\n    return FALSE;\n  microsequence =\n      &Runtime->QueueObjects[ADMISSION_QUEUE_OBJECT_TA_MICROSEQUENCE];\n  eventCount = &Runtime->QueueObjects[ADMISSION_QUEUE_OBJECT_EVENT_COUNT];\n  jobList = &Runtime->QueueObjects[ADMISSION_QUEUE_OBJECT_JOB_LIST];\n  regionC = &Runtime->Initdata.DataObjects[AppleAgxInitdataMemoryRegionC];\n  event = &Runtime->Provider.Channels.Event;\n  if (microsequence->Data == NULL ||\n      ADMISSION_TA_MICROSEQUENCE_FINALIZE_OFFSET > microsequence->Size ||\n      ADMISSION_TA_FINALIZE_RETIRE_BYTES >\n          microsequence->Size - ADMISSION_TA_MICROSEQUENCE_FINALIZE_OFFSET ||\n      eventCount->Data == NULL || eventCount->Size != 4u ||\n      jobList->Data == NULL || jobList->Size != 24u ||\n      regionC->CpuAddress == NULL ||\n      ADMISSION_REGIONC_PENDING_STAMPS_OFFSET > regionC->Length ||\n      ADMISSION_REGIONC_PENDING_STAMPS_BYTES >\n          regionC->Length - ADMISSION_REGIONC_PENDING_STAMPS_OFFSET ||\n      event->StateCpuAddress == NULL)\n    return FALSE;\n  readPointer = (volatile APPLE_AGX_BACKEND_U32 *)(\n      event->StateCpuAddress + APPLE_AGX_PLATFORM_CHANNEL_READ_POINTER_OFFSET);\n  writePointer = (volatile APPLE_AGX_BACKEND_U32 *)(\n      event->StateCpuAddress + APPLE_AGX_PLATFORM_CHANNEL_WRITE_POINTER_OFFSET);\n  if (!Runtime->TransportIo.ReadU32(Runtime, readPointer, &read) ||\n      !Runtime->TransportIo.ReadU32(Runtime, writePointer, &write) ||\n      read >= APPLE_AGX_PLATFORM_EVENT_RING_ENTRY_COUNT ||\n      write >= APPLE_AGX_PLATFORM_EVENT_RING_ENTRY_COUNT)\n    return FALSE;\n  RtlZeroMemory(Receipt, sizeof(*Receipt));\n  Receipt->Version = ADMISSION_TA_RETIRE_RECEIPT_VERSION;\n  Receipt->Bytes = sizeof(*Receipt);\n  Receipt->Fence = Fence;\n  Receipt->ElapsedMs = ElapsedMs > MAXULONG ? MAXULONG : (ULONG)ElapsedMs;\n  Receipt->EventReadPointer = read;\n  Receipt->EventWritePointer = write;\n  RtlCopyMemory(Receipt->FinalizeAndRetire,\n      (const UCHAR *)microsequence->Data +\n          ADMISSION_TA_MICROSEQUENCE_FINALIZE_OFFSET,\n      sizeof(Receipt->FinalizeAndRetire));\n  RtlCopyMemory(Receipt->EventCount, eventCount->Data,\n                sizeof(Receipt->EventCount));\n  RtlCopyMemory(Receipt->JobList, jobList->Data,\n                sizeof(Receipt->JobList));\n  RtlCopyMemory(Receipt->PendingStamps,\n      (const UCHAR *)regionC->CpuAddress +\n          ADMISSION_REGIONC_PENDING_STAMPS_OFFSET,\n      sizeof(Receipt->PendingStamps));\n  return TRUE;\n}\n\nstatic BOOLEAN AdmissionCaptureTaTemporalSample(\n    ADMISSION_PLATFORM_RUNTIME *Runtime, ULONGLONG ElapsedMs,\n    ADMISSION_TA_TEMPORAL_SAMPLE *Sample) {\n  static const ULONG stampObjects[2] = {\n      ADMISSION_QUEUE_OBJECT_TA_STAMP1,\n      ADMISSION_QUEUE_OBJECT_TA_STAMP2};\n  static const ULONG timestampObjects[4] = {\n      ADMISSION_QUEUE_OBJECT_TA_TIMESTAMP_START,\n      ADMISSION_QUEUE_OBJECT_TA_TIMESTAMP_END,\n      ADMISSION_QUEUE_OBJECT_TA_USER_TIMESTAMP_START,\n      ADMISSION_QUEUE_OBJECT_TA_USER_TIMESTAMP_END};\n  const APPLE_AGX_EXP208_RELOCATION_OBJECT *taWork;\n  ULONG index;\n  if (Runtime == NULL || Sample == NULL)\n    return FALSE;\n  taWork = &Runtime->QueueObjects[ADMISSION_QUEUE_OBJECT_TA_WORK];\n  if (taWork->Data == NULL ||\n      ADMISSION_TA_WORK_TIMESTAMP_TAIL_OFFSET > taWork->Size ||\n      ADMISSION_TA_WORK_TIMESTAMP_TAIL_BYTES >\n          taWork->Size - ADMISSION_TA_WORK_TIMESTAMP_TAIL_OFFSET)\n    return FALSE;\n  for (index = 0u; index < RTL_NUMBER_OF(stampObjects); ++index) {\n    const APPLE_AGX_EXP208_RELOCATION_OBJECT *object =\n        &Runtime->QueueObjects[stampObjects[index]];\n    if (object->Data == NULL || object->Size != sizeof(ULONG))\n      return FALSE;\n  }\n  for (index = 0u; index < RTL_NUMBER_OF(timestampObjects); ++index) {\n    const APPLE_AGX_EXP208_RELOCATION_OBJECT *object =\n        &Runtime->QueueObjects[timestampObjects[index]];\n    if (object->Data == NULL || object->Size != sizeof(ULONGLONG))\n      return FALSE;\n  }\n  RtlZeroMemory(Sample, sizeof(*Sample));\n  Sample->ElapsedMs = ElapsedMs > MAXULONG ? MAXULONG : (ULONG)ElapsedMs;\n  for (index = 0u; index < RTL_NUMBER_OF(stampObjects); ++index) {\n    RtlCopyMemory(&Sample->TaStamps[index * sizeof(ULONG)],\n        Runtime->QueueObjects[stampObjects[index]].Data, sizeof(ULONG));\n  }\n  for (index = 0u; index < RTL_NUMBER_OF(timestampObjects); ++index) {\n    RtlCopyMemory(&Sample->TimestampTargets[index * sizeof(ULONGLONG)],\n        Runtime->QueueObjects[timestampObjects[index]].Data,\n        sizeof(ULONGLONG));\n  }\n  RtlCopyMemory(Sample->WorkTimestampTail,\n      (const UCHAR *)taWork->Data + ADMISSION_TA_WORK_TIMESTAMP_TAIL_OFFSET,\n      sizeof(Sample->WorkTimestampTail));\n  return TRUE;\n}\n\nstatic BOOLEAN AdmissionCaptureKTrace(\n    ADMISSION_PLATFORM_RUNTIME *Runtime, ULONG Fence,\n    APPLE_AGX_BACKEND_U32 InitialWrite,\n    ADMISSION_KTRACE_RECEIPT *Receipt) {\n  const APPLE_AGX_MEMORY_OBJECT *state;\n  const APPLE_AGX_MEMORY_OBJECT *ring;\n  volatile APPLE_AGX_BACKEND_U32 *writePointer;\n  APPLE_AGX_BACKEND_U32 finalWrite;\n  APPLE_AGX_BACKEND_U32 entry;\n  if (Runtime == NULL || Fence == 0u || Receipt == NULL ||\n      InitialWrite >= ADMISSION_KTRACE_RING_ENTRIES)\n    return FALSE;\n  state = &Runtime->Initdata.ChannelMemory.Objects[\n      ADMISSION_CHANNEL_OBJECT_KTRACE_STATE];\n  ring = &Runtime->Initdata.ChannelMemory.Objects[\n      ADMISSION_CHANNEL_OBJECT_KTRACE_RING];\n  if (state->CpuAddress == NULL || state->Length < 0x24u ||\n      ring->CpuAddress == NULL ||\n      ring->Length < ADMISSION_KTRACE_RING_ENTRIES *\n                         ADMISSION_KTRACE_ENTRY_BYTES)\n    return FALSE;\n  writePointer = (volatile APPLE_AGX_BACKEND_U32 *)(\n      (unsigned char *)state->CpuAddress +\n      APPLE_AGX_PLATFORM_CHANNEL_WRITE_POINTER_OFFSET);\n  if (!Runtime->TransportIo.ReadU32(\n          Runtime, writePointer, &finalWrite) ||\n      finalWrite >= ADMISSION_KTRACE_RING_ENTRIES)\n    return FALSE;\n  RtlZeroMemory(Receipt, sizeof(*Receipt));\n  Receipt->Version = ADMISSION_KTRACE_RECEIPT_VERSION;\n  Receipt->Bytes = sizeof(*Receipt);\n  Receipt->Fence = Fence;\n  Receipt->InitialWritePointer = InitialWrite;\n  Receipt->FinalWritePointer = finalWrite;\n  for (entry = 0u; entry < ADMISSION_KTRACE_ENTRY_COUNT; ++entry) {\n    APPLE_AGX_BACKEND_U32 slot =\n        (finalWrite + ADMISSION_KTRACE_RING_ENTRIES -\n         ADMISSION_KTRACE_ENTRY_COUNT + entry) %\n        ADMISSION_KTRACE_RING_ENTRIES;\n    RtlCopyMemory(Receipt->Entries[entry],\n        (const unsigned char *)ring->CpuAddress +\n            slot * ADMISSION_KTRACE_ENTRY_BYTES,\n        ADMISSION_KTRACE_ENTRY_BYTES);\n  }\n  return TRUE;\n}\n\nstatic BOOLEAN AdmissionCaptureQueueFaultSnapshot(\n    ADMISSION_PLATFORM_RUNTIME *Runtime, ULONG Fence, ULONGLONG ElapsedMs,\n    ULONG TaRead, ULONG D3Read, BOOLEAN AllowEarly, BOOLEAN ReadSgx,\n    ADMISSION_QUEUE_FAULT_SNAPSHOT *Snapshot) {\n  const APPLE_AGX_MEMORY_OBJECT *regionB;\n  const APPLE_AGX_MEMORY_OBJECT *regionC;\n  if (Runtime == NULL || Runtime->SgxBase == NULL || Snapshot == NULL ||\n      Fence == 0u ||\n      (!AllowEarly &&\n       ElapsedMs < ADMISSION_QUEUE_FAULT_SNAPSHOT_DELAY_MS))\n    return FALSE;\n  regionB = &Runtime->Initdata.RegionBMemory.Objects[\n      AppleAgxRegionBMemoryFaultInfo];\n  regionC = &Runtime->Initdata.DataObjects[AppleAgxInitdataMemoryRegionC];\n  if (regionB->CpuAddress == NULL ||\n      regionB->Length < sizeof(Snapshot->RegionBFault) ||\n      regionC->CpuAddress == NULL ||\n      ADMISSION_REGIONC_FAULT_INFO_OFFSET > regionC->Length ||\n      sizeof(Snapshot->RegionCFault) >\n          regionC->Length - ADMISSION_REGIONC_FAULT_INFO_OFFSET)\n    return FALSE;\n  RtlZeroMemory(Snapshot, sizeof(*Snapshot));\n  Snapshot->Version = ADMISSION_QUEUE_FAULT_SNAPSHOT_VERSION;\n  Snapshot->Bytes = sizeof(*Snapshot);\n  Snapshot->Fence = Fence;\n  Snapshot->ElapsedMs = ElapsedMs > MAXULONG ? MAXULONG : (ULONG)ElapsedMs;\n  Snapshot->TaChannelReadPointer = TaRead;\n  Snapshot->D3ChannelReadPointer = D3Read;\n  Snapshot->SgxFaultInfo = ReadSgx\n      ? READ_REGISTER_ULONG64(\n            (volatile ULONG64 *)(Runtime->SgxBase +\n                                 ADMISSION_PLATFORM_SGX_FAULT_INFO_OFFSET))\n      : 0xacce5515abad1deaULL;\n  RtlCopyMemory(Snapshot->RegionBFault, regionB->CpuAddress,\n                sizeof(Snapshot->RegionBFault));\n  RtlCopyMemory(Snapshot->RegionCFault,\n      (const UCHAR *)regionC->CpuAddress + ADMISSION_REGIONC_FAULT_INFO_OFFSET,\n      sizeof(Snapshot->RegionCFault));\n  return TRUE;\n}\n#endif\n\nstatic ULONGLONG AdmissionPlatformNowMs(void) {\n  return (ULONGLONG)(KeQueryInterruptTime() / 10000ULL);\n}\n\nstatic BOOLEAN AdmissionPlatformRangeContains(\n    const APPLE_AGX_MEMORY_OBJECT *Object, const void *Address,\n    APPLE_AGX_U32 Bytes) {\n  ULONG_PTR base;\n  ULONG_PTR value;\n  ULONGLONG offset;\n  if (Object == NULL || Address == NULL || Bytes == 0u ||\n      Object->CpuAddress == NULL || Object->Length == 0ULL)\n    return FALSE;\n  base = (ULONG_PTR)Object->CpuAddress;\n  value = (ULONG_PTR)Address;\n  if (value < base)\n    return FALSE;\n  offset = (ULONGLONG)(value - base);\n  return offset <= Object->Length &&\n                 Bytes <= Object->Length - offset\n             ? TRUE\n             : FALSE;\n}\n\nstatic BOOLEAN AdmissionPlatformContains(\n    ADMISSION_PLATFORM_RUNTIME *Runtime, const void *Address,\n    APPLE_AGX_U32 Bytes) {\n  APPLE_AGX_U32 index;\n  if (Runtime == NULL || Address == NULL || Bytes == 0u)\n    return FALSE;\n#if defined(APPLE_AGX_SUBMIT_QUALIFICATION)\n  if (AdmissionCompletedOutputContains(\n          &Runtime->CompletedOutput, Runtime->CompletedOutput.Fence,\n          Address, Bytes))\n    return TRUE;\n#endif\n  for (index = 0u; index < Runtime->Initdata.ChannelMemory.ObjectCount;\n       ++index) {\n    if (AdmissionPlatformRangeContains(\n            &Runtime->Initdata.ChannelMemory.Objects[index], Address,\n            Bytes))\n      return TRUE;\n  }\n  for (index = 0u;\n       index < Runtime->Initdata.RenderSharedMemory.ObjectCount; ++index) {\n    if (AdmissionPlatformRangeContains(\n            &Runtime->Initdata.RenderSharedMemory.Objects[index], Address,\n            Bytes))\n      return TRUE;\n  }\n  for (index = 0u;\n       index < APPLE_AGX_RENDER_TEMPLATE_RUNTIME_OBJECT_COUNT; ++index) {\n    const APPLE_AGX_EXP208_RELOCATION_OBJECT *object =\n        &Runtime->Adapter->BackendImage.Objects[index];\n    ULONG_PTR base;\n    ULONG_PTR value;\n    ULONGLONG offset;\n    if (object->Data == NULL || object->Size == 0u)\n      continue;\n    base = (ULONG_PTR)object->Data;\n    value = (ULONG_PTR)Address;\n    if (value < base)\n      continue;\n    offset = (ULONGLONG)(value - base);\n    if (offset <= object->Size && Bytes <= object->Size - offset)\n      return TRUE;\n  }\n  return FALSE;\n}\n\nstatic NTSTATUS AdmissionPlatformValidateResources(\n    ADMISSION_CONTEXT *Context) {\n  PCM_RESOURCE_LIST resources;\n  ULONG memory_count = 0u;\n  ULONG interrupt_count = 0u;\n  ULONG seen = 0u;\n  ULONG full_index;\n  if (Context == NULL)\n    return STATUS_INVALID_PARAMETER;\n  resources = Context->DeviceInformation.TranslatedResourceList;\n  if (resources == NULL || resources->Count != 1u)\n    return STATUS_DEVICE_CONFIGURATION_ERROR;\n  for (full_index = 0u; full_index < resources->Count; ++full_index) {\n    PCM_FULL_RESOURCE_DESCRIPTOR full = &resources->List[full_index];\n    ULONG partial_index;\n    for (partial_index = 0u;\n         partial_index < full->PartialResourceList.Count; ++partial_index) {\n      PCM_PARTIAL_RESOURCE_DESCRIPTOR descriptor =\n          &full->PartialResourceList.PartialDescriptors[partial_index];\n      if (descriptor->Type == CmResourceTypeMemory) {\n        ULONGLONG start =\n            (ULONGLONG)descriptor->u.Memory.Start.QuadPart;\n        ULONG length = descriptor->u.Memory.Length;\n        ULONG bit = 0u;\n        if (start == J313_AGX_G2_SGX_MMIO_BASE &&\n            length == J313_AGX_G2_SGX_MMIO_SIZE)\n          bit = 1u << 0;\n        else if (start == J313_AGX_G2_GPU_BASE &&\n                 length == J313_AGX_G2_GPU_SIZE)\n          bit = 1u << 1;\n        else if (start == J313_AGX_G2_HANDOFF_BASE &&\n                 length == J313_AGX_G2_HANDOFF_SIZE)\n          bit = 1u << 2;\n        else if (start == J313_AGX_G2_POWER_BROKER_BASE &&\n                 length == J313_AGX_G2_POWER_BROKER_SIZE)\n          bit = 1u << 3;\n        else if (AppleAgxLocalReserveMatchesResource(\n                     &Context->LocalReserveReceipt, start, length))\n          bit = 1u << 4;\n        else\n          return STATUS_DEVICE_CONFIGURATION_ERROR;\n        if ((seen & bit) != 0u)\n          return STATUS_DEVICE_CONFIGURATION_ERROR;\n        seen |= bit;\n        ++memory_count;\n      } else if (descriptor->Type == CmResourceTypeDevicePrivate) {\n        /* PnP owns the reserved payload; only memory and IRQ are ours. */\n        continue;\n      } else if (descriptor->Type == CmResourceTypeInterrupt) {\n        if (descriptor->ShareDisposition != CmResourceShareDeviceExclusive ||\n            descriptor->Flags != CM_RESOURCE_INTERRUPT_LATCHED ||\n            descriptor->u.Interrupt.Vector == 0u)\n          return STATUS_DEVICE_CONFIGURATION_ERROR;\n        ++interrupt_count;\n      } else {\n        return STATUS_DEVICE_CONFIGURATION_ERROR;\n      }\n    }\n  }\n  return memory_count == 5u && seen == 0x1fu && interrupt_count == 1u\n             ? STATUS_SUCCESS\n             : STATUS_DEVICE_CONFIGURATION_ERROR;\n}\n\nstatic NTSTATUS AdmissionPlatformReadSnapshot(\n    ADMISSION_CONTEXT *Context, APPLE_AGX_CONFIG_SNAPSHOT *Snapshot) {\n  ULONG wire[ADMISSION_PLATFORM_CONFIG_WINDOW_BYTES / sizeof(ULONG)];\n  ULONG index;\n  if (Context == NULL || Snapshot == NULL || Context->BrokerBase == NULL ||\n      sizeof(wire) > J313_AGX_G2_POWER_BROKER_SIZE)\n    return STATUS_INVALID_PARAMETER;\n  RtlZeroMemory(wire, sizeof(wire));\n  for (index = APPLE_AGX_CONFIG_MMIO_OFFSET / sizeof(ULONG);\n       index < RTL_NUMBER_OF(wire); ++index)\n    wire[index] = READ_REGISTER_ULONG(\n        (volatile ULONG *)(Context->BrokerBase + index * sizeof(ULONG)));\n  return AppleAgxConfigSnapshotDecodeJ313(\n             (const unsigned char *)wire,\n             (APPLE_AGX_U32)sizeof(wire), Snapshot) ==\n                 AppleAgxConfigResultOk\n             ? STATUS_SUCCESS\n             : STATUS_DEVICE_CONFIGURATION_ERROR;\n}\n\nstatic BOOLEAN AdmissionAscRange(\n    ADMISSION_ASC_TRANSPORT *Transport, APPLE_AGX_U32 Offset,\n    APPLE_AGX_U32 Width) {\n  return Transport != NULL && Transport->Base != NULL && Width != 0u &&\n                 Offset <= Transport->Length &&\n                 Width <= Transport->Length - Offset\n             ? TRUE\n             : FALSE;\n}\n\nstatic APPLE_AGX_ASC_U64 AdmissionAscNow(void *Context) {\n  UNREFERENCED_PARAMETER(Context);\n  return AdmissionPlatformNowMs();\n}\n\nstatic APPLE_AGX_ASC_BOOL AdmissionAscRead32(\n    void *Context, APPLE_AGX_ASC_U32 Offset, APPLE_AGX_ASC_U32 *Value) {\n  ADMISSION_ASC_TRANSPORT *transport = Context;\n  if (Value == NULL || (Offset & 3u) != 0u ||\n      !AdmissionAscRange(transport, Offset, sizeof(ULONG)))\n    return APPLE_AGX_ASC_FALSE;\n  *Value = READ_REGISTER_ULONG(\n      (volatile ULONG *)(transport->Base + Offset));\n  return APPLE_AGX_ASC_TRUE;\n}\n\nstatic APPLE_AGX_ASC_BOOL AdmissionAscRead64(\n    void *Context, APPLE_AGX_ASC_U32 Offset, APPLE_AGX_ASC_U64 *Value) {\n  ADMISSION_ASC_TRANSPORT *transport = Context;\n  if (Value == NULL || (Offset & 7u) != 0u ||\n      !AdmissionAscRange(transport, Offset, sizeof(ULONG64)))\n    return APPLE_AGX_ASC_FALSE;\n  *Value = READ_REGISTER_ULONG64(\n      (volatile ULONG64 *)(transport->Base + Offset));\n  if (transport->TraceCount < RTL_NUMBER_OF(transport->Trace)) {\n    transport->Trace[transport->TraceCount].Offset = Offset;\n    transport->Trace[transport->TraceCount].Write = 0;\n    transport->Trace[transport->TraceCount++].Value = *Value;\n  }\n  return APPLE_AGX_ASC_TRUE;\n}\n\nstatic APPLE_AGX_ASC_BOOL AdmissionAscWrite32(\n    void *Context, APPLE_AGX_ASC_U32 Offset, APPLE_AGX_ASC_U32 Value) {\n  ADMISSION_ASC_TRANSPORT *transport = Context;\n  if ((Offset & 3u) != 0u ||\n      !AdmissionAscRange(transport, Offset, sizeof(ULONG)))\n    return APPLE_AGX_ASC_FALSE;\n  WRITE_REGISTER_ULONG((volatile ULONG *)(transport->Base + Offset), Value);\n  return APPLE_AGX_ASC_TRUE;\n}\n\nstatic APPLE_AGX_ASC_BOOL AdmissionAscWrite64(\n    void *Context, APPLE_AGX_ASC_U32 Offset, APPLE_AGX_ASC_U64 Value) {\n  ADMISSION_ASC_TRANSPORT *transport = Context;\n  if ((Offset & 7u) != 0u ||\n      !AdmissionAscRange(transport, Offset, sizeof(ULONG64)))\n    return APPLE_AGX_ASC_FALSE;\n  WRITE_REGISTER_ULONG64((volatile ULONG64 *)(transport->Base + Offset),\n                         Value);\n  if (transport->TraceCount < RTL_NUMBER_OF(transport->Trace)) {\n    transport->Trace[transport->TraceCount].Offset = Offset;\n    transport->Trace[transport->TraceCount].Write = 1;\n    transport->Trace[transport->TraceCount++].Value = Value;\n  }\n  return APPLE_AGX_ASC_TRUE;\n}\n\nstatic APPLE_AGX_ASC_BOOL AdmissionAscPause(void *Context) {\n  LARGE_INTEGER interval;\n  UNREFERENCED_PARAMETER(Context);\n  interval.QuadPart = -10000LL;\n  return NT_SUCCESS(\n             KeDelayExecutionThread(KernelMode, FALSE, &interval))\n             ? APPLE_AGX_ASC_TRUE\n             : APPLE_AGX_ASC_FALSE;\n}\n\nstatic BOOLEAN AdmissionHandoffRange(\n    ADMISSION_PLATFORM_RUNTIME *Runtime, ULONG Offset, ULONG Width) {\n  return Runtime != NULL && Runtime->HandoffBase != NULL && Width != 0u &&\n                 Offset <= J313_AGX_G2_HANDOFF_SIZE &&\n                 Width <= J313_AGX_G2_HANDOFF_SIZE - Offset\n             ? TRUE\n             : FALSE;\n}\n\nstatic unsigned char AdmissionHandoffRead8(\n    void *Context, unsigned int Offset, unsigned char *Value) {\n  ADMISSION_PLATFORM_RUNTIME *runtime = Context;\n  if (Value == NULL || !AdmissionHandoffRange(runtime, Offset, 1u))\n    return 0u;\n  *Value = READ_REGISTER_UCHAR(runtime->HandoffBase + Offset);\n  return 1u;\n}\n\nstatic unsigned char AdmissionHandoffRead32(\n    void *Context, unsigned int Offset, unsigned int *Value) {\n  ADMISSION_PLATFORM_RUNTIME *runtime = Context;\n  if (Value == NULL || (Offset & 3u) != 0u ||\n      !AdmissionHandoffRange(runtime, Offset, sizeof(ULONG)))\n    return 0u;\n  *Value = READ_REGISTER_ULONG(\n      (volatile ULONG *)(runtime->HandoffBase + Offset));\n  return 1u;\n}\n\nstatic unsigned char AdmissionHandoffRead64(\n    void *Context, unsigned int Offset, unsigned long long *Value) {\n  ADMISSION_PLATFORM_RUNTIME *runtime = Context;\n  if (Value == NULL || (Offset & 7u) != 0u ||\n      !AdmissionHandoffRange(runtime, Offset, sizeof(ULONG64)))\n    return 0u;\n  *Value = READ_REGISTER_ULONG64(\n      (volatile ULONG64 *)(runtime->HandoffBase + Offset));\n  return 1u;\n}\n\nstatic unsigned char AdmissionHandoffWrite8(\n    void *Context, unsigned int Offset, unsigned char Value) {\n  ADMISSION_PLATFORM_RUNTIME *runtime = Context;\n  if (!AdmissionHandoffRange(runtime, Offset, 1u))\n    return 0u;\n  WRITE_REGISTER_UCHAR(runtime->HandoffBase + Offset, Value);\n  return 1u;\n}\n\nstatic unsigned char AdmissionHandoffWrite32(\n    void *Context, unsigned int Offset, unsigned int Value) {\n  ADMISSION_PLATFORM_RUNTIME *runtime = Context;\n  if ((Offset & 3u) != 0u ||\n      !AdmissionHandoffRange(runtime, Offset, sizeof(ULONG)))\n    return 0u;\n  WRITE_REGISTER_ULONG(\n      (volatile ULONG *)(runtime->HandoffBase + Offset), Value);\n  return 1u;\n}\n\nstatic unsigned char AdmissionHandoffWrite64(\n    void *Context, unsigned int Offset, unsigned long long Value) {\n  ADMISSION_PLATFORM_RUNTIME *runtime = Context;\n  if ((Offset & 7u) != 0u ||\n      !AdmissionHandoffRange(runtime, Offset, sizeof(ULONG64)))\n    return 0u;\n  WRITE_REGISTER_ULONG64(\n      (volatile ULONG64 *)(runtime->HandoffBase + Offset), Value);\n  return 1u;\n}\n\nstatic void AdmissionHandoffBarrier(void *Context) {\n  UNREFERENCED_PARAMETER(Context);\n  KeMemoryBarrier();\n}\n\nstatic void AdmissionHandoffRelax(void *Context) {\n  UNREFERENCED_PARAMETER(Context);\n  KeStallExecutionProcessor(10u);\n}\n\nstatic unsigned long long AdmissionHandoffNow(void *Context) {\n  UNREFERENCED_PARAMETER(Context);\n  return AdmissionPlatformNowMs();\n}\n\nstatic APPLE_AGX_POWER_U32 AdmissionPowerRead32(\n    void *Context, APPLE_AGX_POWER_U32 Offset) {\n  ADMISSION_PLATFORM_RUNTIME *runtime = Context;\n  return READ_REGISTER_ULONG(\n      (volatile ULONG *)(runtime->Adapter->BrokerBase + Offset));\n}\n\nstatic APPLE_AGX_POWER_U64 AdmissionPowerRead64(\n    void *Context, APPLE_AGX_POWER_U32 Offset) {\n  ADMISSION_PLATFORM_RUNTIME *runtime = Context;\n  return READ_REGISTER_ULONG64(\n      (volatile ULONG64 *)(runtime->Adapter->BrokerBase + Offset));\n}\n\nstatic void AdmissionPowerWrite32(\n    void *Context, APPLE_AGX_POWER_U32 Offset, APPLE_AGX_POWER_U32 Value) {\n  ADMISSION_PLATFORM_RUNTIME *runtime = Context;\n  WRITE_REGISTER_ULONG(\n      (volatile ULONG *)(runtime->Adapter->BrokerBase + Offset), Value);\n}\n\nstatic void AdmissionPowerWrite64(\n    void *Context, APPLE_AGX_POWER_U32 Offset, APPLE_AGX_POWER_U64 Value) {\n  ADMISSION_PLATFORM_RUNTIME *runtime = Context;\n  WRITE_REGISTER_ULONG64(\n      (volatile ULONG64 *)(runtime->Adapter->BrokerBase + Offset), Value);\n}\n\nstatic void AdmissionPowerIo(\n    ADMISSION_PLATFORM_RUNTIME *Runtime, APPLE_AGX_POWER_IO *Io) {\n  RtlZeroMemory(Io, sizeof(*Io));\n  Io->Context = Runtime;\n  Io->Read32 = AdmissionPowerRead32;\n  Io->Read64 = AdmissionPowerRead64;\n  Io->Write32 = AdmissionPowerWrite32;\n  Io->Write64 = AdmissionPowerWrite64;\n}\n\nstatic unsigned char AdmissionFirmwareAtPassive(void *Context) {\n  return Context != NULL && KeGetCurrentIrql() == PASSIVE_LEVEL ? 1u : 0u;\n}\n\nstatic unsigned long long AdmissionFirmwareNow(void *Context) {\n  UNREFERENCED_PARAMETER(Context);\n  return AdmissionPlatformNowMs();\n}\n\nstatic unsigned char AdmissionFirmwarePowerOn(\n    void *Context, unsigned long long DeadlineMs) {\n  ADMISSION_PLATFORM_RUNTIME *runtime = Context;\n  APPLE_AGX_POWER_IO io;\n  BOOLEAN acquired;\n  if (runtime == NULL || runtime->Powered ||\n      AdmissionPlatformNowMs() >= DeadlineMs)\n    return 0u;\n  AdmissionPowerIo(runtime, &io);\n  acquired = AppleAgxPowerAcquire(&io) ? TRUE : FALSE;\n  /* Preserve the broker\'s exact terminal response before provider PowerOn\n   * reduces this hardware transaction to a boolean transport result. */\n  AdmissionRecordFirmwarePowerOn(\n      runtime->Adapter, acquired,\n      AdmissionPowerRead32(runtime, J313_AGX_G2_POWER_REG_STATE),\n      AdmissionPowerRead32(runtime, J313_AGX_G2_POWER_REG_RESULT),\n      AdmissionPowerRead64(runtime, J313_AGX_G2_POWER_REG_RECEIPT_SEQUENCE));\n  if (!acquired)\n    return 0u;\n  /* Current m1n1 AGX.poke_sgx(): read then write this preparation register\n   * before constructing/starting the ASC-backed AGX runtime. */\n  (void)READ_REGISTER_ULONG((volatile ULONG *)(runtime->SgxBase +\n                                               ADMISSION_PLATFORM_SGX_PRE_ASC_OFFSET));\n  WRITE_REGISTER_ULONG((volatile ULONG *)(runtime->SgxBase +\n                                           ADMISSION_PLATFORM_SGX_PRE_ASC_OFFSET),\n                       ADMISSION_PLATFORM_SGX_PRE_ASC_VALUE);\n  KeMemoryBarrier();\n  runtime->Powered = TRUE;\n  return 1u;\n}\n\nstatic unsigned char AdmissionFirmwarePowerOff(\n    void *Context, unsigned long long DeadlineMs) {\n  ADMISSION_PLATFORM_RUNTIME *runtime = Context;\n  APPLE_AGX_POWER_IO io;\n  if (runtime == NULL || !runtime->Powered ||\n      AdmissionPlatformNowMs() >= DeadlineMs)\n    return 0u;\n  AdmissionPowerIo(runtime, &io);\n  if (!AppleAgxPowerRelease(&io))\n    return 0u;\n  runtime->Powered = FALSE;\n  return 1u;\n}\n\n\n#include "apple_agx_retained_root_client.h"\n\nstatic unsigned long long AdmissionRetainedRead(void *ctx,unsigned int offset) {\n  ADMISSION_PLATFORM_RUNTIME *r=ctx;\n  return READ_REGISTER_ULONG64((volatile ULONG64 *)(r->Adapter->BrokerBase+offset));\n}\nstatic void AdmissionRetainedWrite64(void *ctx,unsigned int offset,unsigned long long value) {\n  ADMISSION_PLATFORM_RUNTIME *r=ctx;\n  WRITE_REGISTER_ULONG64((volatile ULONG64 *)(r->Adapter->BrokerBase+offset),value);\n}\nstatic void AdmissionRetainedWrite32(void *ctx,unsigned int offset,unsigned int value) {\n  ADMISSION_PLATFORM_RUNTIME *r=ctx;\n  WRITE_REGISTER_ULONG((volatile ULONG *)(r->Adapter->BrokerBase+offset),value);\n}\nstatic BOOLEAN AdmissionRetainedExchange(ADMISSION_PLATFORM_RUNTIME *runtime,\n    AGX_RR_REQUEST *request, AGX_RR_RESPONSE *response) {\n  AGX_RR_IO io = {runtime,AdmissionRetainedRead,AdmissionRetainedWrite64,AdmissionRetainedWrite32};\n  BOOLEAN exchanged;\n  if (!runtime || !request || !response) return FALSE;\n  exchanged = AgxRrExchange(&io,request,response) ? TRUE : FALSE;\n  AdmissionRecordRetainedRoot(runtime->Adapter,request->Command,response);\n  return exchanged &&\n      response->Epoch != 0 && response->Root != 0 && !(response->Root & 0x3fff) &&\n      (request->Command == AGX_RR_PREPARE ||\n       (response->Epoch == runtime->RetainedEpoch && response->Root == runtime->RetainedRoot));\n}\n\nstatic BOOLEAN AdmissionRetainedCommand(ADMISSION_PLATFORM_RUNTIME *runtime,\n    ULONG operation, AGX_RR_RESPONSE *response) {\n  AGX_RR_REQUEST request = {0};\n  request.Command = operation;\n  request.Epoch = operation == AGX_RR_PREPARE ? 0 : runtime->RetainedEpoch;\n  return AdmissionRetainedExchange(runtime,&request,response);\n}\n\n#if defined(APPLE_AGX_GPUVA_B1_QUALIFICATION)\n_Use_decl_annotations_ BOOLEAN AdmissionGpuvaB1Context0Hash(\n    ADMISSION_CONTEXT *Context, ULONGLONG *Hash, ULONG *PageCount) {\n  ADMISSION_PLATFORM_RUNTIME *runtime;\n  AGX_RR_RESPONSE response = {0};\n  if (Hash == NULL || PageCount == NULL)\n    return FALSE;\n  *Hash = 0ULL;\n  *PageCount = 0u;\n  if (Context == NULL || KeGetCurrentIrql() != PASSIVE_LEVEL)\n    return FALSE;\n  runtime = (ADMISSION_PLATFORM_RUNTIME *)Context->PlatformRuntime;\n  if (runtime == NULL || !runtime->RetainedPrepared ||\n      !AdmissionRetainedCommand(runtime, AGX_RR_QUERY_TABLE_HASH, &response) ||\n      response.Status != 0u || response.Count == 0ULL ||\n      response.Count > 24ULL)\n    return FALSE;\n  *Hash = response.Pa;\n  *PageCount = (ULONG)response.Count;\n  return TRUE;\n}\n#endif\n\nstatic BOOLEAN AdmissionRetainedQueryArena(ADMISSION_PLATFORM_RUNTIME *runtime,\n    ULONG ArenaClass, AGX_RR_ARENA_DESCRIPTOR *Arena) {\n  AGX_RR_REQUEST request = {0};\n  AGX_RR_RESPONSE response = {0};\n  ULONGLONG expectedVa, expectedBytes;\n  if (!runtime || !Arena ||\n      (ArenaClass != AGX_RR_ARENA_SHARED &&\n       ArenaClass != AGX_RR_ARENA_TIMESTAMP &&\n       ArenaClass != AGX_RR_ARENA_COMMAND)) return FALSE;\n  request.Command = AGX_RR_QUERY_ARENA;\n  request.Epoch = runtime->RetainedEpoch;\n  request.Va = ArenaClass;\n  if (!AdmissionRetainedExchange(runtime,&request,&response) ||\n      response.Epoch != runtime->RetainedEpoch ||\n      response.Root != runtime->RetainedRoot ||\n      response.ArenaVersion != AGX_RR_ARENA_VERSION ||\n      response.ArenaClass != ArenaClass) return FALSE;\n  expectedVa = ArenaClass == AGX_RR_ARENA_SHARED\n      ? AGX_RR_SHARED_ARENA_VA\n      : (ArenaClass == AGX_RR_ARENA_TIMESTAMP\n             ? AGX_RR_TIMESTAMP_ARENA_VA : AGX_RR_COMMAND_ARENA_VA);\n  expectedBytes = ArenaClass == AGX_RR_ARENA_SHARED\n      ? AGX_RR_SHARED_ARENA_BYTES\n      : (ArenaClass == AGX_RR_ARENA_TIMESTAMP\n             ? AGX_RR_TIMESTAMP_ARENA_BYTES : AGX_RR_COMMAND_ARENA_BYTES);\n  if (response.ArenaVa != expectedVa || response.ArenaBytes != expectedBytes ||\n      !response.ArenaBytes ||\n      ((response.ArenaVa | response.ArenaBytes) & 0x3fffULL) ||\n      response.ArenaVa > MAXULONGLONG - response.ArenaBytes) return FALSE;\n  Arena->Version = response.ArenaVersion;\n  Arena->Class = response.ArenaClass;\n  Arena->Va = response.ArenaVa;\n  Arena->Bytes = response.ArenaBytes;\n  return TRUE;\n}\n\n\nstatic unsigned char AdmissionContext0Ipa(void *ctx,const APPLE_AGX_MEMORY_OBJECT *object,\n    unsigned long long leaf_offset,unsigned long long *ipa) {\n  ADMISSION_PLATFORM_RUNTIME *runtime=ctx;\n  ADMISSION_PHYSICAL_ALLOCATION *allocation=object?object->AllocationHandle:NULL;\n  ULONGLONG offset;\n  if(!runtime || !object || !ipa || !allocation || !allocation->PhysicalMemoryObject ||\n      !allocation->Adl || allocation->Interface!=&runtime->Adapter->Interface ||\n      (PUCHAR)object->CpuAddress<allocation->CpuBase || leaf_offset>object->Length ||\n      0x4000>object->Length-leaf_offset) return 0;\n  offset=(SIZE_T)((PUCHAR)object->CpuAddress-allocation->CpuBase);\n  if(offset>allocation->Size || leaf_offset>allocation->Size-offset ||\n      0x4000>allocation->Size-offset-leaf_offset ||\n      allocation->GuestIpaBase>MAXULONGLONG-offset ||\n      allocation->GuestIpaBase+offset>MAXULONGLONG-leaf_offset) return 0;\n  *ipa=allocation->GuestIpaBase+offset+leaf_offset;\n  return (*ipa&0x3fff)==0;\n}\n\nstatic unsigned char AdmissionRetainedActivate(ADMISSION_PLATFORM_RUNTIME *runtime) {\n  AGX_RR_RESPONSE response={0};\n  AGX_RR_ARENA_DESCRIPTOR command={0};\n  AGX_RR_IO io={runtime,AdmissionRetainedRead,AdmissionRetainedWrite64,AdmissionRetainedWrite32};\n  int result;\n  if(!runtime->RetainedPrepared || !runtime->Handoff.Locked || !runtime->Initdata.BrokerOnly)\n    return 0;\n  if(!AdmissionRetainedCommand(runtime,AGX_RR_ACTIVATE,&response) ||\n      !(response.Flags&AGX_RR_FLAG_ACTIVE) || !(response.Flags&AGX_RR_FLAG_PREFIX_UNCHANGED) ||\n      response.SystemVa!=0xffffffa080000000ULL || response.SystemBytes!=0x4000) return 0;\n  if (!AdmissionRetainedQueryArena(runtime,AGX_RR_ARENA_COMMAND,&command) ||\n      command.Va > MAXULONGLONG-command.Bytes ||\n      AppleAgxInitdataMemoryApplyCommandArena(\n          &runtime->Initdata,command.Va,command.Bytes) !=\n          AppleAgxInitdataMemoryResultOk ||\n      !AppleAgxRenderSharedMemoryBindRelocationObjects(\n          &runtime->Initdata.RenderSharedMemory,\n          runtime->Adapter->BackendImage.ArenaCpuAddress,\n          runtime->Adapter->BackendImage.ArenaBytes,\n          runtime->QueueObjects,\n          APPLE_AGX_RENDER_TEMPLATE_RUNTIME_OBJECT_COUNT) ||\n      !AppleAgxApplyRelocations(\n          runtime->QueueObjects,\n          APPLE_AGX_RENDER_TEMPLATE_RUNTIME_OBJECT_COUNT,\n          AppleAgxRenderTemplateRelocations(),\n          AppleAgxRenderTemplateRelocationCount())) return 0;\n  runtime->Rtkit.CrashlogGpuAddress=response.SystemVa&((1ULL<<44)-1);\n  runtime->Rtkit.CrashlogCapacityBytes=(ULONG)response.SystemBytes;\n  {\n    APPLE_AGX_MEMORY_OBJECT *hwdata_a=\n        &runtime->Initdata.RegionBMemory.Objects[AppleAgxRegionBMemoryHwdataA];\n    APPLE_AGX_MEMORY_OBJECT *hwdata_b=\n        &runtime->Initdata.RegionBMemory.Objects[AppleAgxRegionBMemoryHwdataB];\n    unsigned char valid=AgxFwIoReadManifest(AdmissionRetainedRead,runtime,\n        runtime->RetainedEpoch,runtime->RetainedRoot,&runtime->FirmwareIoManifest);\n    AdmissionRecordFirmwareIo(runtime->Adapter,valid?0u:1u,&runtime->FirmwareIoManifest);\n    if(!valid) return 0;\n    valid=AgxHwdataReadReceipt(AdmissionRetainedRead,runtime,runtime->RetainedEpoch,\n        runtime->RetainedRoot,&runtime->HwdataProfileReceipt);\n    if(!valid) {\n      AdmissionRecordHwdataProfile(runtime->Adapter,1,&runtime->HwdataProfileReceipt);\n      return 0;\n    }\n    valid=AgxHwdataMaterialize(&runtime->HwdataProfileReceipt,&runtime->FirmwareIoManifest,\n        runtime->RetainedEpoch,runtime->RetainedRoot,hwdata_a->CpuAddress,hwdata_a->Length,\n        hwdata_b->CpuAddress,hwdata_b->Length);\n    AdmissionRecordHwdataProfile(runtime->Adapter,valid?0u:2u,&runtime->HwdataProfileReceipt);\n    if(!valid) return 0;\n  }\n  result=AppleAgxContext0BrokerMap(&runtime->Context0Lease,&runtime->Initdata,&io,\n      runtime->RetainedEpoch,runtime->RetainedRoot,AdmissionContext0Ipa,runtime);\n  AdmissionRecordContext0Inventory(runtime->Adapter,1,result,&runtime->Context0Lease);\n  return result==AppleAgxContext0Ok;\n}\n\nstatic unsigned char AdmissionFirmwareCreateUat(\n    void *Context, unsigned long long DeadlineMs,\n    APPLE_AGX_UAT_TTBR_PAIR *Pair,\n    unsigned long long *InitdataAddress) {\n  ADMISSION_PLATFORM_RUNTIME *runtime = Context;\n  if (runtime == NULL || Pair == NULL || InitdataAddress == NULL ||\n      AdmissionPlatformNowMs() >= DeadlineMs || !runtime->Initdata.Built ||\n      !runtime->Initdata.BrokerOnly ||\n      runtime->Initdata.InitdataVirtualAddress == 0ULL)\n    return 0u;\n  {\n    AGX_RR_RESPONSE response = {0};\n    if (!AdmissionRetainedCommand(runtime,AGX_RR_PREPARE,&response)) return 0;\n    runtime->RetainedPrepared = TRUE;\n    runtime->RetainedEpoch = response.Epoch;\n    runtime->RetainedRoot = response.Root;\n    runtime->RetainedRoot0 = response.Ttbr0;\n    Pair->Ttbr0 = response.Ttbr0 | 1ULL;\n    Pair->Ttbr1 = response.Root | 1ULL;\n    *InitdataAddress = runtime->Initdata.InitdataVirtualAddress &\n        ADMISSION_PLATFORM_INITDATA_ADDRESS_MASK;\n    return response.Ttbr0 != 0 && !(response.Ttbr0 & 0x3fff);\n  }\n}\n\nstatic unsigned char AdmissionFirmwareDestroyUat(\n    void *Context, unsigned long long DeadlineMs) {\n  ADMISSION_PLATFORM_RUNTIME *runtime = Context;\n  AGX_RR_RESPONSE response = {0};\n  if (!runtime || AdmissionPlatformNowMs() >= DeadlineMs) return 0;\n  if (!runtime->RetainedPrepared) return 1;\n  {\n    int result=AppleAgxContext0BrokerRetire(&runtime->Context0Lease);\n    AdmissionRecordContext0Inventory(runtime->Adapter,3,result,&runtime->Context0Lease);\n    if(result!=AppleAgxContext0Ok) return 0;\n  }\n  if (!AdmissionRetainedCommand(runtime,AGX_RR_CLOSE,&response)) return 0;\n  runtime->RetainedPrepared = FALSE;\n  return 1;\n}\n\nstatic unsigned char AdmissionFirmwarePublishUat(\n    void *Context, const APPLE_AGX_UAT_TTBR_PAIR *Pair);\nstatic unsigned char AdmissionFirmwareUnpublishUat(void *Context);\n\nstatic void AdmissionFirmwareRecordBootstrap(\n    void *Context, unsigned int Phase, unsigned char Success,\n    unsigned int State) {\n  ADMISSION_PLATFORM_RUNTIME *runtime = Context;\n  if (runtime == NULL)\n    return;\n  AdmissionRecordProviderBootstrap(runtime->Adapter, Phase, Success, State);\n}\n\nstatic unsigned char AdmissionFirmwareBootAsc(\n    void *Context, unsigned long long DeadlineMs) {\n  ADMISSION_PLATFORM_RUNTIME *runtime = Context;\n  APPLE_AGX_RTKIT_SESSION_RESULT result;\n  if (runtime == NULL)\n    return 0u;\n  result = AppleAgxRtkitSessionStartCpuAndInitializeHandoff(\n      &runtime->Rtkit, &runtime->AscIo, &runtime->Handoff, DeadlineMs);\n  AdmissionRecordRtkitBoot(runtime->Adapter, result, &runtime->Rtkit);\n  return result == AppleAgxRtkitSessionResultOk ? 1u : 0u;\n}\n\nstatic unsigned char AdmissionFirmwareCompleteManagement(\n    void *Context, unsigned long long DeadlineMs) {\n  ADMISSION_PLATFORM_RUNTIME *runtime = Context;\n  APPLE_AGX_RTKIT_SESSION_RESULT result;\n  if (runtime == NULL)\n    return 0u;\n  result = AppleAgxRtkitSessionCompleteManagementBootstrap(\n      &runtime->Rtkit, &runtime->AscIo, DeadlineMs);\n  AdmissionRecordRtkitBoot(runtime->Adapter, result, &runtime->Rtkit);\n  AdmissionRecordRetainedTrace(runtime->Adapter,runtime->AscTransport.Trace,\n      runtime->AscTransport.TraceCount * sizeof(runtime->AscTransport.Trace[0]));\n  if(result==AppleAgxRtkitSessionResultOk) {\n    int checked=AppleAgxContext0BrokerVerify(&runtime->Context0Lease);\n    AdmissionRecordContext0Inventory(runtime->Adapter,2,checked,&runtime->Context0Lease);\n    return checked==AppleAgxContext0Ok;\n  }\n  return 0u;\n}\n\nstatic unsigned char AdmissionFirmwareStopAsc(\n    void *Context, unsigned long long DeadlineMs) {\n  ADMISSION_PLATFORM_RUNTIME *runtime = Context;\n  if (runtime == NULL)\n    return 0u;\n  if (runtime->Rtkit.Running == APPLE_AGX_RTKIT_FALSE)\n    return 1u;\n  return AppleAgxRtkitSessionStop(\n             &runtime->Rtkit, &runtime->AscIo, DeadlineMs) ==\n                 AppleAgxRtkitSessionResultOk\n             ? 1u\n             : 0u;\n}\n\nstatic unsigned char AdmissionFirmwareEndpoint(\n    void *Context, unsigned int Endpoint, unsigned long long DeadlineMs,\n    BOOLEAN Start) {\n  ADMISSION_PLATFORM_RUNTIME *runtime = Context;\n  ULONGLONG message;\n  if (runtime == NULL || AdmissionPlatformNowMs() >= DeadlineMs ||\n      (Endpoint != J313_AGX_G2_FIRMWARE_ENDPOINT &&\n       Endpoint != J313_AGX_G2_DOORBELL_ENDPOINT))\n    return 0u;\n  message = Start ? AppleAgxRtkitStartEndpoint(Endpoint, 2u)\n                  : AppleAgxRtkitStopEndpoint(Endpoint);\n  return message != APPLE_AGX_RTKIT_INVALID_MESSAGE &&\n                 AppleAgxAscSend(\n                     &runtime->AscIo, message, 0u, DeadlineMs) ==\n                     AppleAgxAscResultOk\n             ? 1u\n             : 0u;\n}\n\nstatic unsigned char AdmissionFirmwareStartEndpoint(\n    void *Context, unsigned int Endpoint, unsigned long long DeadlineMs) {\n#ifdef APPLE_AGX_MANAGEMENT_QUALIFICATION\n  ADMISSION_PLATFORM_RUNTIME *runtime = Context;\n  UNREFERENCED_PARAMETER(Endpoint);\n  UNREFERENCED_PARAMETER(DeadlineMs);\n  /* Deliberate stop after real management success; no application endpoint,\n   * initdata delivery, queue creation or submission in this profile. */\n  AdmissionRecordFirmwarePrefix(runtime->Adapter, 4, NULL, NULL);\n  return 0u;\n#else\n  ADMISSION_PLATFORM_RUNTIME *runtime=Context;\n  unsigned char success;\n  if(!runtime || !runtime->Rtkit.Boot.EndpointMapComplete ||\n      (Endpoint!=0x20 && Endpoint!=0x21) ||\n      !(runtime->Rtkit.Boot.EndpointMap[Endpoint>>5] & (1u<<(Endpoint&31)))) return 0;\n  success=AdmissionFirmwareEndpoint(Context, Endpoint, DeadlineMs, TRUE);\n  AdmissionRecordEndpoint(runtime->Adapter,Endpoint,success);\n  AdmissionRecordRetainedTrace(runtime->Adapter,runtime->AscTransport.Trace,\n      runtime->AscTransport.TraceCount*sizeof(runtime->AscTransport.Trace[0]));\n  return success;\n#endif\n}\n\nstatic unsigned char AdmissionFirmwareStopEndpoint(\n    void *Context, unsigned int Endpoint, unsigned long long DeadlineMs) {\n  ADMISSION_PLATFORM_RUNTIME *runtime = Context;\n  if (runtime != NULL &&\n      runtime->Rtkit.Running == APPLE_AGX_RTKIT_FALSE)\n    return 1u;\n  return AdmissionFirmwareEndpoint(Context, Endpoint, DeadlineMs, FALSE);\n}\n\n\nstatic unsigned char AdmissionFirmwarePublishUat(\n    void *Context, const APPLE_AGX_UAT_TTBR_PAIR *Pair) {\n  ADMISSION_PLATFORM_RUNTIME *runtime = Context;\n  return runtime && Pair && runtime->RetainedRoot0 &&\n      Pair->Ttbr0 == (runtime->RetainedRoot0 | 1ULL) &&\n      Pair->Ttbr1 == (runtime->RetainedRoot | 1ULL) &&\n      AdmissionRetainedActivate(runtime);\n}\n\nstatic unsigned char AdmissionFirmwareUnpublishUat(void *Context) {\n  ADMISSION_PLATFORM_RUNTIME *runtime=Context;\n  int result;\n  if(!runtime || runtime->Rtkit.Running) return 0;\n  result=AppleAgxContext0BrokerRetire(&runtime->Context0Lease);\n  AdmissionRecordContext0Inventory(runtime->Adapter,3,result,&runtime->Context0Lease);\n  return result==AppleAgxContext0Ok;\n}\n\nstatic unsigned char AdmissionFirmwareSendInitdata(\n    void *Context, unsigned long long Address,\n    unsigned long long DeadlineMs) {\n  ADMISSION_PLATFORM_RUNTIME *runtime = Context;\n#ifndef APPLE_AGX_STOP_AFTER_ENDPOINTS\n  ULONGLONG message;\n#endif\n  if (runtime == NULL || AdmissionPlatformNowMs() >= DeadlineMs)\n    return 0u;\n#ifdef APPLE_AGX_STOP_AFTER_ENDPOINTS\n  AdmissionRecordEndpoint(runtime->Adapter,0,1); /* explicit pre-initdata stop */\n  UNREFERENCED_PARAMETER(Address);\n  return 0u;\n#else\n  message = AppleAgxRtkitInitdata(Address);\n  return message != APPLE_AGX_RTKIT_INVALID_MESSAGE &&\n                 AppleAgxAscSend(\n                     &runtime->AscIo, message,\n                     J313_AGX_G2_FIRMWARE_ENDPOINT, DeadlineMs) ==\n                     AppleAgxAscResultOk\n             ? 1u\n             : 0u;\n#endif\n}\n\nstatic APPLE_AGX_BACKEND_BOOL AdmissionTransportFlush(\n    void *Context, const void *Address, APPLE_AGX_BACKEND_U32 Bytes) {\n  ADMISSION_PLATFORM_RUNTIME *runtime = Context;\n  if (!AdmissionPlatformContains(runtime, Address, Bytes))\n    return APPLE_AGX_BACKEND_FALSE;\n  KeMemoryBarrier();\n  return APPLE_AGX_BACKEND_TRUE;\n}\n\nstatic void AdmissionTransportBarrier(void *Context) {\n  UNREFERENCED_PARAMETER(Context);\n  KeMemoryBarrier();\n}\n\nstatic APPLE_AGX_BACKEND_BOOL AdmissionTransportPublishU32(\n    void *Context, volatile APPLE_AGX_BACKEND_U32 *Address,\n    APPLE_AGX_BACKEND_U32 Value) {\n  if (!AdmissionPlatformContains(\n          Context, (const void *)Address, sizeof(*Address)))\n    return APPLE_AGX_BACKEND_FALSE;\n  *Address = Value;\n  KeMemoryBarrier();\n  return APPLE_AGX_BACKEND_TRUE;\n}\n\nstatic APPLE_AGX_BACKEND_BOOL AdmissionTransportReadU32(\n    void *Context, const volatile APPLE_AGX_BACKEND_U32 *Address,\n    APPLE_AGX_BACKEND_U32 *Value) {\n  if (Value == NULL || !AdmissionPlatformContains(\n          Context, (const void *)Address, sizeof(*Address)))\n    return APPLE_AGX_BACKEND_FALSE;\n  KeMemoryBarrier();\n  *Value = *Address;\n  KeMemoryBarrier();\n  return APPLE_AGX_BACKEND_TRUE;\n}\n\nstatic APPLE_AGX_BACKEND_BOOL AdmissionTransportDoorbell(\n    void *Context, APPLE_AGX_BACKEND_U32 Doorbell) {\n  ADMISSION_PLATFORM_RUNTIME *runtime = Context;\n  ULONGLONG message;\n  ULONGLONG deadline;\n  if (runtime == NULL || KeGetCurrentIrql() != PASSIVE_LEVEL ||\n      runtime->Rtkit.Running == APPLE_AGX_RTKIT_FALSE ||\n      (Doorbell != APPLE_AGX_PLATFORM_TA_DOORBELL &&\n       Doorbell != APPLE_AGX_PLATFORM_D3_DOORBELL &&\n       Doorbell != APPLE_AGX_DEVICE_CONTROL_DOORBELL_CHANNEL))\n    return APPLE_AGX_BACKEND_FALSE;\n  message = AppleAgxRtkitDoorbell(Doorbell);\n  deadline = AdmissionPlatformNowMs() + J313_AGX_G2_INITDATA_TIMEOUT_MS;\n  return message != APPLE_AGX_RTKIT_INVALID_MESSAGE &&\n                 AppleAgxAscSend(\n                     &runtime->AscIo, message,\n                     J313_AGX_G2_DOORBELL_ENDPOINT, deadline) ==\n                     AppleAgxAscResultOk\n             ? APPLE_AGX_BACKEND_TRUE\n             : APPLE_AGX_BACKEND_FALSE;\n}\n\nstatic APPLE_AGX_BACKEND_BOOL AdmissionTransportQuiesce(\n    void *Context, APPLE_AGX_BACKEND_U32 Fence) {\n  ADMISSION_PLATFORM_RUNTIME *runtime = Context;\n  ULONGLONG deadline;\n  if (runtime == NULL || Fence == 0u ||\n      runtime->Provider.QueueProvider.PendingFence != Fence ||\n      KeGetCurrentIrql() != PASSIVE_LEVEL)\n    return APPLE_AGX_BACKEND_FALSE;\n  deadline = AdmissionPlatformNowMs() + J313_AGX_G2_STOP_TIMEOUT_MS;\n  return AppleAgxRtkitSessionStop(\n             &runtime->Rtkit, &runtime->AscIo, deadline) ==\n                 AppleAgxRtkitSessionResultOk\n             ? APPLE_AGX_BACKEND_TRUE\n             : APPLE_AGX_BACKEND_FALSE;\n}\n\nstatic APPLE_AGX_BACKEND_U64 AdmissionTransportNow(void *Context) {\n  return Context != NULL ? AdmissionPlatformNowMs() : 0ULL;\n}\n\nstatic unsigned char AdmissionFirmwareDeviceControl(\n    ADMISSION_PLATFORM_RUNTIME *Runtime, BOOLEAN Idle,\n    unsigned long long DeadlineMs) {\n  APPLE_AGX_DEVICE_CONTROL_PUBLICATION publication={0};\n  for (;;) {\n    APPLE_AGX_DEVICE_CONTROL_RESULT result;\n    unsigned int polls = 0u;\n    result = Idle\n                 ? AppleAgxDeviceControlPublishUpdateIdleTimestampG13V13_5(\n                       &Runtime->Initdata.ChannelMemory,\n                       &Runtime->TransportIo, &publication)\n                 : AppleAgxDeviceControlPublishInitG13V13_5(\n                       &Runtime->Initdata.ChannelMemory,\n                       &Runtime->TransportIo, &publication);\n    if (result != AppleAgxDeviceControlResultOk) {\n      AdmissionRecordDeviceControl(Runtime->Adapter,Idle,result,0,0,0);\n      return 0u;\n    }\n    for (;;) {\n      result = AppleAgxDeviceControlWaitForReceiptG13V13_5(\n          &publication, &Runtime->TransportIo, 1u, &polls);\n      if (result != AppleAgxDeviceControlResultReceiptTimedOut ||\n          AdmissionPlatformNowMs() >= DeadlineMs) {\n        APPLE_AGX_BACKEND_U32 read=0,write=0;\n        (void)Runtime->TransportIo.ReadU32(Runtime,\n            (volatile APPLE_AGX_BACKEND_U32 *)(publication.StateCpuAddress+\n                publication.StateReadPointerOffset),&read);\n        (void)Runtime->TransportIo.ReadU32(Runtime,\n            (volatile APPLE_AGX_BACKEND_U32 *)(publication.StateCpuAddress+\n                publication.StateWritePointerOffset),&write);\n        AdmissionRecordDeviceControl(Runtime->Adapter,Idle,result,read,write,\n            publication.ReceiptCookie);\n        return result == AppleAgxDeviceControlResultOk;\n      }\n      KeStallExecutionProcessor(\n          ADMISSION_PLATFORM_DEVICE_CONTROL_STALL_US);\n    }\n  }\n}\n\nstatic unsigned char AdmissionFirmwareDeviceControlInit(\n    void *Context, unsigned long long DeadlineMs) {\n  return Context != NULL\n             ? AdmissionFirmwareDeviceControl(Context, FALSE, DeadlineMs)\n             : 0u;\n}\n\nstatic unsigned char AdmissionFirmwareIdleTimestamp(\n    void *Context, unsigned long long DeadlineMs) {\n  return Context != NULL\n             ? AdmissionFirmwareDeviceControl(Context, TRUE, DeadlineMs)\n             : 0u;\n}\n\nstatic void AdmissionFirmwareRecordPhase(\n    void *Context, APPLE_AGX_FIRMWARE_PHASE Phase,\n    APPLE_AGX_FIRMWARE_RESULT Result, APPLE_AGX_FW_U32 CompletedMask) {\n  APPLE_AGX_FIRMWARE_PROVIDER *provider = Context;\n  ADMISSION_PLATFORM_RUNTIME *runtime;\n  if (provider == NULL)\n    return;\n  runtime = provider->Primitives.Context;\n  if (runtime != NULL) {\n    if(runtime->CaptureFirmwareStart)\n      AppleAgxFirmwareCaptureStartFailure(&runtime->FirmwareStartFailure,Phase,Result,CompletedMask);\n    AdmissionRecordFirmwarePhase(runtime->Adapter, Phase, Result,\n                                 CompletedMask);\n  }\n}\n\nstatic APPLE_AGX_BACKEND_BOOL AdmissionRenderPublish(void *Context) {\n  ADMISSION_PLATFORM_RUNTIME *runtime = Context;\n  if (runtime == NULL || runtime->RenderBorrowed ||\n      !AdmissionMemoryRuntimeContextPublished(runtime->Adapter))\n    return APPLE_AGX_BACKEND_FALSE;\n  runtime->RenderBorrowed = TRUE;\n  return APPLE_AGX_BACKEND_TRUE;\n}\n\nstatic APPLE_AGX_BACKEND_BOOL AdmissionRenderUnpublish(void *Context) {\n  ADMISSION_PLATFORM_RUNTIME *runtime = Context;\n  if (runtime == NULL || !runtime->RenderBorrowed)\n    return APPLE_AGX_BACKEND_FALSE;\n  runtime->RenderBorrowed = FALSE;\n  return APPLE_AGX_BACKEND_TRUE;\n}\n\nstatic APPLE_AGX_BACKEND_BOOL AdmissionExternalBuildJob(\n    void *Context, const unsigned char *SubmissionBytes,\n    APPLE_AGX_BACKEND_U32 SubmissionByteCount,\n    const APPLE_AGX_BACKEND_SUBMISSION *Submission,\n    APPLE_AGX_BACKEND_U32 TaEvent, APPLE_AGX_BACKEND_U32 D3Event,\n    const APPLE_AGX_G13_QUEUE_JOB_PLAN *Plan,\n    APPLE_AGX_BACKEND_JOB_IMAGE *Job) {\n  ADMISSION_PLATFORM_RUNTIME *runtime = Context;\n  APPLE_AGX_BACKEND_JOB_IMAGE staged;\n  APPLE_AGX_RENDER_RUNTIME_BINDINGS bindings;\n  ADMISSION_DYNAMIC_DMA_VIEW dynamicView;\n  ADMISSION_DYNAMIC_OVERLAY_PLAN *dynamicPlan;\n  BOOLEAN dynamic = FALSE;\n  BOOLEAN overlayApplied = FALSE;\n  ULONG submissionMagic = 0u;\n  APPLE_AGX_U32 index;\n  if (runtime == NULL || Submission == NULL || Plan == NULL ||\n      Submission->Submission.Fence == 0u)\n    return APPLE_AGX_BACKEND_FALSE;\n  RtlZeroMemory(&staged, sizeof(staged));\n  RtlZeroMemory(&bindings, sizeof(bindings));\n  RtlZeroMemory(&dynamicView, sizeof(dynamicView));\n  if (runtime->DynamicOverlayState.Applied != 0u) return APPLE_AGX_BACKEND_FALSE;\n  dynamicPlan = &runtime->DynamicOverlayPlan;\n  RtlZeroMemory(dynamicPlan, sizeof(*dynamicPlan));\n#if defined(APPLE_AGX_SUBMIT_QUALIFICATION)\n  RtlZeroMemory(&runtime->DynamicStoreReceipt,\n                sizeof(runtime->DynamicStoreReceipt));\n#endif\n  if (SubmissionBytes != NULL && SubmissionByteCount >= sizeof(ULONG))\n    RtlCopyMemory(&submissionMagic, SubmissionBytes, sizeof(submissionMagic));\n  if (submissionMagic == ADMISSION_DYNAMIC_DMA_MAGIC) {\n    if (AdmissionDynamicDmaOpen(\n            SubmissionBytes, SubmissionByteCount, &dynamicView) !=\n            AdmissionDynamicDmaSuccess ||\n        dynamicView.Header->DestinationGpuVa !=\n            runtime->Adapter->RenderPacket.Description.DestinationGpuVa ||\n        AdmissionDynamicOverlayPlanFromJob(\n            &runtime->Adapter->BackendImage, dynamicView.Bindings,\n            dynamicView.Job, dynamicPlan) !=\n            AdmissionDynamicOverlaySuccess ||\n        runtime->DynamicOverlayState.Applied != 0u ||\n        AdmissionDynamicOverlayApply(\n            &runtime->Adapter->BackendImage, dynamicPlan,\n            dynamicView.Job, dynamicView.Storage,\n            dynamicView.StorageBytes, Submission->Submission.Fence,\n            &runtime->DynamicOverlayState) !=\n            AdmissionDynamicOverlaySuccess)\n      return APPLE_AGX_BACKEND_FALSE;\n    dynamic = TRUE;\n    overlayApplied = TRUE;\n  }\n  if (!AdmissionBackendImageStageJob(\n          &runtime->Adapter->BackendImage,\n          Submission->Submission.Fence, TaEvent, D3Event,\n          Plan->TaExpectedDonePointer, Plan->D3ExpectedDonePointer,\n          Plan->IncludeInitBm, &staged) ||\n      !AppleAgxInitdataMemoryGetRenderBindings(&runtime->Initdata,\n                                               &bindings) ||\n      !(runtime->Adapter->BackendImage.G4Native ?\n          AppleAgxRenderSharedMemoryBuildActiveG4Job(\n              &runtime->Initdata.RenderSharedMemory,\n              runtime->Adapter->BackendImage.ArenaCpuAddress,\n              runtime->Adapter->BackendImage.ArenaBytes,\n              runtime->Adapter->BackendImage.Objects,\n              APPLE_AGX_RENDER_TEMPLATE_RUNTIME_OBJECT_COUNT,\n              runtime->Adapter->BackendImage.ArenaGpuAddress,\n              Plan->IncludeInitBm, &bindings, &staged,\n              runtime->QueueObjects, Job) :\n          AppleAgxRenderSharedMemoryBuildActiveJob(\n              &runtime->Initdata.RenderSharedMemory,\n              runtime->Adapter->BackendImage.ArenaCpuAddress,\n              runtime->Adapter->BackendImage.ArenaBytes,\n              runtime->Adapter->BackendImage.Objects,\n              APPLE_AGX_RENDER_TEMPLATE_RUNTIME_OBJECT_COUNT,\n              runtime->Adapter->BackendImage.ArenaGpuAddress,\n              Plan->IncludeInitBm, &bindings, &staged,\n              runtime->QueueObjects, Job)) ||\n      (dynamic &&\n       ((APPLE_AGX_WIN32_COMMAND_IS_NATIVE(dynamicView.Bindings->CommandVersion)) ?\n          AdmissionDynamicOverlayRouteNative(dynamicPlan, dynamicView.Bindings,\n             runtime->QueueObjects, APPLE_AGX_RENDER_TEMPLATE_RUNTIME_OBJECT_COUNT) :\n          AdmissionDynamicOverlayRouteEncoder(dynamicPlan, runtime->QueueObjects,\n             APPLE_AGX_RENDER_TEMPLATE_RUNTIME_OBJECT_COUNT)) !=\n           AdmissionDynamicOverlaySuccess))\n    goto BuildFailure;\n  if(dynamic && dynamicView.Bindings->CommandVersion==\n       APPLE_AGX_WIN32_COMMAND_VERSION_MIXED_BATCH) {\n    const ADMISSION_DYNAMIC_OVERLAY_ENTRY *compute=NULL;\n    APPLE_AGX_RENDER_COMPUTE_INPUT input;\n    APPLE_AGX_RENDER_COMPUTE_OUTPUT output;\n    for(index=0u;index<dynamicPlan->EntryCount;++index)\n      if(dynamicPlan->Entries[index].ReferenceIndex==\n           dynamicView.Bindings->NativeBatch.ComputeEncoderReference)\n        compute=&dynamicPlan->Entries[index];\n    RtlZeroMemory(&input,sizeof(input));RtlZeroMemory(&output,sizeof(output));\n    if(!compute||compute->Role!=AppleAgxWin32RoleEncoder||\n       compute->Bytes!=dynamicView.Bindings->NativeBatch.ComputeEncoderBytes)\n      goto BuildFailure;\n    input.CdmStreamBase=compute->GpuVirtualAddress;\n    input.CdmStreamBytes=compute->Bytes;\n    input.Counter=Submission->Submission.Fence;\n    input.UscExecutionBase=0x1100000000ULL;\n    input.VmSlot=ADMISSION_MEMORY_UAT_CONTEXT;\n    input.EventNumber=runtime->Provider.QueueProvider.Config.Compute.EventNumber;\n    input.StampValue=Submission->Submission.Fence;\n    input.EventSequence=Submission->Submission.Fence;\n    input.ClientSequence=Submission->Submission.Fence&0xffu;\n    if(!AppleAgxRenderSharedMemoryBuildCompute(\n         &runtime->Initdata.RenderSharedMemory,&input,&output)) goto BuildFailure;\n    Job->ComputeWorkAddresses[0]=output.WorkGpuAddress;\n    Job->ComputeWorkAddressCount=1u;\n    Job->ComputeEvent=input.EventNumber;\n    Job->ComputeExpectedStamp=input.StampValue;\n    Job->ComputeExpectedDonePointer=Plan->ComputeExpectedDonePointer;\n  }\n#if defined(APPLE_AGX_SUBMIT_QUALIFICATION)\n  if (dynamic && !APPLE_AGX_WIN32_COMMAND_IS_NATIVE(dynamicView.Bindings->CommandVersion))\n    (void)AdmissionDynamicOverlayCaptureStoreGraph(\n        &runtime->Adapter->BackendImage, &runtime->DynamicOverlayState,\n        runtime->QueueObjects,\n        APPLE_AGX_RENDER_TEMPLATE_RUNTIME_OBJECT_COUNT,\n        Submission->Submission.Fence, &runtime->DynamicStoreReceipt);\n#endif\n#if defined(APPLE_AGX_SUBMIT_QUALIFICATION)\n  {\n    APPLE_AGX_EXP208_RELOCATION_OBJECT *output =\n        &runtime->Adapter->BackendImage.Objects[\n            APPLE_AGX_EXP208_GDI_OUTPUT_OBJECT];\n    if (output->Data == NULL ||\n        output->Size < APPLE_AGX_EXP208_GDI_OUTPUT_BYTES)\n      goto BuildFailure;\n    RtlFillMemory(output->Data, output->Size, 0xa5u);\n    if (!runtime->TransportIo.FlushForDevice(\n            runtime, output->Data, output->Size))\n      goto BuildFailure;\n  }\n#endif\n  if (dynamic && (APPLE_AGX_WIN32_COMMAND_IS_NATIVE(dynamicPlan->CommandVersion))) {\n    for (index = 0u; index < dynamicPlan->EntryCount; ++index) {\n      const ADMISSION_DYNAMIC_OVERLAY_ENTRY *entry=&dynamicPlan->Entries[index];\n      const APPLE_AGX_EXP208_RELOCATION_OBJECT *object=\n          &runtime->Adapter->BackendImage.Objects[entry->ObjectIndex];\n      if (!runtime->TransportIo.FlushForDevice(runtime,\n              object->Data + entry->ObjectOffset, entry->Bytes)) goto BuildFailure;\n    }\n  }\n  for (index = 0u; index < APPLE_AGX_RENDER_SHARED_MEMORY_OBJECT_COUNT;\n       ++index) {\n    const APPLE_AGX_EXP208_RELOCATION_OBJECT *object =\n        &runtime->QueueObjects[index];\n    if (object->Data == NULL || object->Size == 0u ||\n        !runtime->TransportIo.FlushForDevice(\n            runtime, object->Data, object->Size))\n      goto BuildFailure;\n  }\n  if (runtime->Adapter->BackendImage.Binding.Framebuffer.Active ==\n      APPLE_AGX_TRUE) {\n    static const APPLE_AGX_U32 expandedObjects[] = {64u, 65u, 67u};\n    for (index = 0u;\n         index < (APPLE_AGX_U32)(sizeof(expandedObjects) /\n                                 sizeof(expandedObjects[0]));\n         ++index) {\n      const APPLE_AGX_EXP208_RELOCATION_OBJECT *object =\n          &runtime->QueueObjects[expandedObjects[index]];\n      if (object->Data == NULL || object->Size == 0u ||\n          !runtime->TransportIo.FlushForDevice(\n              runtime, object->Data, object->Size))\n        goto BuildFailure;\n    }\n  }\n  runtime->TransportIo.MemoryBarrier(runtime);\n  if (dynamic) {\n    runtime->DynamicJob = dynamicView.Job;\n    runtime->DynamicStorage = dynamicView.Storage;\n    runtime->DynamicStorageBytes = dynamicView.StorageBytes;\n    runtime->DynamicBackgroundColor = dynamicView.Header->BackgroundColor;\n    runtime->DynamicExpectedForegroundColor =\n        dynamicView.Header->ExpectedForegroundColor;\n#if defined(APPLE_AGX_SUBMIT_QUALIFICATION)\n    runtime->NativeCommandHash =\n        (APPLE_AGX_WIN32_COMMAND_IS_NATIVE(dynamicView.Bindings->CommandVersion)) ?\n        dynamicView.Header->CommandHash : 0ULL;\n    if (runtime->NativeCommandHash) runtime->NativeBindings=*dynamicView.Bindings;\n    else RtlZeroMemory(&runtime->NativeBindings,sizeof(runtime->NativeBindings));\n#endif\n  }\n  {\n    APPLE_AGX_G13_COMPUTE_IDENTITY_BUILD_SNAPSHOT *build =\n        &runtime->Provider.QueueProvider.ComputeIdentityDiagnostic.Build;\n    RtlZeroMemory(build, sizeof(*build));\n    build->Valid = APPLE_AGX_BACKEND_TRUE;\n    build->ContextIdentity = (APPLE_AGX_BACKEND_U64)(ULONG_PTR)runtime;\n    build->JobIdentity = (APPLE_AGX_BACKEND_U64)(ULONG_PTR)Job;\n    build->ExpectedProviderIdentity =\n        (APPLE_AGX_BACKEND_U64)(ULONG_PTR)&runtime->Provider.QueueProvider;\n    build->Fence = Submission->Submission.Fence;\n    build->CommandVersion = dynamic ? dynamicView.Bindings->CommandVersion : 0u;\n    build->MixedBranch = dynamic &&\n        dynamicView.Bindings->CommandVersion ==\n            APPLE_AGX_WIN32_COMMAND_VERSION_MIXED_BATCH\n        ? APPLE_AGX_BACKEND_TRUE\n        : APPLE_AGX_BACKEND_FALSE;\n    build->WorkAddressCount = Job->ComputeWorkAddressCount;\n    build->JobEvent = Job->ComputeEvent;\n    build->JobExpectedStamp = Job->ComputeExpectedStamp;\n    build->JobExpectedDonePointer = Job->ComputeExpectedDonePointer;\n    build->WorkAddress = Job->ComputeWorkAddresses[0];\n    build->ConfigEvent =\n        runtime->Provider.QueueProvider.Config.Compute.EventNumber;\n  }\n  return APPLE_AGX_BACKEND_TRUE;\n\nBuildFailure:\n  if (overlayApplied)\n    (void)AdmissionDynamicOverlayRelease(\n        &runtime->Adapter->BackendImage, dynamicPlan, dynamicView.Job,\n        dynamicView.Storage, dynamicView.StorageBytes,\n        Submission->Submission.Fence, &runtime->DynamicOverlayState);\n  return APPLE_AGX_BACKEND_FALSE;\n}\n\nstatic BOOLEAN AdmissionDynamicOverlayReleaseActive(\n    ADMISSION_PLATFORM_RUNTIME *Runtime, ULONG Fence) {\n  if (Runtime == NULL || Fence == 0u)\n    return FALSE;\n  if (Runtime->DynamicOverlayState.Applied == 0u)\n    return Runtime->DynamicJob == NULL && Runtime->DynamicStorage == NULL &&\n                   Runtime->DynamicStorageBytes == 0u\n               ? TRUE\n               : FALSE;\n  if (Runtime->DynamicJob == NULL || Runtime->DynamicStorage == NULL ||\n      Runtime->DynamicStorageBytes == 0u ||\n      AdmissionDynamicOverlayRelease(\n          &Runtime->Adapter->BackendImage, &Runtime->DynamicOverlayPlan,\n          Runtime->DynamicJob, Runtime->DynamicStorage,\n          Runtime->DynamicStorageBytes, Fence,\n          &Runtime->DynamicOverlayState) != AdmissionDynamicOverlaySuccess)\n    return FALSE;\n  RtlZeroMemory(&Runtime->DynamicOverlayPlan,\n                sizeof(Runtime->DynamicOverlayPlan));\n  Runtime->DynamicJob = NULL;\n  Runtime->DynamicStorage = NULL;\n  Runtime->DynamicStorageBytes = 0u;\n  Runtime->DynamicBackgroundColor = 0u;\n  Runtime->DynamicExpectedForegroundColor = 0u;\n#if defined(APPLE_AGX_SUBMIT_QUALIFICATION)\n  Runtime->NativeCommandHash=0;\n  RtlZeroMemory(&Runtime->NativeBindings,sizeof(Runtime->NativeBindings));\n#endif\n  return TRUE;\n}\n\nstatic APPLE_AGX_BACKEND_BOOL AdmissionExternalResolveRange(\n    void *Context, APPLE_AGX_BACKEND_U64 GpuAddress,\n    const void **CpuAddress, APPLE_AGX_BACKEND_U32 *Bytes) {\n  ADMISSION_PLATFORM_RUNTIME *runtime = Context;\n  APPLE_AGX_U32 index;\n  if (runtime == NULL || CpuAddress == NULL || Bytes == NULL ||\n      !runtime->Adapter->BackendImage.JobReady)\n    return APPLE_AGX_BACKEND_FALSE;\n  for (index = 0u; index < APPLE_AGX_RENDER_TEMPLATE_RUNTIME_OBJECT_COUNT;\n       ++index) {\n    APPLE_AGX_EXP208_RELOCATION_OBJECT *object =\n        &runtime->QueueObjects[index];\n    if (object->GpuVa == GpuAddress && object->Data != NULL &&\n        object->Size != 0u) {\n      *CpuAddress = object->Data;\n      *Bytes = object->Size;\n      return APPLE_AGX_BACKEND_TRUE;\n    }\n  }\n  return APPLE_AGX_BACKEND_FALSE;\n}\n\nstatic APPLE_AGX_BACKEND_BOOL AdmissionBackendMap(\n    void *Context, void **CpuAddress, APPLE_AGX_BACKEND_U64 *GpuAddress,\n    APPLE_AGX_BACKEND_U32 *Bytes) {\n  ADMISSION_PLATFORM_RUNTIME *runtime = Context;\n  ADMISSION_BACKEND_IMAGE *image;\n  if (runtime == NULL || CpuAddress == NULL || GpuAddress == NULL ||\n      Bytes == NULL)\n    return APPLE_AGX_BACKEND_FALSE;\n  image = &runtime->Adapter->BackendImage;\n  if (image->Ready != APPLE_AGX_TRUE || image->ArenaCpuAddress == NULL ||\n      image->ArenaGpuAddress == 0ULL || image->ArenaBytes == 0u)\n    return APPLE_AGX_BACKEND_FALSE;\n  *CpuAddress = image->ArenaCpuAddress;\n  *GpuAddress = image->ArenaGpuAddress;\n  *Bytes = image->ArenaBytes;\n  return APPLE_AGX_BACKEND_TRUE;\n}\n\nstatic APPLE_AGX_BACKEND_BOOL AdmissionBackendUnmap(\n    void *Context, void *CpuAddress, APPLE_AGX_BACKEND_U32 Bytes) {\n  ADMISSION_PLATFORM_RUNTIME *runtime = Context;\n  return runtime != NULL &&\n                 runtime->Adapter->BackendImage.ArenaCpuAddress == CpuAddress &&\n                 runtime->Adapter->BackendImage.ArenaBytes == Bytes\n             ? APPLE_AGX_BACKEND_TRUE\n             : APPLE_AGX_BACKEND_FALSE;\n}\n\nstatic APPLE_AGX_BACKEND_BOOL AdmissionBackendResolve(\n    void *Context, const APPLE_AGX_BACKEND_SUBMISSION *Submission,\n    const unsigned char **Bytes, APPLE_AGX_BACKEND_U32 *ByteCount) {\n  ADMISSION_PLATFORM_RUNTIME *runtime = Context;\n  APPLE_AGX_DMA_SHADOW shadow;\n  APPLE_AGX_DMA_SHADOW_VIEW view;\n  ADMISSION_BACKEND_IMAGE *image = runtime == NULL ||\n      runtime->Adapter == NULL ? NULL :\n      &runtime->Adapter->BackendImage;\n  if (image != NULL && image->G4Native) {\n    if (Submission == NULL || Bytes == NULL || ByteCount == NULL ||\n        image->G4CommandBytes == 0u ||\n        image->BoundFence != Submission->Submission.Fence ||\n        Submission->PrivateData != &image->G4Header ||\n        Submission->DmaSubmissionStart != 0u ||\n        Submission->DmaSubmissionEnd != image->G4CommandBytes)\n      return APPLE_AGX_BACKEND_FALSE;\n    *Bytes = image->G4Command;\n    *ByteCount = image->G4CommandBytes;\n    return APPLE_AGX_BACKEND_TRUE;\n  }\n  if (runtime == NULL || Submission == NULL || Bytes == NULL ||\n      ByteCount == NULL || Submission->PrivateData == NULL ||\n      !AppleAgxDmaShadowOpen(\n          &shadow, (void *)Submission->PrivateData,\n          Submission->PrivateDataBytes) ||\n      !AppleAgxDmaShadowIsSealedForFence(\n          shadow.Storage, shadow.BytesUsed,\n          Submission->Submission.Fence) ||\n      Submission->PrivateDataEnd < shadow.BytesUsed ||\n      !AppleAgxDmaShadowFind(\n          shadow.Storage, shadow.BytesUsed,\n          Submission->DmaSubmissionStart,\n          Submission->DmaSubmissionEnd -\n              Submission->DmaSubmissionStart,\n          &view))\n    return APPLE_AGX_BACKEND_FALSE;\n  *Bytes = view.Bytes;\n  *ByteCount = view.DmaBytes;\n  return APPLE_AGX_BACKEND_TRUE;\n}\n\nstatic APPLE_AGX_BACKEND_BOOL AdmissionBackendAcquire(\n    void *Context, void *Arena, APPLE_AGX_BACKEND_U32 ArenaBytes,\n    APPLE_AGX_RENDER_TEMPLATE_ROOTS *Roots) {\n  ADMISSION_PLATFORM_RUNTIME *runtime = Context;\n  ADMISSION_BACKEND_IMAGE *image;\n  if (runtime == NULL || Roots == NULL)\n    return APPLE_AGX_BACKEND_FALSE;\n  image = &runtime->Adapter->BackendImage;\n  if (image->Ready != APPLE_AGX_TRUE || image->ArenaCpuAddress != Arena ||\n      image->ArenaBytes != ArenaBytes)\n    return APPLE_AGX_BACKEND_FALSE;\n  *Roots = image->Roots;\n  return APPLE_AGX_BACKEND_TRUE;\n}\n\nstatic APPLE_AGX_BACKEND_BOOL AdmissionBackendRelocate(\n    void *Context, void *Arena, APPLE_AGX_BACKEND_U32 ArenaBytes,\n    const APPLE_AGX_RENDER_TEMPLATE_ROOTS *Roots,\n    const unsigned char *SubmissionBytes,\n    APPLE_AGX_BACKEND_U32 SubmissionByteCount,\n    const APPLE_AGX_BACKEND_SUBMISSION *Submission,\n    APPLE_AGX_BACKEND_JOB_IMAGE *Job) {\n  ADMISSION_PLATFORM_RUNTIME *runtime = Context;\n  return runtime != NULL && runtime->PlatformIo.Image.Relocate != NULL\n             ? runtime->PlatformIo.Image.Relocate(\n                   runtime->PlatformIo.Context, Arena, ArenaBytes, Roots,\n                   SubmissionBytes, SubmissionByteCount, Submission, Job)\n             : APPLE_AGX_BACKEND_FALSE;\n}\n\n#define ADMISSION_DELEGATE_ZERO(name, member)                              \\\n  static APPLE_AGX_BACKEND_BOOL name(void *Context) {                      \\\n    ADMISSION_PLATFORM_RUNTIME *runtime = Context;                         \\\n    return runtime != NULL && runtime->PlatformIo.member != NULL           \\\n               ? runtime->PlatformIo.member(runtime->PlatformIo.Context)   \\\n               : APPLE_AGX_BACKEND_FALSE;                                 \\\n  }\n\n#define ADMISSION_DELEGATE_JOB(name, member)                               \\\n  static APPLE_AGX_BACKEND_BOOL name(                                      \\\n      void *Context, const APPLE_AGX_BACKEND_JOB_IMAGE *Job,               \\\n      APPLE_AGX_BACKEND_U32 Fence) {                                       \\\n    ADMISSION_PLATFORM_RUNTIME *runtime = Context;                         \\\n    return runtime != NULL && runtime->PlatformIo.member != NULL           \\\n               ? runtime->PlatformIo.member(runtime->PlatformIo.Context,   \\\n                                            Job, Fence)                    \\\n               : APPLE_AGX_BACKEND_FALSE;                                 \\\n  }\n\n#define ADMISSION_DELEGATE_FENCE(name, member)                             \\\n  static APPLE_AGX_BACKEND_BOOL name(                                      \\\n      void *Context, APPLE_AGX_BACKEND_U32 Fence) {                        \\\n    ADMISSION_PLATFORM_RUNTIME *runtime = Context;                         \\\n    return runtime != NULL && runtime->PlatformIo.member != NULL           \\\n               ? runtime->PlatformIo.member(runtime->PlatformIo.Context,   \\\n                                            Fence)                         \\\n               : APPLE_AGX_BACKEND_FALSE;                                 \\\n  }\n\nADMISSION_DELEGATE_ZERO(AdmissionQueuesCreate, Queues.Create)\nADMISSION_DELEGATE_ZERO(AdmissionQueuesDestroy, Queues.Destroy)\nADMISSION_DELEGATE_JOB(AdmissionQueuesRun3d, Queues.Run3d)\nADMISSION_DELEGATE_JOB(AdmissionQueuesRunTa, Queues.RunTa)\nADMISSION_DELEGATE_FENCE(AdmissionQueuesStop, Queues.Stop)\nADMISSION_DELEGATE_FENCE(AdmissionQueuesReset, Queues.Reset)\n\nstatic BOOLEAN AdmissionNotifyCompletionAtInterrupt(PVOID Context) {\n  ADMISSION_COMPLETION_NOTIFICATION *notification = Context;\n  ADMISSION_PLATFORM_RUNTIME *runtime;\n  DXGKARGCB_NOTIFY_INTERRUPT_DATA data;\n  BOOLEAN queued;\n  if (notification == NULL || notification->Runtime == NULL)\n    return FALSE;\n  runtime = notification->Runtime;\n  if (!runtime->Adapter->InterfaceValid ||\n      !AppleAgxCompletionTransactionCanReport(\n          &runtime->Completion, notification->Fence,\n          notification->Node, notification->Engine))\n    return FALSE;\n  RtlZeroMemory(&data, sizeof(data));\n  data.InterruptType = DXGK_INTERRUPT_DMA_COMPLETED;\n  data.DmaCompleted.SubmissionFenceId = notification->Fence;\n  data.DmaCompleted.NodeOrdinal = notification->Node;\n  data.DmaCompleted.EngineOrdinal = notification->Engine;\n  runtime->Adapter->Interface.DxgkCbNotifyInterrupt(\n      runtime->Adapter->Interface.DeviceHandle, &data);\n  AppleAgxCompletionTransactionMarkReported(&runtime->Completion);\n#if defined(APPLE_AGX_SUBMIT_QUALIFICATION)\n  (void)AdmissionTerminalReceiptNotifyInterrupt(\n      &runtime->TerminalReceipt, notification->Fence);\n#endif\n  InterlockedExchange(&runtime->Adapter->RenderDpcFence, (LONG)notification->Fence);\n  InterlockedExchange(&runtime->Adapter->SchedulerDpcPending, 1);\n  queued = runtime->Adapter->Interface.DxgkCbQueueDpc(\n      runtime->Adapter->Interface.DeviceHandle);\n  AdmissionRenderCorrelationNotifyAtInterruptWindows(\n      runtime->Adapter, notification->Fence, KeQueryInterruptTime(), queued);\n  return TRUE;\n}\n\n#if defined(APPLE_AGX_SUBMIT_QUALIFICATION)\nstatic BOOLEAN AdmissionCompletedOutputPlatformValid(\n    ADMISSION_CONTEXT *Context,\n    const ADMISSION_BACKEND_OUTPUT_VIEW *Output) {\n  ADMISSION_SCANOUT_MEMORY_VIEW memory;\n  if (Context == NULL || Output == NULL ||\n      !NT_SUCCESS(AdmissionMemoryRuntimeScanoutView(Context, &memory)))\n    return FALSE;\n  return AdmissionCompletedOutputPlatformRangeValid(\n             Output, memory.CpuAddress, memory.GpuVirtualAddress,\n             memory.HostPhysicalAddress, memory.Bytes)\n             ? TRUE : FALSE;\n}\n\nstatic VOID AdmissionOutputThread(PVOID Context);\nstatic VOID AdmissionOutputProcess(\n    ADMISSION_PLATFORM_RUNTIME *Runtime, ULONG Fence);\n#endif\n\n#if defined(APPLE_AGX_GPUVA_B1_QUALIFICATION)\nstatic APPLE_AGX_BACKEND_BOOL AdmissionB1Complete(\n    ADMISSION_PLATFORM_RUNTIME *runtime, ADMISSION_CONTEXT *adapter,\n    APPLE_AGX_BACKEND_U32 fence) {\n  if (adapter == NULL || fence != runtime->B1Fence ||\n      !runtime->Backend.TaComplete || !runtime->Backend.D3Complete)\n    return APPLE_AGX_BACKEND_FALSE;\n  InterlockedExchange(&runtime->B1Completed, 1);\n  return APPLE_AGX_BACKEND_TRUE;\n}\n#endif\n\nstatic APPLE_AGX_BACKEND_BOOL AdmissionBackendComplete(\n    void *Context, APPLE_AGX_BACKEND_U32 Fence,\n    APPLE_AGX_BACKEND_U32 Node, APPLE_AGX_BACKEND_U32 Engine,\n    APPLE_AGX_BACKEND_COMPLETION_STATUS Status) {\n  ADMISSION_PLATFORM_RUNTIME *runtime = Context;\n  ADMISSION_CONTEXT *adapter;\n  ADMISSION_COMPLETION_NOTIFICATION notification;\n  BOOLEAN local = FALSE;\n  BOOLEAN reported = FALSE;\n  BOOLEAN preemption_waiting = FALSE;\n  NTSTATUS sync_status;\n  KIRQL old_irql;\n\n  if (runtime == NULL)\n    return APPLE_AGX_BACKEND_FALSE;\n  if (Fence == 0u || Node != 0u || Engine != 0u ||\n      Status != AppleAgxBackendCompletionSuccess)\n    return APPLE_AGX_BACKEND_FALSE;\n  adapter = runtime->Adapter;\n#if defined(APPLE_AGX_GPUVA_B1_QUALIFICATION)\n  if (InterlockedCompareExchange(&runtime->B1Active, 0, 0) != 0)\n    return AdmissionB1Complete(runtime, adapter, Fence);\n#endif\n#if defined(APPLE_AGX_GPUVA_G3_QUALIFICATION)\n  {\n    ADMISSION_RENDER_CONTEXT *g3_context = runtime->CompletionContext;\n    if (g3_context == NULL && adapter != NULL)\n      g3_context = (ADMISSION_RENDER_CONTEXT *)(ULONG_PTR)\n          adapter->RenderPacket.Description.ContextToken;\n    if (adapter != NULL && g3_context != NULL &&\n        g3_context->GpuvaG3Process != NULL &&\n        (!runtime->Backend.TaComplete || !runtime->Backend.D3Complete ||\n         !AdmissionGpuvaG3CompleteJob(adapter, Fence)))\n      return APPLE_AGX_BACKEND_FALSE;\n  }\n#endif\n  if (adapter == NULL || !adapter->InterfaceValid ||\n      adapter->Interface.DxgkCbSynchronizeExecution == NULL ||\n      adapter->Interface.DxgkCbNotifyInterrupt == NULL ||\n      adapter->Interface.DxgkCbQueueDpc == NULL)\n    return APPLE_AGX_BACKEND_FALSE;\n\n  KeAcquireSpinLock(&adapter->SchedulerLock, &old_irql);\n  if (runtime->Completion.Phase == AppleAgxCompletionIdle) {\n    if (AdmissionRenderPacketState(&adapter->RenderPacket) !=\n            AdmissionRenderPacketActive ||\n        adapter->RenderPacket.Description.Fence != Fence ||\n        AppleAgxSchedulerActiveFence(\n            &adapter->Scheduler, Node, Engine) != Fence) {\n      KeReleaseSpinLock(&adapter->SchedulerLock, old_irql);\n      return APPLE_AGX_BACKEND_FALSE;\n    }\n    runtime->CompletionContext =\n        (ADMISSION_RENDER_CONTEXT *)(ULONG_PTR)\n            adapter->RenderPacket.Description.ContextToken;\n    if (runtime->CompletionContext == NULL ||\n        runtime->CompletionContext->Object.FenceOutstanding != Fence ||\n        !AppleAgxCompletionTransactionBegin(\n            &runtime->Completion, Fence, Node, Engine)) {\n      runtime->CompletionContext = NULL;\n      KeReleaseSpinLock(&adapter->SchedulerLock, old_irql);\n      return APPLE_AGX_BACKEND_FALSE;\n    }\n  }\n  if (runtime->Completion.Phase == AppleAgxCompletionClaimed) {\n    if (!AppleAgxSchedulerCompleteActiveFence(\n            &adapter->Scheduler, Node, Engine, Fence) ||\n        !AppleAgxCompletionTransactionAdvance(\n            &runtime->Completion, Fence, Node, Engine,\n            AppleAgxCompletionClaimed,\n            AppleAgxCompletionSchedulerCommitted)) {\n      KeReleaseSpinLock(&adapter->SchedulerLock, old_irql);\n      return APPLE_AGX_BACKEND_FALSE;\n    }\n  }\n  if (runtime->Completion.Phase == AppleAgxCompletionSchedulerCommitted) {\n#if defined(APPLE_AGX_SUBMIT_QUALIFICATION)\n    if (runtime->CompletedOutput.Phase == AdmissionCompletedOutputEmpty) {\n      ADMISSION_OPEN_ALLOCATION *opened =\n          (ADMISSION_OPEN_ALLOCATION *)(ULONG_PTR)\n              adapter->RenderPacket.Description.AllocationToken;\n      ADMISSION_BACKEND_OUTPUT_VIEW output;\n      ULONG generation = (ULONG)InterlockedIncrement(\n          &runtime->CompletedOutputGeneration);\n      if (opened == NULL || opened->Magic != ADMISSION_OPEN_ALLOCATION_MAGIC ||\n          opened->Allocation == NULL ||\n          AdmissionBackendImageCaptureOutput(\n              &adapter->BackendImage, &adapter->RenderPacket.Description,\n              &opened->Allocation->Description, &output) != APPLE_AGX_TRUE) {\n        KeReleaseSpinLock(&adapter->SchedulerLock, old_irql);\n        return APPLE_AGX_BACKEND_FALSE;\n      }\n      if (runtime->DynamicOverlayState.Applied == 1u &&\n          runtime->DynamicOverlayState.Fence == Fence) {\n        if (APPLE_AGX_WIN32_COMMAND_IS_NATIVE(runtime->DynamicOverlayPlan.CommandVersion)) {\n          output.VerificationKind=AdmissionBackendOutputVerificationNativeCapture;\n          output.BackgroundColor=output.ExpectedColor=0;\n        } else {\n          output.VerificationKind=AdmissionBackendOutputVerificationTriangle;\n          output.BackgroundColor=runtime->DynamicBackgroundColor;\n          output.ExpectedColor=runtime->DynamicExpectedForegroundColor;\n        }\n      }\n      if (!AdmissionCompletedOutputPlatformValid(adapter, &output) ||\n          !AdmissionCompletedOutputCapture(\n              &runtime->CompletedOutput, generation, Fence, &output,\n              opened->Allocation)) {\n        KeReleaseSpinLock(&adapter->SchedulerLock, old_irql);\n        return APPLE_AGX_BACKEND_FALSE;\n      }\n      runtime->CompletedPacket = adapter->RenderPacket.Description;\n    } else if (runtime->CompletedOutput.Fence != Fence) {\n      KeReleaseSpinLock(&adapter->SchedulerLock, old_irql);\n      return APPLE_AGX_BACKEND_FALSE;\n    }\n    if (runtime->CompletedOutput.Phase == AdmissionCompletedOutputCaptured &&\n        (!AdmissionDynamicOverlayReleaseActive(runtime, Fence) ||\n         !AdmissionBackendImageReleaseSubmission(\n             &adapter->BackendImage, Fence) ||\n         !AdmissionCompletedOutputMarkReleased(\n             &runtime->CompletedOutput, Fence))) {\n      KeReleaseSpinLock(&adapter->SchedulerLock, old_irql);\n      return APPLE_AGX_BACKEND_FALSE;\n    }\n    if (runtime->CompletedOutput.Phase ==\n            AdmissionCompletedOutputBackendReleased &&\n        (!AdmissionRenderPacketComplete(&adapter->RenderPacket, Fence) ||\n        runtime->CompletionContext == NULL ||\n        runtime->CompletionContext->Object.FenceOutstanding != Fence ||\n         !AdmissionCompletedOutputMarkPacketRetired(\n             &runtime->CompletedOutput, Fence))) {\n      KeReleaseSpinLock(&adapter->SchedulerLock, old_irql);\n      return APPLE_AGX_BACKEND_FALSE;\n    }\n    if (runtime->CompletedOutput.Phase !=\n        AdmissionCompletedOutputPacketRetired) {\n      KeReleaseSpinLock(&adapter->SchedulerLock, old_irql);\n      return APPLE_AGX_BACKEND_FALSE;\n    }\n#else\n    if (!AdmissionDynamicOverlayReleaseActive(runtime, Fence) ||\n        !AdmissionBackendImageReleaseSubmission(\n            &adapter->BackendImage, Fence) ||\n        !AdmissionRenderPacketComplete(&adapter->RenderPacket, Fence) ||\n        runtime->CompletionContext == NULL ||\n        runtime->CompletionContext->Object.FenceOutstanding != Fence) {\n      KeReleaseSpinLock(&adapter->SchedulerLock, old_irql);\n      return APPLE_AGX_BACKEND_FALSE;\n    }\n#endif\n    if (!AppleAgxCompletionTransactionAdvance(\n            &runtime->Completion, Fence, Node, Engine,\n            AppleAgxCompletionSchedulerCommitted,\n            AppleAgxCompletionLocalCommitted)) {\n      KeReleaseSpinLock(&adapter->SchedulerLock, old_irql);\n      return APPLE_AGX_BACKEND_FALSE;\n    }\n  }\n  if (runtime->Completion.Phase == AppleAgxCompletionLocalCommitted)\n    local = AppleAgxCompletionTransactionAdvance(\n                &runtime->Completion, Fence, Node, Engine,\n                AppleAgxCompletionLocalCommitted,\n                AppleAgxCompletionBackendRetired)\n                ? TRUE\n                : FALSE;\n  else\n    local = runtime->Completion.Phase == AppleAgxCompletionBackendRetired ||\n                    runtime->Completion.Phase == AppleAgxCompletionReported\n                ? TRUE\n                : FALSE;\n  if (local && AppleAgxSchedulerPreemptionPhase(&adapter->Scheduler) ==\n                   AppleAgxPreemptionWaitCurrentBoundary) {\n    preemption_waiting = AppleAgxSchedulerObserveBoundaryCompletion(\n                             &adapter->Scheduler, Node, Engine, Fence)\n                             ? TRUE\n                             : FALSE;\n  }\n  KeReleaseSpinLock(&adapter->SchedulerLock, old_irql);\n  if (!local)\n    return APPLE_AGX_BACKEND_FALSE;\n\n  if (runtime->Completion.Phase == AppleAgxCompletionBackendRetired) {\n    notification.Runtime = runtime;\n    notification.Fence = Fence;\n    notification.Node = Node;\n    notification.Engine = Engine;\n    sync_status = adapter->Interface.DxgkCbSynchronizeExecution(\n        adapter->Interface.DeviceHandle,\n        AdmissionNotifyCompletionAtInterrupt, &notification, 0u,\n        &reported);\n    AdmissionRenderCorrelationSynchronizeWindows(\n        adapter, Fence, sync_status, reported);\n    if (!NT_SUCCESS(sync_status) || !reported)\n      return APPLE_AGX_BACKEND_FALSE;\n    AdmissionGdiReceiptCompleteWindows(adapter, Fence,\n        (ULONG)Status, TRUE);\n  }\n#if defined(APPLE_AGX_GPUVA_G3_QUALIFICATION)\n  if (runtime->Completion.Phase != AppleAgxCompletionReported ||\n      !AdmissionGpuvaG3PrivateReported(adapter,runtime->CompletionContext,Fence))\n    return APPLE_AGX_BACKEND_FALSE;\n#endif\n  if (runtime->Completion.Phase != AppleAgxCompletionReported ||\n      !AppleAgxCompletionTransactionFinish(\n          &runtime->Completion, Fence, Node, Engine))\n    return APPLE_AGX_BACKEND_FALSE;\n  KeAcquireSpinLock(&adapter->SchedulerLock,&old_irql);\n  if (runtime->CompletionContext != NULL &&\n      runtime->CompletionContext->Object.FenceOutstanding == Fence)\n    runtime->CompletionContext->Object.FenceOutstanding = 0u;\n  runtime->CompletionContext = NULL;\n  KeReleaseSpinLock(&adapter->SchedulerLock,old_irql);\n#if defined(APPLE_AGX_SUBMIT_QUALIFICATION)\n  if (!AdmissionCompletedOutputMarkNotified(\n          &runtime->CompletedOutput, Fence) ||\n      runtime->OutputThread == NULL)\n    return APPLE_AGX_BACKEND_FALSE;\n  KeAcquireSpinLock(&runtime->OutputLock, &old_irql);\n  if (!AdmissionOutputQueueSchedule(\n          &runtime->OutputQueue, runtime->CompletedOutput.Generation)) {\n    KeReleaseSpinLock(&runtime->OutputLock, old_irql);\n    return APPLE_AGX_BACKEND_FALSE;\n  }\n  KeClearEvent(&runtime->OutputIdle);\n  KeSetEvent(&runtime->OutputWake, IO_NO_INCREMENT, FALSE);\n  KeReleaseSpinLock(&runtime->OutputLock, old_irql);\n#endif\n  if (preemption_waiting)\n    InterlockedExchange(&adapter->SchedulerDpcPending, 1);\n  return APPLE_AGX_BACKEND_TRUE;\n}\n\n#if defined(APPLE_AGX_SUBMIT_QUALIFICATION)\nstatic VOID AdmissionOutputProcess(\n    ADMISSION_PLATFORM_RUNTIME *runtime, ULONG fence) {\n  if (runtime == NULL || fence == 0u)\n    return;\n  AdmissionRenderCorrelationOutputWindows(runtime->Adapter, fence,\n      AdmissionOutputTraceEntry, (ULONG)STATUS_PENDING);\n  AdmissionTerminalObserve(\n      runtime, fence, AppleAgxBackendCompletionSuccess,\n      &runtime->CompletedOutput);\n  AdmissionRenderCorrelationOutputWindows(runtime->Adapter, fence,\n      AdmissionOutputTraceVerified,\n      runtime->CompletedOutput.AccessAttempted\n          ? runtime->CompletedOutput.AccessStatus\n          : (ULONG)STATUS_INVALID_DEVICE_STATE);\n  if (runtime->CompletedOutput.View.VerificationKind ==\n      AdmissionBackendOutputVerificationTriangle)\n    AdmissionRecordOutputTerminalSnapshot(\n        runtime->Adapter, &runtime->TerminalReceipt);\n  if (runtime->DynamicOutputSnapshot.Valid == 1u &&\n      runtime->DynamicOutputSnapshot.Fence == fence)\n    AdmissionRecordDynamicOutputSnapshot(\n        runtime->Adapter, &runtime->DynamicOutputSnapshot);\n  if (runtime->DynamicGraphReceipt.Valid == 1u &&\n      runtime->DynamicGraphReceipt.Fence == fence)\n    AdmissionRecordDynamicGraph(\n        runtime->Adapter, &runtime->DynamicGraphReceipt);\n  if (runtime->DynamicStoreReceipt.Valid == 1u &&\n      runtime->DynamicStoreReceipt.Fence == fence)\n    AdmissionRecordDynamicStore(\n        runtime->Adapter, &runtime->DynamicStoreReceipt);\n  if (runtime->CompletedOutput.View.VerificationKind == AdmissionBackendOutputVerificationNativeCapture &&\n      runtime->NativeGraphReceipt.Valid == 1u && runtime->NativeGraphReceipt.Fence == fence)\n    AdmissionRecordNativeGraph(runtime->Adapter,&runtime->NativeGraphReceipt);\n  {\n    volatile APPLE_AGX_BACKEND_U32 *taRead;\n    volatile APPLE_AGX_BACKEND_U32 *d3Read;\n    APPLE_AGX_BACKEND_U32 currentTaRead;\n    APPLE_AGX_BACKEND_U32 currentD3Read;\n    ADMISSION_QUEUE_FAULT_SNAPSHOT snapshot;\n    if (runtime->Provider.Channels.Ta.StateCpuAddress != NULL &&\n        runtime->Provider.Channels.D3.StateCpuAddress != NULL) {\n      taRead = (volatile APPLE_AGX_BACKEND_U32 *)(\n          runtime->Provider.Channels.Ta.StateCpuAddress +\n          APPLE_AGX_PLATFORM_CHANNEL_READ_POINTER_OFFSET);\n      d3Read = (volatile APPLE_AGX_BACKEND_U32 *)(\n          runtime->Provider.Channels.D3.StateCpuAddress +\n          APPLE_AGX_PLATFORM_CHANNEL_READ_POINTER_OFFSET);\n      if (runtime->TransportIo.ReadU32(\n              runtime, taRead, &currentTaRead) &&\n          runtime->TransportIo.ReadU32(\n              runtime, d3Read, &currentD3Read) &&\n          AdmissionCaptureQueueFaultSnapshot(\n              runtime, fence, 0u, currentTaRead, currentD3Read, TRUE, FALSE,\n              &snapshot))\n        AdmissionRecordQueueFaultSnapshot(runtime->Adapter, &snapshot);\n    }\n  }\n#if defined(APPLE_AGX_VISIBLE_AGX_QUALIFICATION)\n  if (runtime->CompletedOutput.View.VerificationKind != AdmissionBackendOutputVerificationNativeCapture &&\n      runtime->VisibleAgxValid && runtime->VisibleAgxFence == fence &&\n      AdmissionCompletedOutputBeginPresent(\n          &runtime->CompletedOutput, fence)) {\n    NTSTATUS presentStatus;\n    AdmissionRenderCorrelationOutputWindows(runtime->Adapter, fence,\n        AdmissionOutputTracePresentEntry, (ULONG)STATUS_PENDING);\n    presentStatus = AdmissionScanoutPresentAgxResult(\n        runtime->Adapter, &runtime->CompletedPacket,\n        &runtime->CompletedOutput, &runtime->TerminalReceipt,\n        runtime->VisibleAgxSourceAddress,\n        runtime->VisibleAgxSourceBytes, runtime->VisibleAgxGpuAddress,\n        runtime->VisibleAgxPhysicalAddress, fence);\n    AdmissionRenderCorrelationOutputWindows(runtime->Adapter, fence,\n        AdmissionOutputTracePresentExit, (ULONG)presentStatus);\n    if (!NT_SUCCESS(presentStatus) &&\n        runtime->CompletedOutput.Phase != AdmissionCompletedOutputEmpty)\n      (void)AdmissionCompletedOutputAbort(\n          &runtime->CompletedOutput, fence);\n  } else if (runtime->CompletedOutput.Phase !=\n             AdmissionCompletedOutputEmpty) {\n    (void)AdmissionCompletedOutputAbort(\n        &runtime->CompletedOutput, fence);\n  }\n  runtime->VisibleAgxValid = FALSE;\n  runtime->VisibleAgxSourceAddress = NULL;\n  runtime->VisibleAgxSourceBytes = 0u;\n#else\n  if (runtime->CompletedOutput.Phase != AdmissionCompletedOutputEmpty)\n    (void)AdmissionCompletedOutputAbort(\n        &runtime->CompletedOutput, fence);\n#endif\n  RtlZeroMemory(&runtime->CompletedPacket,\n                sizeof(runtime->CompletedPacket));\n}\n\nstatic VOID AdmissionOutputThread(PVOID Context) {\n  ADMISSION_PLATFORM_RUNTIME *runtime =\n      (ADMISSION_PLATFORM_RUNTIME *)Context;\n  ULONG fence;\n  ULONG generation;\n  KIRQL oldIrql;\n  if (runtime == NULL) {\n    PsTerminateSystemThread(STATUS_INVALID_PARAMETER);\n    return;\n  }\n  for (;;) {\n    (void)KeWaitForSingleObject(&runtime->OutputWake, Executive,\n                                KernelMode, FALSE, NULL);\n    KeAcquireSpinLock(&runtime->OutputLock, &oldIrql);\n    if (AdmissionOutputQueueCanExit(&runtime->OutputQueue)) {\n      (void)AdmissionOutputQueueMarkExited(&runtime->OutputQueue);\n      KeSetEvent(&runtime->OutputExited, IO_NO_INCREMENT, FALSE);\n      KeReleaseSpinLock(&runtime->OutputLock, oldIrql);\n      PsTerminateSystemThread(STATUS_SUCCESS);\n      return;\n    }\n    generation = runtime->OutputQueue.Generation;\n    if (!AdmissionOutputQueueBegin(&runtime->OutputQueue, generation)) {\n      KeReleaseSpinLock(&runtime->OutputLock, oldIrql);\n      InterlockedExchange(&runtime->Adapter->SchedulerFaulted, 1);\n      continue;\n    }\n    fence = runtime->CompletedOutput.Fence;\n    KeReleaseSpinLock(&runtime->OutputLock, oldIrql);\n    AdmissionOutputProcess(runtime, fence);\n    KeAcquireSpinLock(&runtime->OutputLock, &oldIrql);\n    if (AdmissionOutputQueueFinish(&runtime->OutputQueue, generation))\n      KeSetEvent(&runtime->OutputIdle, IO_NO_INCREMENT, FALSE);\n    else\n      InterlockedExchange(&runtime->Adapter->SchedulerFaulted, 1);\n    if (AdmissionOutputQueueCanExit(&runtime->OutputQueue)) {\n      (void)AdmissionOutputQueueMarkExited(&runtime->OutputQueue);\n      KeSetEvent(&runtime->OutputExited, IO_NO_INCREMENT, FALSE);\n      KeReleaseSpinLock(&runtime->OutputLock, oldIrql);\n      PsTerminateSystemThread(STATUS_SUCCESS);\n      return;\n    }\n    KeReleaseSpinLock(&runtime->OutputLock, oldIrql);\n  }\n}\n#endif\n\n#if defined(APPLE_AGX_SUBMIT_QUALIFICATION)\n_Use_decl_annotations_ VOID AdmissionPlatformRecordPostDpcHealth(\n    ADMISSION_CONTEXT *Context, ULONG Fence) {\n  ADMISSION_PLATFORM_RUNTIME *runtime;\n  ADMISSION_POST_DPC_HEALTH_RECEIPT record;\n  KIRQL oldIrql;\n  if (Context == NULL || Fence == 0u || Context->PlatformRuntime == NULL)\n    return;\n  runtime = (ADMISSION_PLATFORM_RUNTIME *)Context->PlatformRuntime;\n  RtlZeroMemory(&record, sizeof(record));\n  record.Version = 1u; record.Bytes = sizeof(record); record.Fence = Fence;\n  record.SchedulerFaulted = (ULONG)InterlockedCompareExchange(\n      &Context->SchedulerFaulted, 0, 0);\n  KeAcquireSpinLock(&Context->SchedulerLock, &oldIrql);\n  record.CurrentFence = AppleAgxSchedulerCurrentFence(&Context->Scheduler, 0u, 0u);\n  record.ActiveFence = AppleAgxSchedulerActiveFence(&Context->Scheduler, 0u, 0u);\n  record.DispatchedFence = Context->DispatchedFence;\n  record.RenderPacketState = (ULONG)AdmissionRenderPacketState(&Context->RenderPacket);\n  KeReleaseSpinLock(&Context->SchedulerLock, oldIrql);\n  record.BackendPhase = (ULONG)runtime->Backend.Phase;\n  record.ProviderPhase = (ULONG)runtime->Provider.QueueProvider.Phase;\n  record.CompletionPhase = (ULONG)runtime->Completion.Phase;\n  record.CompletedOutputPhase = (ULONG)runtime->CompletedOutput.Phase;\n  record.OutputQueuePhase = (ULONG)runtime->OutputQueue.ThreadPhase;\n  record.WorkScheduled = (ULONG)InterlockedCompareExchange(&runtime->WorkScheduled, 0, 0);\n  record.WorkersActive = (ULONG)InterlockedCompareExchange(&runtime->WorkersActive, 0, 0);\n  record.DpcPending = (ULONG)InterlockedCompareExchange(&Context->SchedulerDpcPending, 0, 0);\n  Context->PostDpcHealth = record;\n  KeMemoryBarrier();\n  InterlockedExchange(&Context->PostDpcHealthValid, 1);\n}\n#endif\n\nstatic APPLE_AGX_BACKEND_BOOL AdmissionBackendRetire(\n    void *Context, APPLE_AGX_BACKEND_U32 Fence,\n    APPLE_AGX_BACKEND_U32 Node, APPLE_AGX_BACKEND_U32 Engine) {\n  ADMISSION_PLATFORM_RUNTIME *runtime = Context;\n  ADMISSION_CONTEXT *adapter;\n  ADMISSION_RENDER_CONTEXT *render_context;\n  APPLE_AGX_U32 ignored = 0u;\n  ADMISSION_RENDER_PACKET_STATE state;\n  BOOLEAN retired = FALSE;\n  KIRQL old_irql;\n  if (runtime == NULL || Fence == 0u || Node != 0u || Engine != 0u ||\n      (InterlockedCompareExchange(&runtime->Stopping, 0, 0) == 0 &&\n       InterlockedCompareExchange(&runtime->Resetting, 0, 0) == 0) ||\n      !runtime->Backend.QueuesQuiesced)\n    return APPLE_AGX_BACKEND_FALSE;\n  adapter = runtime->Adapter;\n  KeAcquireSpinLock(&adapter->SchedulerLock, &old_irql);\n  state = AdmissionRenderPacketState(&adapter->RenderPacket);\n  if ((state == AdmissionRenderPacketQueued ||\n       state == AdmissionRenderPacketActive) &&\n      adapter->RenderPacket.Description.Fence == Fence) {\n    render_context = (ADMISSION_RENDER_CONTEXT *)(ULONG_PTR)\n        adapter->RenderPacket.Description.ContextToken;\n    if (render_context != NULL &&\n        render_context->Object.FenceOutstanding == Fence &&\n        AdmissionDynamicOverlayReleaseActive(runtime, Fence) &&\n        AdmissionBackendImageReleaseSubmission(\n            &adapter->BackendImage, Fence) &&\n        AdmissionRenderPacketReset(\n            &adapter->RenderPacket, Fence,\n            state == AdmissionRenderPacketActive ? 1u : 0u) &&\n        AppleAgxSchedulerResetEngine(\n            &adapter->Scheduler, Node, Engine, &ignored)) {\n#if defined(APPLE_AGX_GPUVA_G3_QUALIFICATION)\n      AdmissionGpuvaG3PrivateCancel(render_context,Fence,\n          state == AdmissionRenderPacketActive ? TRUE : FALSE);\n#endif\n      render_context->Object.FenceOutstanding = 0u;\n      retired = TRUE;\n    }\n  }\n  KeReleaseSpinLock(&adapter->SchedulerLock, old_irql);\n  return retired ? APPLE_AGX_BACKEND_TRUE : APPLE_AGX_BACKEND_FALSE;\n}\n\nstatic VOID AdmissionPlatformWorkerFinished(\n    ADMISSION_PLATFORM_RUNTIME *Runtime) {\n  KIRQL oldIrql;\n  KeAcquireSpinLock(&Runtime->Adapter->SchedulerLock, &oldIrql);\n  InterlockedExchange(&Runtime->WorkScheduled, 0);\n  KeReleaseSpinLock(&Runtime->Adapter->SchedulerLock, oldIrql);\n  if (InterlockedCompareExchange(&Runtime->Stopping, 0, 0) == 0 &&\n      InterlockedCompareExchange(&Runtime->Resetting, 0, 0) == 0)\n    AdmissionDispatchQueuedWork(Runtime->Adapter);\n  KeAcquireSpinLock(&Runtime->Adapter->SchedulerLock, &oldIrql);\n  if (InterlockedDecrement(&Runtime->WorkersActive) == 0 &&\n      InterlockedCompareExchange(&Runtime->WorkScheduled, 0, 0) == 0)\n    KeSetEvent(&Runtime->WorkIdle, IO_NO_INCREMENT, FALSE);\n  KeReleaseSpinLock(&Runtime->Adapter->SchedulerLock, oldIrql);\n}\n\nstatic VOID AdmissionPlatformWorker(\n    _In_ PDEVICE_OBJECT DeviceObject, _In_opt_ PVOID Context) {\n  ADMISSION_CONTEXT *adapter = Context;\n  ADMISSION_PLATFORM_RUNTIME *runtime;\n  ADMISSION_RENDER_PACKET_DESCRIPTION description;\n  APPLE_AGX_BACKEND_SUBMISSION submission;\n  APPLE_AGX_BACKEND_RUNTIME_RESULT result;\n  APPLE_AGX_RTKIT_SESSION_RESULT heartbeatResult;\n  BOOLEAN activated = FALSE;\n  BOOLEAN cancelled = FALSE;\n  BOOLEAN deferred = FALSE;\n#if defined(APPLE_AGX_SUBMIT_QUALIFICATION)\n  APPLE_AGX_G13_QUEUE_PROGRESS finalProgress;\n  APPLE_AGX_RTKIT_SESSION heartbeatSnapshot;\n  ADMISSION_QUEUE_SUBMISSION_RECEIPT queueSubmissionReceipt;\n  ADMISSION_QUEUE_INFO_RECEIPT queueInfoReceipt;\n  ADMISSION_BUFFER_MANAGER_RECEIPT bufferManagerReceipt;\n  BOOLEAN finalProgressValid = FALSE;\n  BOOLEAN queueSubmissionCaptured = FALSE;\n  BOOLEAN queueInfoCaptured = FALSE;\n  BOOLEAN bufferManagerCaptured = FALSE;\n  BOOLEAN channelBaselineValid = FALSE;\n  BOOLEAN channelProgressReported = FALSE;\n  BOOLEAN faultSnapshotReported = FALSE;\n  BOOLEAN taProgressReported = FALSE;\n  BOOLEAN taRetireReported = FALSE;\n  BOOLEAN taTemporalReported = FALSE;\n  ADMISSION_TA_TEMPORAL_RECEIPT taTemporal;\n  BOOLEAN ktraceBaselineValid = FALSE;\n  ULONG initialTaChannelRead = 0u;\n  ULONG initialD3ChannelRead = 0u;\n  ULONGLONG queueSubmitMs = 0ULL;\n  APPLE_AGX_BACKEND_U32 initialKtraceWrite = 0u;\n#endif\n  KIRQL old_irql;\n\n  UNREFERENCED_PARAMETER(DeviceObject);\n  if (adapter == NULL || adapter->PlatformRuntime == NULL)\n    return;\n  runtime = (ADMISSION_PLATFORM_RUNTIME *)adapter->PlatformRuntime;\n  InterlockedIncrement(&runtime->WorkersActive);\n  RtlZeroMemory(&description, sizeof(description));\n  RtlZeroMemory(&submission, sizeof(submission));\n#if defined(APPLE_AGX_SUBMIT_QUALIFICATION)\n  RtlZeroMemory(&finalProgress, sizeof(finalProgress));\n  RtlZeroMemory(&taTemporal, sizeof(taTemporal));\n  RtlZeroMemory(&heartbeatSnapshot, sizeof(heartbeatSnapshot));\n  RtlZeroMemory(&queueSubmissionReceipt, sizeof(queueSubmissionReceipt));\n  RtlZeroMemory(&queueInfoReceipt, sizeof(queueInfoReceipt));\n  RtlZeroMemory(&bufferManagerReceipt, sizeof(bufferManagerReceipt));\n  taTemporal.Version = ADMISSION_TA_TEMPORAL_RECEIPT_VERSION;\n  taTemporal.Bytes = sizeof(taTemporal);\n#endif\n\n  KeAcquireSpinLock(&adapter->SchedulerLock, &old_irql);\n  cancelled = AdmissionRenderPacketState(&adapter->RenderPacket) == AdmissionRenderPacketEmpty ||\n      InterlockedCompareExchange(&runtime->Stopping, 0, 0) != 0 ||\n      InterlockedCompareExchange(&runtime->Resetting, 0, 0) != 0;\n  deferred = AdmissionRenderPacketState(&adapter->RenderPacket) == AdmissionRenderPacketQueued &&\n      (AppleAgxSchedulerActiveFence(&adapter->Scheduler, 0u, 0u) != 0u ||\n       AppleAgxSchedulerQueuedFence(&adapter->Scheduler, 0u, 0u) != adapter->RenderPacket.Description.Fence ||\n       (adapter->DispatchedFence != 0u && adapter->DispatchedFence != adapter->RenderPacket.Description.Fence));\n  if (!cancelled && !deferred && InterlockedCompareExchange(&runtime->Stopping, 0, 0) == 0 &&\n      InterlockedCompareExchange(&runtime->Resetting, 0, 0) == 0 &&\n      runtime->BackendStarted &&\n      runtime->Backend.Phase == AppleAgxBackendRuntimeReady &&\n      AdmissionRenderPacketState(&adapter->RenderPacket) ==\n          AdmissionRenderPacketQueued) {\n    description = adapter->RenderPacket.Description;\n    if (AppleAgxSchedulerActivateFence(\n            &adapter->Scheduler, 0u, 0u, description.Fence) &&\n        AdmissionRenderPacketActivate(\n            &adapter->RenderPacket, description.Fence)) {\n      adapter->DispatchedFence = description.Fence;\n      activated = TRUE;\n    }\n  }\n  KeReleaseSpinLock(&adapter->SchedulerLock, old_irql);\n  if (!activated) {\n    if (!cancelled && !deferred)\n      InterlockedExchange(&adapter->SchedulerFaulted, 1);\n    AdmissionPlatformWorkerFinished(runtime);\n    return;\n  }\n  AdmissionRenderCorrelationWorkerWindows(\n      adapter, description.Fence, TRUE, (ULONG)STATUS_PENDING);\n\n  submission.Submission.Kind = AppleAgxSubmissionGdi;\n  submission.Submission.Fence = description.Fence;\n  submission.Submission.NodeOrdinal = 0u;\n  submission.Submission.EngineOrdinal = 0u;\n  submission.Submission.DmaBytes =\n      description.DmaEnd - description.DmaStart;\n  submission.ContextIdentity = ADMISSION_MEMORY_UAT_CONTEXT;\n  submission.PrivateData =\n      (const void *)(ULONG_PTR)description.PrivateDataToken;\n  submission.PrivateDataBytes = description.PrivateDataBytes;\n  submission.PrivateDataStart = description.PrivateDataStart;\n  submission.PrivateDataEnd = description.PrivateDataEnd;\n  submission.DmaSubmissionStart = description.DmaStart;\n  submission.DmaSubmissionEnd = description.DmaEnd;\n  heartbeatResult = AppleAgxRtkitSessionHeartbeat(\n      &runtime->Rtkit, &runtime->AscIo,\n      AdmissionPlatformNowMs() + J313_AGX_G2_HEARTBEAT_TIMEOUT_MS);\n#if defined(APPLE_AGX_SUBMIT_QUALIFICATION)\n  heartbeatSnapshot = runtime->Rtkit;\n#endif\n  if (heartbeatResult != AppleAgxRtkitSessionResultOk) {\n#if defined(APPLE_AGX_SUBMIT_QUALIFICATION)\n    AdmissionRecordPreSubmitHeartbeat(\n        adapter, heartbeatResult, &heartbeatSnapshot);\n#endif\n    InterlockedExchange(&adapter->SchedulerFaulted, 1);\n    AdmissionFlushGdiReceipt(adapter);\n    AdmissionRenderCorrelationWorkerWindows(\n        adapter, description.Fence, FALSE, (ULONG)heartbeatResult);\n    AdmissionPlatformWorkerFinished(runtime);\n    return;\n  }\n#if defined(APPLE_AGX_SUBMIT_QUALIFICATION)\n  {\n    APPLE_AGX_MEMORY_OBJECT *state = &runtime->Initdata.ChannelMemory.Objects[\n        ADMISSION_CHANNEL_OBJECT_KTRACE_STATE];\n    if (state->CpuAddress != NULL && state->Length >= 0x24u) {\n      volatile APPLE_AGX_BACKEND_U32 *writePointer =\n          (volatile APPLE_AGX_BACKEND_U32 *)(\n              (unsigned char *)state->CpuAddress +\n              APPLE_AGX_PLATFORM_CHANNEL_WRITE_POINTER_OFFSET);\n      ktraceBaselineValid = runtime->TransportIo.ReadU32(\n          runtime, writePointer, &initialKtraceWrite) &&\n          initialKtraceWrite < ADMISSION_KTRACE_RING_ENTRIES;\n    }\n  }\n  taTemporal.Fence = description.Fence;\n#endif\n#if defined(APPLE_AGX_GPUVA_G3_QUALIFICATION)\n  {\n    ADMISSION_RENDER_CONTEXT *g3_context =\n        (ADMISSION_RENDER_CONTEXT *)(ULONG_PTR)description.ContextToken;\n    if (g3_context != NULL && g3_context->GpuvaG3Process != NULL) {\n      /* Keep the backend owner identity. BeginJob and the G4 materializer\n       * select the process VM slot independently of this envelope. */\n      if (!NT_SUCCESS(AdmissionGpuvaG3BeginJob(\n              adapter, g3_context, description.Fence))) {\n        InterlockedExchange(&adapter->SchedulerFaulted, 1);\n        AdmissionPlatformWorkerFinished(runtime);\n        return;\n      }\n    }\n  }\n#endif\n  result = AppleAgxBackendRuntimeSubmit(&runtime->Backend, &submission);\n  if (result != AppleAgxBackendRuntimeResultOk)\n    AdmissionBackendSubmitResultWindows(\n        adapter, (ULONG)result, (ULONG)runtime->Backend.Phase);\n  AdmissionGdiReceiptBackendWindows(adapter, description.Fence, (ULONG)result,\n      result == AppleAgxBackendRuntimeResultOk\n          ? &runtime->Backend.PendingJob : NULL);\n  if (result != AppleAgxBackendRuntimeResultOk) {\n    AdmissionRecordComputeIdentityDiagnostic(\n        adapter, &runtime->Provider.QueueProvider.ComputeIdentityDiagnostic);\n#if defined(APPLE_AGX_SUBMIT_QUALIFICATION)\n    APPLE_AGX_G13_QUEUE_PROGRESS failedProgress;\n    RtlZeroMemory(&failedProgress, sizeof(failedProgress));\n    failedProgress.Fence = description.Fence;\n    failedProgress.TaDonePointer =\n        runtime->Provider.QueueProvider.LastSubmitGuard;\n    failedProgress.TaStamp =\n        runtime->Provider.QueueProvider.LastSubmitRuntimeResult;\n    AdmissionGdiReceiptProgressWindows(\n        adapter, description.Fence, &failedProgress,\n        (ULONG)runtime->Backend.Phase);\n#endif\n    InterlockedExchange(&adapter->SchedulerFaulted, 1);\n    AdmissionFlushGdiReceipt(adapter);\n    AdmissionRenderCorrelationWorkerWindows(\n        adapter, description.Fence, FALSE, (ULONG)result);\n    AdmissionPlatformWorkerFinished(runtime);\n    return;\n  }\n#if defined(APPLE_AGX_SUBMIT_QUALIFICATION)\n  AdmissionTerminalBegin(runtime, &description);\n  if (runtime->DynamicOverlayState.Applied == 1u &&\n      (APPLE_AGX_WIN32_COMMAND_IS_NATIVE(runtime->DynamicOverlayPlan.CommandVersion)) &&\n      AdmissionDynamicOverlayCaptureNativeGraph(&runtime->NativeBindings,&runtime->DynamicOverlayPlan,\n          runtime->DynamicJob,runtime->QueueObjects,APPLE_AGX_RENDER_TEMPLATE_RUNTIME_OBJECT_COUNT,\n          runtime->NativeCommandHash,description.Fence,&runtime->NativeGraphReceipt)==AdmissionDynamicOverlaySuccess) {\n    runtime->NativeGraphReceipt.CandidateBuild=APPLE_AGX_VERSION_BUILD;\n    runtime->NativeGraphReceipt.BootGeneration=adapter->Win32BootGeneration;\n  }\n  if (runtime->DynamicOverlayState.Applied == 1u &&\n      !APPLE_AGX_WIN32_COMMAND_IS_NATIVE(runtime->DynamicOverlayPlan.CommandVersion))\n    (void)AdmissionDynamicOverlayCaptureGraph(\n        &adapter->BackendImage, &runtime->DynamicOverlayPlan,\n        &runtime->DynamicOverlayState, runtime->QueueObjects,\n        APPLE_AGX_RENDER_TEMPLATE_RUNTIME_OBJECT_COUNT,\n        description.Fence, &runtime->DynamicGraphReceipt);\n#endif\n  RtlZeroMemory(&runtime->Progress, sizeof(runtime->Progress));\n  runtime->ProgressValid =\n      AppleAgxG13QueueProviderQueryProgress(\n          &runtime->Provider.QueueProvider, &runtime->Progress)\n          ? TRUE\n          : FALSE;\n#if defined(APPLE_AGX_SUBMIT_QUALIFICATION)\n  {\n    if (AdmissionCaptureQueueSubmission(runtime, &runtime->Progress,\n                                        runtime->ProgressValid,\n                                        &queueSubmissionReceipt)) {\n      initialTaChannelRead = queueSubmissionReceipt.TaChannelReadPointer;\n      initialD3ChannelRead = queueSubmissionReceipt.D3ChannelReadPointer;\n      channelBaselineValid = TRUE;\n      queueSubmissionCaptured = TRUE;\n    }\n    if (AdmissionCaptureQueueInfo(\n            runtime, description.Fence, &queueInfoReceipt))\n      queueInfoCaptured = TRUE;\n    if (AdmissionCaptureBufferManager(\n            runtime, description.Fence, &bufferManagerReceipt))\n      bufferManagerCaptured = TRUE;\n  }\n#endif\n  InterlockedExchange64(\n      &runtime->LastProgressMs, (LONG64)AdmissionPlatformNowMs());\n#if defined(APPLE_AGX_SUBMIT_QUALIFICATION)\n  queueSubmitMs = AdmissionPlatformNowMs();\n#endif\n\n  while (runtime->Backend.Phase == AppleAgxBackendRuntimeSubmitted &&\n         InterlockedCompareExchange(&runtime->Stopping, 0, 0) == 0 &&\n         InterlockedCompareExchange(&runtime->Resetting, 0, 0) == 0) {\n    APPLE_AGX_BACKEND_U32 drained = 0u;\n    APPLE_AGX_BACKEND_U32 completed = 0u;\n    LARGE_INTEGER interval;\n    if (!AppleAgxPlatformProviderPoll(\n            &runtime->Provider, 64u, &drained, &completed)) {\n      if (runtime->Provider.LastPollGuard ==\n          AppleAgxPlatformPollGuardDrainEvents) {\n        ADMISSION_EVENT_DRAIN_RECEIPT eventReceipt;\n        RtlZeroMemory(&eventReceipt, sizeof(eventReceipt));\n        eventReceipt.Version = ADMISSION_EVENT_DRAIN_RECEIPT_VERSION;\n        eventReceipt.Bytes = sizeof(eventReceipt);\n        eventReceipt.Fence = description.Fence;\n        eventReceipt.PollGuard = runtime->Provider.LastPollGuard;\n        eventReceipt.DrainGuard = runtime->Provider.LastDrainGuard;\n        eventReceipt.ReadPointer = runtime->Provider.LastEventReadPointer;\n        eventReceipt.WritePointer = runtime->Provider.LastEventWritePointer;\n        eventReceipt.IngestGuard =\n            runtime->Provider.QueueProvider.LastIngestGuard;\n        eventReceipt.RuntimeResult =\n            runtime->Provider.QueueProvider.LastIngestRuntimeResult;\n        eventReceipt.MessageValid = runtime->Provider.LastEventMessageValid;\n        if (runtime->Provider.LastEventMessageValid) {\n          RtlCopyMemory(\n              eventReceipt.Message, runtime->Provider.LastEventMessage,\n              sizeof(eventReceipt.Message));\n        }\n        AdmissionRecordEventDrain(adapter, &eventReceipt);\n#if defined(APPLE_AGX_SUBMIT_QUALIFICATION)\n        if (!faultSnapshotReported) {\n          volatile APPLE_AGX_BACKEND_U32 *taRead =\n              (volatile APPLE_AGX_BACKEND_U32 *)(\n                  runtime->Provider.Channels.Ta.StateCpuAddress +\n                  APPLE_AGX_PLATFORM_CHANNEL_READ_POINTER_OFFSET);\n          volatile APPLE_AGX_BACKEND_U32 *d3Read =\n              (volatile APPLE_AGX_BACKEND_U32 *)(\n                  runtime->Provider.Channels.D3.StateCpuAddress +\n                  APPLE_AGX_PLATFORM_CHANNEL_READ_POINTER_OFFSET);\n          APPLE_AGX_BACKEND_U32 currentTaRead;\n          APPLE_AGX_BACKEND_U32 currentD3Read;\n          ADMISSION_QUEUE_FAULT_SNAPSHOT snapshot;\n          ULONGLONG nowMs = AdmissionPlatformNowMs();\n          if (runtime->TransportIo.ReadU32(runtime, taRead, &currentTaRead) &&\n              runtime->TransportIo.ReadU32(runtime, d3Read, &currentD3Read) &&\n              AdmissionCaptureQueueFaultSnapshot(\n                  runtime, description.Fence, nowMs - queueSubmitMs,\n                  currentTaRead, currentD3Read, TRUE, TRUE, &snapshot)) {\n            AdmissionRecordQueueFaultSnapshot(adapter, &snapshot);\n            faultSnapshotReported = TRUE;\n          }\n        }\n        if (!taProgressReported) {\n          ADMISSION_TA_PROGRESS_RECEIPT taProgress;\n          ULONGLONG nowMs = AdmissionPlatformNowMs();\n          if (AdmissionCaptureTaProgress(\n                  runtime, description.Fence, nowMs - queueSubmitMs,\n                  &taProgress)) {\n            AdmissionRecordTaProgress(adapter, &taProgress);\n            taProgressReported = TRUE;\n          }\n        }\n        if (!taRetireReported) {\n          ADMISSION_TA_RETIRE_RECEIPT taRetire;\n          ULONGLONG nowMs = AdmissionPlatformNowMs();\n          if (AdmissionCaptureTaRetire(\n                  runtime, description.Fence, nowMs - queueSubmitMs,\n                  &taRetire)) {\n            AdmissionRecordTaRetire(adapter, &taRetire);\n            taRetireReported = TRUE;\n          }\n        }\n#endif\n        AdmissionProviderDrainTraceWindows(\n            adapter, runtime->Provider.LastDrainGuard,\n            runtime->Provider.LastEventReadPointer,\n            runtime->Provider.LastEventWritePointer);\n      }\n      AdmissionProviderPollGuardWindows(\n          adapter, runtime->Provider.LastPollGuard,\n          (ULONG)runtime->Provider.QueueProvider.Phase,\n          (ULONG)runtime->Backend.Phase, description.Fence);\n      InterlockedExchange(&adapter->SchedulerFaulted, 1);\n      break;\n    }\n    UNREFERENCED_PARAMETER(drained);\n    UNREFERENCED_PARAMETER(completed);\n#if defined(APPLE_AGX_SUBMIT_QUALIFICATION)\n    if (channelBaselineValid && !channelProgressReported) {\n      volatile APPLE_AGX_BACKEND_U32 *taRead =\n          (volatile APPLE_AGX_BACKEND_U32 *)(\n              runtime->Provider.Channels.Ta.StateCpuAddress +\n              APPLE_AGX_PLATFORM_CHANNEL_READ_POINTER_OFFSET);\n      volatile APPLE_AGX_BACKEND_U32 *d3Read =\n          (volatile APPLE_AGX_BACKEND_U32 *)(\n              runtime->Provider.Channels.D3.StateCpuAddress +\n              APPLE_AGX_PLATFORM_CHANNEL_READ_POINTER_OFFSET);\n      APPLE_AGX_BACKEND_U32 currentTaRead;\n      APPLE_AGX_BACKEND_U32 currentD3Read;\n      if (runtime->TransportIo.ReadU32(runtime, taRead, &currentTaRead) &&\n          runtime->TransportIo.ReadU32(runtime, d3Read, &currentD3Read) &&\n          currentTaRead < APPLE_AGX_PLATFORM_COMMAND_RING_ENTRY_COUNT &&\n          currentD3Read < APPLE_AGX_PLATFORM_COMMAND_RING_ENTRY_COUNT &&\n          (currentTaRead != initialTaChannelRead ||\n           currentD3Read != initialD3ChannelRead)) {\n        AdmissionBackendChannelProgressWindows(\n            adapter, currentTaRead, currentD3Read, description.Fence);\n        channelProgressReported = TRUE;\n      }\n    }\n    if (runtime->Backend.Phase == AppleAgxBackendRuntimeSubmitted &&\n        !faultSnapshotReported) {\n      ULONGLONG nowMs = AdmissionPlatformNowMs();\n      if (nowMs >= queueSubmitMs + ADMISSION_QUEUE_FAULT_SNAPSHOT_DELAY_MS) {\n        volatile APPLE_AGX_BACKEND_U32 *taRead =\n            (volatile APPLE_AGX_BACKEND_U32 *)(\n                runtime->Provider.Channels.Ta.StateCpuAddress +\n                APPLE_AGX_PLATFORM_CHANNEL_READ_POINTER_OFFSET);\n        volatile APPLE_AGX_BACKEND_U32 *d3Read =\n            (volatile APPLE_AGX_BACKEND_U32 *)(\n                runtime->Provider.Channels.D3.StateCpuAddress +\n                APPLE_AGX_PLATFORM_CHANNEL_READ_POINTER_OFFSET);\n        APPLE_AGX_BACKEND_U32 currentTaRead;\n        APPLE_AGX_BACKEND_U32 currentD3Read;\n        ADMISSION_QUEUE_FAULT_SNAPSHOT snapshot;\n        if (runtime->TransportIo.ReadU32(runtime, taRead, &currentTaRead) &&\n            runtime->TransportIo.ReadU32(runtime, d3Read, &currentD3Read) &&\n            AdmissionCaptureQueueFaultSnapshot(\n                runtime, description.Fence, nowMs - queueSubmitMs,\n                currentTaRead, currentD3Read, FALSE, TRUE, &snapshot)) {\n          AdmissionRecordQueueFaultSnapshot(adapter, &snapshot);\n          faultSnapshotReported = TRUE;\n        }\n      }\n    }\n    if (runtime->Backend.Phase == AppleAgxBackendRuntimeSubmitted &&\n        !taProgressReported) {\n      ULONGLONG nowMs = AdmissionPlatformNowMs();\n      if (nowMs >= queueSubmitMs + ADMISSION_QUEUE_FAULT_SNAPSHOT_DELAY_MS) {\n        ADMISSION_TA_PROGRESS_RECEIPT taProgress;\n        if (AdmissionCaptureTaProgress(\n                runtime, description.Fence, nowMs - queueSubmitMs,\n                &taProgress)) {\n          AdmissionRecordTaProgress(adapter, &taProgress);\n          taProgressReported = TRUE;\n        }\n      }\n    }\n    if (runtime->Backend.Phase == AppleAgxBackendRuntimeSubmitted &&\n        !taRetireReported) {\n      ULONGLONG nowMs = AdmissionPlatformNowMs();\n      if (nowMs >= queueSubmitMs + ADMISSION_QUEUE_FAULT_SNAPSHOT_DELAY_MS) {\n        ADMISSION_TA_RETIRE_RECEIPT taRetire;\n        if (AdmissionCaptureTaRetire(\n                runtime, description.Fence, nowMs - queueSubmitMs,\n                &taRetire)) {\n          AdmissionRecordTaRetire(adapter, &taRetire);\n          taRetireReported = TRUE;\n        }\n      }\n    }\n    if (runtime->Backend.Phase == AppleAgxBackendRuntimeSubmitted &&\n        !taTemporalReported) {\n      ULONGLONG nowMs = AdmissionPlatformNowMs();\n      ULONGLONG elapsedMs = nowMs - queueSubmitMs;\n      if (taTemporal.SampleCount == 0u &&\n          elapsedMs >= ADMISSION_QUEUE_FAULT_SNAPSHOT_DELAY_MS &&\n          AdmissionCaptureTaTemporalSample(\n              runtime, elapsedMs, &taTemporal.Samples[0]))\n        taTemporal.SampleCount = 1u;\n      if (taTemporal.SampleCount == 1u &&\n          elapsedMs >= ADMISSION_TA_TEMPORAL_SECOND_DELAY_MS &&\n          AdmissionCaptureTaTemporalSample(\n              runtime, elapsedMs, &taTemporal.Samples[1])) {\n        taTemporal.SampleCount = ADMISSION_TA_TEMPORAL_SAMPLE_COUNT;\n        AdmissionRecordTaTemporal(adapter, &taTemporal);\n        taTemporalReported = TRUE;\n      }\n    }\n#endif\n    if (runtime->Backend.Phase == AppleAgxBackendRuntimeSubmitted) {\n      APPLE_AGX_G13_QUEUE_PROGRESS current;\n      if (AppleAgxG13QueueProviderQueryProgress(\n              &runtime->Provider.QueueProvider, &current) &&\n          (!runtime->ProgressValid ||\n           AppleAgxG13QueueProgressHasAdvanced(\n               &runtime->Progress, &current))) {\n        AdmissionBackendProgressWindows(adapter, &current);\n        runtime->Progress = current;\n        runtime->ProgressValid = TRUE;\n        InterlockedExchange64(\n            &runtime->LastProgressMs,\n            (LONG64)AdmissionPlatformNowMs());\n      }\n    }\n    if (runtime->Backend.Phase != AppleAgxBackendRuntimeSubmitted)\n      break;\n    interval.QuadPart = -10000LL;\n    if (!NT_SUCCESS(KeDelayExecutionThread(\n            KernelMode, FALSE, &interval))) {\n      InterlockedExchange(&adapter->SchedulerFaulted, 1);\n      break;\n    }\n  }\n  if (runtime->Backend.Phase != AppleAgxBackendRuntimeReady &&\n      InterlockedCompareExchange(&runtime->Stopping, 0, 0) == 0 &&\n      InterlockedCompareExchange(&runtime->Resetting, 0, 0) == 0)\n    InterlockedExchange(&adapter->SchedulerFaulted, 1);\n#if defined(APPLE_AGX_SUBMIT_QUALIFICATION)\n#if defined(APPLE_AGX_VISIBLE_AGX_QUALIFICATION)\n  /* EXP629: successful visible qualification is exported through the bounded\n   * per-frame Escape record. Do not hold WorkScheduled across storage-backed\n   * legacy receipt writes after a completed D589. */\n  UNREFERENCED_PARAMETER(finalProgress);\n  UNREFERENCED_PARAMETER(finalProgressValid);\n#else\n  AdmissionRecordPreSubmitHeartbeat(\n      adapter, heartbeatResult, &heartbeatSnapshot);\n  if (queueSubmissionCaptured)\n    AdmissionRecordQueueSubmission(adapter, &queueSubmissionReceipt);\n  if (queueInfoCaptured)\n    AdmissionRecordQueueInfo(adapter, &queueInfoReceipt);\n  if (bufferManagerCaptured)\n    AdmissionRecordBufferManager(adapter, &bufferManagerReceipt);\n  if (!taTemporalReported && taTemporal.SampleCount != 0u)\n    AdmissionRecordTaTemporal(adapter, &taTemporal);\n  if (ktraceBaselineValid) {\n    ADMISSION_KTRACE_RECEIPT ktraceReceipt;\n    if (AdmissionCaptureKTrace(\n            runtime, description.Fence, initialKtraceWrite, &ktraceReceipt))\n      AdmissionRecordKTrace(adapter, &ktraceReceipt);\n  }\n  RtlZeroMemory(&finalProgress, sizeof(finalProgress));\n  finalProgressValid = runtime->Backend.Phase ==\n                               AppleAgxBackendRuntimeSubmitted &&\n                       AppleAgxG13QueueProviderQueryProgress(\n                           &runtime->Provider.QueueProvider, &finalProgress)\n                   ? TRUE\n                   : FALSE;\n  if (finalProgressValid)\n    AdmissionGdiReceiptProgressWindows(adapter, description.Fence,\n        &finalProgress, (ULONG)runtime->Backend.Phase);\n  AdmissionFlushGdiReceipt(adapter);\n  AdmissionTerminalExit(runtime);\n#endif\n#endif\n  AdmissionRenderCorrelationWorkerWindows(\n      adapter, description.Fence, FALSE, (ULONG)runtime->Backend.Phase);\n  AdmissionPlatformWorkerFinished(runtime);\n}\n\n_Use_decl_annotations_ BOOLEAN AdmissionPlatformRuntimeSubmit(\n    ADMISSION_CONTEXT *Context) {\n  KIRQL oldIrql;\n  ADMISSION_PLATFORM_RUNTIME *runtime =\n      Context != NULL\n          ? (ADMISSION_PLATFORM_RUNTIME *)Context->PlatformRuntime\n          : NULL;\n  if (runtime == NULL || runtime->WorkItem == NULL)\n    return FALSE;\n  KeAcquireSpinLock(&Context->SchedulerLock, &oldIrql);\n  if (InterlockedCompareExchange(&runtime->Stopping, 0, 0) != 0 ||\n      InterlockedCompareExchange(&runtime->Resetting, 0, 0) != 0 ||\n      runtime->Backend.Phase != AppleAgxBackendRuntimeReady ||\n      InterlockedCompareExchange(&runtime->WorkScheduled, 1, 0) != 0) {\n    KeReleaseSpinLock(&Context->SchedulerLock, oldIrql);\n    return FALSE;\n  }\n  KeClearEvent(&runtime->WorkIdle);\n  KeReleaseSpinLock(&Context->SchedulerLock, oldIrql);\n  IoQueueWorkItem(runtime->WorkItem, AdmissionPlatformWorker,\n                  DelayedWorkQueue, Context);\n  return TRUE;\n}\n\nstatic NTSTATUS AdmissionPlatformDestroy(\n    ADMISSION_PLATFORM_RUNTIME *Runtime) {\n  NTSTATUS status = STATUS_SUCCESS;\n  KIRQL oldIrql;\n  PIO_WORKITEM workItem;\n  if (Runtime == NULL)\n    return STATUS_SUCCESS;\n  InterlockedExchange(&Runtime->Stopping, 1);\n#if defined(APPLE_AGX_SUBMIT_QUALIFICATION)\n  if (Runtime->OutputThread != NULL) {\n    KeAcquireSpinLock(&Runtime->OutputLock, &oldIrql);\n    if (!AdmissionOutputQueueRequestStop(&Runtime->OutputQueue)) {\n      KeReleaseSpinLock(&Runtime->OutputLock, oldIrql);\n      return STATUS_DEVICE_BUSY;\n    }\n    KeSetEvent(&Runtime->OutputWake, IO_NO_INCREMENT, FALSE);\n    KeReleaseSpinLock(&Runtime->OutputLock, oldIrql);\n    (void)KeWaitForSingleObject(&Runtime->OutputExited, Executive,\n                                KernelMode, FALSE, NULL);\n    KeAcquireSpinLock(&Runtime->OutputLock, &oldIrql);\n    if (!AdmissionOutputQueueIsIdle(&Runtime->OutputQueue) ||\n        !AdmissionOutputQueueThreadExited(&Runtime->OutputQueue)) {\n      KeReleaseSpinLock(&Runtime->OutputLock, oldIrql);\n      return STATUS_DEVICE_BUSY;\n    }\n    KeReleaseSpinLock(&Runtime->OutputLock, oldIrql);\n    status = ZwClose(Runtime->OutputThread);\n    if (!NT_SUCCESS(status))\n      return status;\n    Runtime->OutputThread = NULL;\n  }\n#endif\n  if (Runtime->WorkItem != NULL) {\n    KeWaitForSingleObject(&Runtime->WorkIdle, Executive, KernelMode,\n                          FALSE, NULL);\n    KeAcquireSpinLock(&Runtime->Adapter->SchedulerLock, &oldIrql);\n    if (InterlockedCompareExchange(&Runtime->WorkScheduled, 0, 0) != 0 ||\n        InterlockedCompareExchange(&Runtime->WorkersActive, 0, 0) != 0) {\n      KeReleaseSpinLock(&Runtime->Adapter->SchedulerLock, oldIrql);\n      return STATUS_DEVICE_BUSY;\n    }\n    workItem = Runtime->WorkItem;\n    Runtime->WorkItem = NULL;\n    KeReleaseSpinLock(&Runtime->Adapter->SchedulerLock, oldIrql);\n    IoFreeWorkItem(workItem);\n  }\n#if defined(APPLE_AGX_SUBMIT_QUALIFICATION)\n  if (Runtime->CompletedOutput.Phase != AdmissionCompletedOutputEmpty &&\n      !AdmissionCompletedOutputAbort(\n          &Runtime->CompletedOutput, Runtime->CompletedOutput.Fence))\n    return STATUS_DEVICE_BUSY;\n#endif\n  if (Runtime->BackendStarted ||\n      Runtime->Backend.Phase != AppleAgxBackendRuntimeStopped) {\n    if (AppleAgxBackendRuntimeStop(&Runtime->Backend) !=\n        AppleAgxBackendRuntimeResultOk)\n      return STATUS_DEVICE_BUSY;\n    Runtime->BackendStarted = FALSE;\n  }\n  if (Runtime->ProviderReady) {\n    if (!AppleAgxPlatformProviderDestroy(&Runtime->Provider))\n      return STATUS_DEVICE_BUSY;\n    Runtime->ProviderReady = FALSE;\n  }\n  if (Runtime->FirmwareProvider.State != 0u &&\n      AppleAgxFirmwareProviderDestroy(&Runtime->FirmwareProvider) !=\n          AppleAgxFirmwareProviderResultOk)\n    return STATUS_DEVICE_BUSY;\n  if (Runtime->RetainedPrepared || Runtime->Context0Lease.Count || Runtime->Context0Lease.Uncertain)\n    return STATUS_DEVICE_BUSY;\n  if (Runtime->Powered) {\n    APPLE_AGX_POWER_IO io;\n    AdmissionPowerIo(Runtime, &io);\n    if (!AppleAgxPowerRelease(&io))\n      return STATUS_DEVICE_BUSY;\n    Runtime->Powered = FALSE;\n  }\n  if (Runtime->Initdata.Initialized &&\n      AppleAgxInitdataMemoryDestroy(&Runtime->Initdata) !=\n          AppleAgxInitdataMemoryResultOk)\n    return STATUS_DEVICE_BUSY;\n  if (Runtime->HandoffBase != NULL) {\n    status = Runtime->Adapter->Interface.DxgkCbUnmapMemory(\n        Runtime->Adapter->Interface.DeviceHandle,\n        (PVOID)Runtime->HandoffBase);\n    if (!NT_SUCCESS(status))\n      return status;\n    Runtime->HandoffBase = NULL;\n  }\n  if (Runtime->SgxBase != NULL) {\n    status = Runtime->Adapter->Interface.DxgkCbUnmapMemory(\n        Runtime->Adapter->Interface.DeviceHandle,\n        (PVOID)Runtime->SgxBase);\n    if (!NT_SUCCESS(status))\n      return status;\n    Runtime->SgxBase = NULL;\n  }\n  return STATUS_SUCCESS;\n}\n\n_Use_decl_annotations_ NTSTATUS AdmissionPlatformRuntimeStart(\n    ADMISSION_CONTEXT *Context) {\n  ADMISSION_PLATFORM_RUNTIME *runtime;\n  APPLE_AGX_GFX_HANDOFF_REGION handoff_region;\n  APPLE_AGX_BACKEND_RUNTIME_RESULT backend_result;\n  PHYSICAL_ADDRESS address;\n  NTSTATUS status;\n\n  if (Context == NULL)\n    return STATUS_INVALID_DEVICE_STATE;\n  AdmissionRecordPlatformStage(Context, AdmissionPlatformEntered,\n                               STATUS_PENDING);\n  if (Context->PlatformRuntime != NULL || !Context->InterfaceValid ||\n      KeGetCurrentIrql() != PASSIVE_LEVEL ||\n      Context->BackendImage.Ready != APPLE_AGX_TRUE ||\n      !AdmissionMemoryRuntimeContextPublished(Context)) {\n    AdmissionRecordPlatformStage(Context, AdmissionPlatformEntered,\n                                 STATUS_INVALID_DEVICE_STATE);\n    return STATUS_INVALID_DEVICE_STATE;\n  }\n  status = AdmissionPlatformValidateResources(Context);\n  AdmissionRecordPlatformStage(Context, AdmissionPlatformResources, status);\n  if (!NT_SUCCESS(status))\n    return status;\n  runtime = ExAllocatePool2(\n      POOL_FLAG_NON_PAGED, sizeof(*runtime), ADMISSION_PLATFORM_TAG);\n  if (runtime == NULL) {\n    AdmissionRecordPlatformStage(\n        Context, AdmissionPlatformRuntimeAllocated,\n        STATUS_INSUFFICIENT_RESOURCES);\n    return STATUS_INSUFFICIENT_RESOURCES;\n  }\n  AdmissionRecordPlatformStage(Context, AdmissionPlatformRuntimeAllocated,\n                               STATUS_SUCCESS);\n  RtlZeroMemory(runtime, sizeof(*runtime));\n  runtime->Adapter = Context;\n  AdmissionDynamicOverlayStateInitialize(&runtime->DynamicOverlayState);\n#if defined(APPLE_AGX_SUBMIT_QUALIFICATION)\n  AdmissionCompletedOutputInitialize(&runtime->CompletedOutput);\n  KeInitializeEvent(&runtime->OutputWake, SynchronizationEvent, FALSE);\n  KeInitializeEvent(&runtime->OutputExited, NotificationEvent, FALSE);\n  KeInitializeEvent(&runtime->OutputIdle, NotificationEvent, TRUE);\n  KeInitializeSpinLock(&runtime->OutputLock);\n  AdmissionOutputQueueInitialize(&runtime->OutputQueue);\n#endif\n  Context->PlatformRuntime = runtime;\n  status = AdmissionMemoryRuntimeBorrowIo(Context, &runtime->MemoryIo);\n  AdmissionRecordPlatformStage(Context, AdmissionPlatformMemoryIo, status);\n  if (!NT_SUCCESS(status))\n    goto Fail;\n  status = AdmissionPlatformReadSnapshot(Context, &runtime->Snapshot);\n  AdmissionRecordPlatformStage(Context, AdmissionPlatformSnapshot, status);\n  if (!NT_SUCCESS(status))\n    goto Fail;\n\n  address.QuadPart = J313_AGX_G2_SGX_MMIO_BASE;\n  status = Context->Interface.DxgkCbMapMemory(\n      Context->Interface.DeviceHandle, address, J313_AGX_G2_SGX_MMIO_SIZE,\n      FALSE, FALSE, MmNonCached, (PVOID *)&runtime->SgxBase);\n  if (!NT_SUCCESS(status) || runtime->SgxBase == NULL) {\n    status = NT_SUCCESS(status) ? STATUS_NONE_MAPPED : status;\n    AdmissionRecordPlatformStage(Context, AdmissionPlatformSgxMap, status);\n    goto Fail;\n  }\n  AdmissionRecordPlatformStage(Context, AdmissionPlatformSgxMap,\n                               STATUS_SUCCESS);\n  runtime->AscTransport.Base =\n      runtime->SgxBase +\n      (J313_AGX_G2_ASC_MMIO_BASE - J313_AGX_G2_SGX_MMIO_BASE);\n  runtime->AscTransport.Length = J313_AGX_G2_ASC_MMIO_SIZE;\n  runtime->AscIo.Context = &runtime->AscTransport;\n  runtime->AscIo.NowMs = AdmissionAscNow;\n  runtime->AscIo.Read32 = AdmissionAscRead32;\n  runtime->AscIo.Read64 = AdmissionAscRead64;\n  runtime->AscIo.Write32 = AdmissionAscWrite32;\n  runtime->AscIo.Write64 = AdmissionAscWrite64;\n  runtime->AscIo.Pause = AdmissionAscPause;\n  AppleAgxRtkitSessionInitialize(&runtime->Rtkit);\n\n  address.QuadPart = J313_AGX_G2_HANDOFF_BASE;\n  status = Context->Interface.DxgkCbMapMemory(\n      Context->Interface.DeviceHandle, address, J313_AGX_G2_HANDOFF_SIZE,\n      FALSE, FALSE, MmNonCached, (PVOID *)&runtime->HandoffBase);\n  if (!NT_SUCCESS(status) || runtime->HandoffBase == NULL) {\n    status = NT_SUCCESS(status) ? STATUS_NONE_MAPPED : status;\n    AdmissionRecordPlatformStage(Context, AdmissionPlatformHandoffMap, status);\n    goto Fail;\n  }\n  AdmissionRecordPlatformStage(Context, AdmissionPlatformHandoffMap,\n                               STATUS_SUCCESS);\n  runtime->HandoffIo.Context = runtime;\n  runtime->HandoffIo.Read8 = AdmissionHandoffRead8;\n  runtime->HandoffIo.Read32 = AdmissionHandoffRead32;\n  runtime->HandoffIo.Read64 = AdmissionHandoffRead64;\n  runtime->HandoffIo.Write8 = AdmissionHandoffWrite8;\n  runtime->HandoffIo.Write32 = AdmissionHandoffWrite32;\n  runtime->HandoffIo.Write64 = AdmissionHandoffWrite64;\n  runtime->HandoffIo.Barrier = AdmissionHandoffBarrier;\n  runtime->HandoffIo.Relax = AdmissionHandoffRelax;\n  runtime->HandoffIo.Now = AdmissionHandoffNow;\n  handoff_region.PhysicalBase = J313_AGX_G2_HANDOFF_BASE;\n  handoff_region.Length = J313_AGX_G2_HANDOFF_SIZE;\n  if (AppleAgxGfxHandoffBindJ313(\n          &runtime->Handoff, &handoff_region,\n          &runtime->HandoffIo) != AppleAgxGfxHandoffResultOk) {\n    status = STATUS_DEVICE_PROTOCOL_ERROR;\n    AdmissionRecordPlatformStage(Context, AdmissionPlatformHandoffBind, status);\n    goto Fail;\n  }\n  AdmissionRecordPlatformStage(Context, AdmissionPlatformHandoffBind,\n                               STATUS_SUCCESS);\n  if (AppleAgxInitdataMemoryPrepareBroker(\n          &runtime->Initdata, &runtime->MemoryIo,\n          &runtime->Snapshot) != AppleAgxInitdataMemoryResultOk) {\n    status = STATUS_INSUFFICIENT_RESOURCES;\n    AdmissionRecordPlatformStage(Context, AdmissionPlatformInitdata, status);\n    goto Fail;\n  }\n  RtlCopyMemory(runtime->QueueObjects, Context->BackendImage.Objects,\n                sizeof(runtime->QueueObjects));\n  if (!AppleAgxRenderSharedMemoryBindRelocationObjects(\n          &runtime->Initdata.RenderSharedMemory,\n          Context->BackendImage.ArenaCpuAddress,\n          Context->BackendImage.ArenaBytes,\n          runtime->QueueObjects,\n          APPLE_AGX_RENDER_TEMPLATE_RUNTIME_OBJECT_COUNT) ||\n      !AppleAgxApplyRelocations(\n          runtime->QueueObjects,\n          APPLE_AGX_RENDER_TEMPLATE_RUNTIME_OBJECT_COUNT,\n          AppleAgxRenderTemplateRelocations(),\n          AppleAgxRenderTemplateRelocationCount()) ||\n      !AppleAgxRenderSharedMemoryInitializeComputeQueue(\n          &runtime->Initdata.RenderSharedMemory)) {\n    status = STATUS_INVALID_IMAGE_FORMAT;\n    AdmissionRecordPlatformStage(Context, AdmissionPlatformInitdata, status);\n    goto Fail;\n  }\n  runtime->QueueImageReady = TRUE;\n  AdmissionRecordPlatformStage(Context, AdmissionPlatformInitdata,\n                               STATUS_SUCCESS);\n\n\n  runtime->TransportIo.Context = runtime;\n  runtime->TransportIo.FlushForDevice = AdmissionTransportFlush;\n  runtime->TransportIo.FlushForCpu = AdmissionTransportFlush;\n  runtime->TransportIo.MemoryBarrier = AdmissionTransportBarrier;\n  runtime->TransportIo.PublishU32 = AdmissionTransportPublishU32;\n  runtime->TransportIo.ReadU32 = AdmissionTransportReadU32;\n  runtime->TransportIo.RingDoorbell = AdmissionTransportDoorbell;\n  runtime->TransportIo.Quiesce = AdmissionTransportQuiesce;\n  runtime->TransportIo.NowTicks = AdmissionTransportNow;\n  runtime->QueueIo.Context = runtime;\n  runtime->QueueIo.FlushForDevice = AdmissionTransportFlush;\n  runtime->QueueIo.MemoryBarrier = AdmissionTransportBarrier;\n  runtime->QueueIo.PublishU32 = AdmissionTransportPublishU32;\n  runtime->QueueIo.ReadU32 = AdmissionTransportReadU32;\n  runtime->QueueIo.Quiesce = AdmissionTransportQuiesce;\n\n  runtime->FirmwarePrimitives.Context = runtime;\n  runtime->FirmwarePrimitives.IsPassiveLevel = AdmissionFirmwareAtPassive;\n  runtime->FirmwarePrimitives.NowMs = AdmissionFirmwareNow;\n  runtime->FirmwarePrimitives.PowerOn = AdmissionFirmwarePowerOn;\n  runtime->FirmwarePrimitives.PowerOff = AdmissionFirmwarePowerOff;\n  runtime->FirmwarePrimitives.CreateFirmwareUat =\n      AdmissionFirmwareCreateUat;\n  runtime->FirmwarePrimitives.DestroyFirmwareUat =\n      AdmissionFirmwareDestroyUat;\n  runtime->FirmwarePrimitives.BootAsc = AdmissionFirmwareBootAsc;\n  runtime->FirmwarePrimitives.CompleteManagementBootstrap =\n      AdmissionFirmwareCompleteManagement;\n  runtime->FirmwarePrimitives.RecordBootstrapPhase =\n      AdmissionFirmwareRecordBootstrap;\n  runtime->FirmwarePrimitives.StopAsc = AdmissionFirmwareStopAsc;\n  runtime->FirmwarePrimitives.StartEndpoint =\n      AdmissionFirmwareStartEndpoint;\n  runtime->FirmwarePrimitives.StopEndpoint =\n      AdmissionFirmwareStopEndpoint;\n  runtime->FirmwarePrimitives.PublishUatRoots = AdmissionFirmwarePublishUat;\n  runtime->FirmwarePrimitives.UnpublishUatRoots =\n      AdmissionFirmwareUnpublishUat;\n  runtime->FirmwarePrimitives.RetireMappingsAfterAscStop=1;\n  runtime->FirmwarePrimitives.SendInitdata = AdmissionFirmwareSendInitdata;\n  runtime->FirmwarePrimitives.SendDeviceControlInit =\n      AdmissionFirmwareDeviceControlInit;\n  runtime->FirmwarePrimitives.UpdateIdleTimestamp =\n      AdmissionFirmwareIdleTimestamp;\n  if (AppleAgxFirmwareProviderInitialize(\n          &runtime->FirmwareProvider, &runtime->FirmwarePrimitives,\n          &runtime->Handoff, &runtime->FirmwareIo) !=\n      AppleAgxFirmwareProviderResultOk) {\n    status = STATUS_DEVICE_CONFIGURATION_ERROR;\n    AdmissionRecordPlatformStage(\n        Context, AdmissionPlatformFirmwareProvider, status);\n    goto Fail;\n  }\n  runtime->FirmwareIo.RecordPhase = AdmissionFirmwareRecordPhase;\n  AdmissionRecordPlatformStage(Context, AdmissionPlatformFirmwareProvider,\n                               STATUS_SUCCESS);\n#if defined(APPLE_AGX_MANAGEMENT_QUALIFICATION) || defined(APPLE_AGX_STOP_AFTER_ENDPOINTS) || defined(APPLE_AGX_FIRMWARE_QUALIFICATION)\n  {\n    APPLE_AGX_FIRMWARE qualification;\n    APPLE_AGX_FIRMWARE_RESULT result;\n    APPLE_AGX_FIRMWARE_RESULT cleanup=AppleAgxFirmwareResultOk;\n    ULONG completed;\n    ULONG primary;\n    AppleAgxFirmwareInitialize(&qualification);\n    runtime->CaptureFirmwareStart=TRUE;\n    RtlZeroMemory(&runtime->FirmwareStartFailure,sizeof(runtime->FirmwareStartFailure));\n    result = AppleAgxFirmwareStart(&qualification,&runtime->FirmwareIo);\n    runtime->CaptureFirmwareStart=FALSE;\n    AdmissionRecordRetainedTrace(Context,runtime->AscTransport.Trace,\n        runtime->AscTransport.TraceCount*sizeof(runtime->AscTransport.Trace[0]));\n    completed=runtime->FirmwareStartFailure.Captured?\n        runtime->FirmwareStartFailure.CompletedMask:qualification.CompletedMask;\n    primary=runtime->FirmwareStartFailure.Captured?runtime->FirmwareStartFailure.Result:result;\n    /* Qualification uses the production firmware path, then stops before any\n     * backend/queue provider. Preserve primary result separately from cleanup. */\n    if (qualification.CleanupMask)\n      cleanup=AppleAgxFirmwareRollback(&qualification,&runtime->FirmwareIo);\n    AdmissionRecordFirmwareQualification(Context,primary,result,completed,cleanup);\n    status = result == AppleAgxFirmwareResultCleanupFailed || cleanup != AppleAgxFirmwareResultOk\n        ? STATUS_DEVICE_BUSY : STATUS_DEVICE_HARDWARE_ERROR;\n    goto Fail;\n  }\n#endif\n\n  AppleAgxBackendRuntimeInitialize(\n#if defined(APPLE_AGX_GPUVA_B1_QUALIFICATION)\n      &runtime->Backend, 1u);\n#else\n      &runtime->Backend, ADMISSION_MEMORY_UAT_CONTEXT);\n#endif\n  RtlZeroMemory(&runtime->RenderIo, sizeof(runtime->RenderIo));\n  runtime->RenderIo.Context = runtime;\n  runtime->RenderIo.RenderContext.Publish = AdmissionRenderPublish;\n  runtime->RenderIo.RenderContext.Unpublish = AdmissionRenderUnpublish;\n  RtlZeroMemory(&runtime->ProviderConfig, sizeof(runtime->ProviderConfig));\n  runtime->ProviderConfig.ChannelMemory =\n      &runtime->Initdata.ChannelMemory;\n  runtime->ProviderConfig.DeferFirmwareMappings = APPLE_AGX_BACKEND_TRUE;\n  runtime->ProviderConfig.Transport = runtime->TransportIo;\n  runtime->ProviderConfig.Firmware = &runtime->FirmwareIo;\n  runtime->ProviderConfig.Render = &runtime->RenderIo;\n  runtime->ProviderConfig.RenderSharedMemory =\n      &runtime->Initdata.RenderSharedMemory;\n  runtime->ProviderConfig.Runtime = &runtime->Backend;\n  runtime->ProviderConfig.QueueConfig.TimeoutTicks =\n      ADMISSION_PLATFORM_QUEUE_TIMEOUT_MS;\n  runtime->ProviderConfig.QueueRuntimeIo = runtime->QueueIo;\n  runtime->ProviderConfig.ExternalRender.Context = runtime;\n  runtime->ProviderConfig.ExternalRender.BuildJob =\n      AdmissionExternalBuildJob;\n  runtime->ProviderConfig.ExternalRender.ResolvePreparedRange =\n      AdmissionExternalResolveRange;\n  if (!AppleAgxPlatformProviderInitialize(\n          &runtime->Provider, &runtime->ProviderConfig,\n          &runtime->PlatformIo)) {\n    status = STATUS_DEVICE_CONFIGURATION_ERROR;\n    AdmissionRecordPlatformStage(Context, AdmissionPlatformQueueProvider,\n                                 status);\n    goto Fail;\n  }\n  AdmissionRecordPlatformStage(Context, AdmissionPlatformQueueProvider,\n                               STATUS_SUCCESS);\n  runtime->ProviderReady = TRUE;\n\n  RtlZeroMemory(&runtime->RuntimeIo, sizeof(runtime->RuntimeIo));\n  runtime->RuntimeIo.Context = runtime;\n  runtime->RuntimeIo.Firmware = runtime->PlatformIo.Firmware;\n  runtime->RuntimeIo.Memory.Map = AdmissionBackendMap;\n  runtime->RuntimeIo.Memory.Unmap = AdmissionBackendUnmap;\n  runtime->RuntimeIo.Memory.Resolve = AdmissionBackendResolve;\n  runtime->RuntimeIo.Memory.FlushForDevice = AdmissionTransportFlush;\n  runtime->RuntimeIo.Memory.FlushForCpu = AdmissionTransportFlush;\n  runtime->RuntimeIo.Image.AcquirePrepared = AdmissionBackendAcquire;\n  runtime->RuntimeIo.Image.Relocate = AdmissionBackendRelocate;\n  runtime->RuntimeIo.RenderContext.Publish = AdmissionRenderPublish;\n  runtime->RuntimeIo.RenderContext.Unpublish = AdmissionRenderUnpublish;\n  runtime->RuntimeIo.Queues.Create = AdmissionQueuesCreate;\n  runtime->RuntimeIo.Queues.Destroy = AdmissionQueuesDestroy;\n  runtime->RuntimeIo.Queues.Run3d = AdmissionQueuesRun3d;\n  runtime->RuntimeIo.Queues.RunTa = AdmissionQueuesRunTa;\n  runtime->RuntimeIo.Queues.Stop = AdmissionQueuesStop;\n  runtime->RuntimeIo.Queues.Reset = AdmissionQueuesReset;\n  runtime->RuntimeIo.Complete = AdmissionBackendComplete;\n  runtime->RuntimeIo.Retire = AdmissionBackendRetire;\n  AppleAgxCompletionTransactionInitialize(&runtime->Completion);\n  KeInitializeEvent(&runtime->WorkIdle, NotificationEvent, TRUE);\n  InterlockedExchange(&runtime->WorkScheduled, 0);\n  InterlockedExchange(&runtime->WorkersActive, 0);\n  InterlockedExchange(&runtime->Stopping, 0);\n  InterlockedExchange(&runtime->Resetting, 0);\n  InterlockedExchange64(&runtime->LastProgressMs, 0);\n  backend_result = AppleAgxBackendRuntimeStart(\n      &runtime->Backend, &runtime->RuntimeIo);\n  AdmissionRecordBackendStartResult(Context, backend_result);\n#ifdef APPLE_AGX_BACKEND_QUALIFICATION\n  AdmissionRecordRetainedTrace(Context,runtime->AscTransport.Trace,\n      runtime->AscTransport.TraceCount*sizeof(runtime->AscTransport.Trace[0]));\n  AdmissionRecordBackendQualification(Context,1,backend_result,runtime->Backend.Phase,\n      (runtime->Backend.ArenaMapped?1u:0u)|(runtime->Backend.ContextPublished?2u:0u)|\n      (runtime->Backend.QueuesCreated?4u:0u),runtime->Backend.ArenaGpuAddress,\n      runtime->Backend.ArenaBytes);\n#endif\n  if (backend_result != AppleAgxBackendRuntimeResultOk) {\n    status = STATUS_DEVICE_HARDWARE_ERROR;\n    AdmissionRecordPlatformStage(Context, AdmissionPlatformBackendStart,\n                                 status);\n    goto Fail;\n  }\n  AdmissionRecordPlatformStage(Context, AdmissionPlatformBackendStart,\n                               STATUS_SUCCESS);\n  runtime->BackendStarted = TRUE;\n#ifdef APPLE_AGX_BACKEND_QUALIFICATION\n  status=STATUS_DEVICE_HARDWARE_ERROR; /* stop before automatic Windows workloads */\n  goto Fail;\n#endif\n  runtime->WorkItem = IoAllocateWorkItem(Context->PhysicalDeviceObject);\n  if (runtime->WorkItem == NULL) {\n    status = STATUS_INSUFFICIENT_RESOURCES;\n    AdmissionRecordPlatformStage(Context, AdmissionPlatformWorkItem, status);\n    goto Fail;\n  }\n#if defined(APPLE_AGX_SUBMIT_QUALIFICATION)\n  {\n    OBJECT_ATTRIBUTES attributes;\n    InitializeObjectAttributes(\n        &attributes, NULL, OBJ_KERNEL_HANDLE, NULL, NULL);\n    if (!AdmissionOutputQueueStartThread(&runtime->OutputQueue)) {\n      status = STATUS_INVALID_DEVICE_STATE;\n      AdmissionRecordPlatformStage(Context, AdmissionPlatformWorkItem, status);\n      goto Fail;\n    }\n    status = PsCreateSystemThread(\n        &runtime->OutputThread, THREAD_ALL_ACCESS, &attributes,\n        NULL, NULL, AdmissionOutputThread, runtime);\n  }\n  if (!NT_SUCCESS(status)) {\n    AdmissionOutputQueueInitialize(&runtime->OutputQueue);\n    AdmissionRecordPlatformStage(Context, AdmissionPlatformWorkItem, status);\n    goto Fail;\n  }\n#endif\n  AdmissionRecordPlatformStage(Context, AdmissionPlatformWorkItem,\n                               STATUS_SUCCESS);\n  AdmissionRecordPlatformStage(Context, AdmissionPlatformComplete,\n                               STATUS_SUCCESS);\n  return STATUS_SUCCESS;\n\nFail:\n  {\n    NTSTATUS cleanup=AdmissionPlatformDestroy(runtime);\n#ifdef APPLE_AGX_BACKEND_QUALIFICATION\n    AdmissionRecordBackendQualification(Context,2,(ULONG)cleanup,runtime->Backend.Phase,\n        (runtime->Backend.ArenaMapped?1u:0u)|(runtime->Backend.ContextPublished?2u:0u)|\n        (runtime->Backend.QueuesCreated?4u:0u),runtime->Backend.ArenaGpuAddress,\n        runtime->Backend.ArenaBytes);\n#endif\n    if(!NT_SUCCESS(cleanup)) return STATUS_DEVICE_BUSY;\n  }\n  Context->PlatformRuntime = NULL;\n  ExFreePoolWithTag(runtime, ADMISSION_PLATFORM_TAG);\n  return status;\n}\n\n_Use_decl_annotations_ NTSTATUS AdmissionPlatformRuntimeStop(\n    ADMISSION_CONTEXT *Context) {\n  ADMISSION_PLATFORM_RUNTIME *runtime;\n  NTSTATUS status;\n  if (Context == NULL)\n    return STATUS_INVALID_PARAMETER;\n  runtime = (ADMISSION_PLATFORM_RUNTIME *)Context->PlatformRuntime;\n  if (runtime == NULL)\n    return STATUS_SUCCESS;\n  status = AdmissionPlatformDestroy(runtime);\n  if (!NT_SUCCESS(status))\n    return status;\n  Context->PlatformRuntime = NULL;\n  ExFreePoolWithTag(runtime, ADMISSION_PLATFORM_TAG);\n  return STATUS_SUCCESS;\n}\n\n_Use_decl_annotations_ NTSTATUS AdmissionPlatformRuntimeReset(\n    ADMISSION_CONTEXT *Context, APPLE_AGX_U32 *LastAbortedFence) {\n  ADMISSION_PLATFORM_RUNTIME *runtime;\n  APPLE_AGX_U32 active;\n  NTSTATUS status = STATUS_SUCCESS;\n  KIRQL old_irql;\n\n  if (Context == NULL || LastAbortedFence == NULL ||\n      KeGetCurrentIrql() != PASSIVE_LEVEL)\n    return STATUS_INVALID_PARAMETER;\n  *LastAbortedFence = 0u;\n  runtime = (ADMISSION_PLATFORM_RUNTIME *)Context->PlatformRuntime;\n  if (runtime == NULL || !runtime->BackendStarted ||\n      InterlockedCompareExchange(&runtime->Stopping, 0, 0) != 0 ||\n      InterlockedCompareExchange(&runtime->Resetting, 1, 0) != 0)\n    return STATUS_INVALID_DEVICE_STATE;\n  if (InterlockedCompareExchange(&runtime->WorkScheduled, 0, 0) != 0 ||\n      InterlockedCompareExchange(&runtime->WorkersActive, 0, 0) != 0)\n    KeWaitForSingleObject(&runtime->WorkIdle, Executive, KernelMode,\n                          FALSE, NULL);\n  KeAcquireSpinLock(&Context->SchedulerLock, &old_irql);\n  active = AppleAgxSchedulerActiveFence(&Context->Scheduler, 0u, 0u);\n  if (active == 0u ||\n      AdmissionRenderPacketState(&Context->RenderPacket) !=\n          AdmissionRenderPacketActive ||\n      Context->RenderPacket.Description.Fence != active) {\n    KeReleaseSpinLock(&Context->SchedulerLock, old_irql);\n    status = STATUS_INVALID_DEVICE_STATE;\n    goto Exit;\n  }\n  KeReleaseSpinLock(&Context->SchedulerLock, old_irql);\n  *LastAbortedFence = active;\n  if (AppleAgxBackendRuntimeStop(&runtime->Backend) !=\n      AppleAgxBackendRuntimeResultOk) {\n    status = STATUS_DEVICE_HARDWARE_ERROR;\n    goto Exit;\n  }\n  runtime->BackendStarted = FALSE;\n  if (!AppleAgxPlatformProviderDestroy(&runtime->Provider)) {\n    status = STATUS_DEVICE_HARDWARE_ERROR;\n    goto Exit;\n  }\n  runtime->ProviderReady = FALSE;\n  if (!AdmissionBackendImageRestartQueueLifetime(&Context->BackendImage)) {\n    status = STATUS_INVALID_DEVICE_STATE;\n    goto Exit;\n  }\n\n  /* The stopped firmware lifetime must not donate its copied private prefix\n   * to the next boot. Rebuild only our owned graph before channel providers\n   * borrow any addresses; context63 and its physical owner are unchanged. */\n  if (runtime->RetainedPrepared || runtime->Context0Lease.Count || runtime->Rtkit.Running ||\n      AppleAgxInitdataMemoryDestroy(&runtime->Initdata) !=\n          AppleAgxInitdataMemoryResultOk ||\n      AppleAgxInitdataMemoryPrepareBroker(&runtime->Initdata, &runtime->MemoryIo,\n          &runtime->Snapshot) != AppleAgxInitdataMemoryResultOk) {\n    status = STATUS_DEVICE_HARDWARE_ERROR;\n    goto Exit;\n  }\n\n  AppleAgxBackendRuntimeInitialize(\n#if defined(APPLE_AGX_GPUVA_B1_QUALIFICATION)\n      &runtime->Backend, 1u);\n#else\n      &runtime->Backend, ADMISSION_MEMORY_UAT_CONTEXT);\n#endif\n  runtime->ProviderConfig.Runtime = &runtime->Backend;\n  RtlZeroMemory(&runtime->PlatformIo, sizeof(runtime->PlatformIo));\n  if (!AppleAgxPlatformProviderInitialize(\n          &runtime->Provider, &runtime->ProviderConfig,\n          &runtime->PlatformIo)) {\n    status = STATUS_DEVICE_CONFIGURATION_ERROR;\n    goto Exit;\n  }\n  runtime->ProviderReady = TRUE;\n  runtime->RuntimeIo.Firmware = runtime->PlatformIo.Firmware;\n  AppleAgxCompletionTransactionInitialize(&runtime->Completion);\n  AdmissionDynamicOverlayStateInitialize(&runtime->DynamicOverlayState);\n  RtlZeroMemory(&runtime->DynamicOverlayPlan,\n                sizeof(runtime->DynamicOverlayPlan));\n  runtime->DynamicJob = NULL;\n  runtime->DynamicStorage = NULL;\n  runtime->DynamicStorageBytes = 0u;\n#if defined(APPLE_AGX_SUBMIT_QUALIFICATION)\n  runtime->NativeCommandHash=0;\n  RtlZeroMemory(&runtime->NativeBindings,sizeof(runtime->NativeBindings));\n  RtlZeroMemory(&runtime->NativeGraphReceipt,sizeof(runtime->NativeGraphReceipt));\n#endif\n  runtime->CompletionContext = NULL;\n  RtlZeroMemory(&runtime->Progress, sizeof(runtime->Progress));\n  runtime->ProgressValid = FALSE;\n  InterlockedExchange64(&runtime->LastProgressMs, 0);\n  if (AppleAgxBackendRuntimeStart(\n          &runtime->Backend, &runtime->RuntimeIo) !=\n      AppleAgxBackendRuntimeResultOk) {\n    status = STATUS_DEVICE_HARDWARE_ERROR;\n    goto Exit;\n  }\n  runtime->BackendStarted = TRUE;\n  InterlockedExchange(&Context->SchedulerFaulted, 0);\n\nExit:\n  InterlockedExchange(&runtime->Resetting, 0);\n  if (!NT_SUCCESS(status))\n    InterlockedExchange(&Context->SchedulerFaulted, 1);\n  return status;\n}\n\n_Use_decl_annotations_ BOOLEAN AdmissionPlatformRuntimeResponsive(\n    ADMISSION_CONTEXT *Context) {\n  ADMISSION_PLATFORM_RUNTIME *runtime;\n  ULONGLONG now;\n  ULONGLONG last;\n  if (Context == NULL ||\n      InterlockedCompareExchange(&Context->SchedulerFaulted, 0, 0) != 0)\n    return FALSE;\n  runtime = (ADMISSION_PLATFORM_RUNTIME *)Context->PlatformRuntime;\n  if (runtime == NULL || !runtime->BackendStarted ||\n      InterlockedCompareExchange(&runtime->Stopping, 0, 0) != 0 ||\n      InterlockedCompareExchange(&runtime->Resetting, 0, 0) != 0)\n    return FALSE;\n  if (runtime->Backend.Phase == AppleAgxBackendRuntimeReady)\n    return TRUE;\n  if (runtime->Backend.Phase != AppleAgxBackendRuntimeSubmitted)\n    return FALSE;\n  last = (ULONGLONG)InterlockedCompareExchange64(\n      &runtime->LastProgressMs, 0, 0);\n  now = AdmissionPlatformNowMs();\n  return last != 0ULL && now >= last &&\n                 now - last < ADMISSION_PLATFORM_QUEUE_TIMEOUT_MS\n             ? TRUE\n             : FALSE;\n}\n\n_Use_decl_annotations_ BOOLEAN AdmissionPlatformRuntimeReady(\n    ADMISSION_CONTEXT *Context) {\n  ADMISSION_PLATFORM_RUNTIME *runtime =\n      Context != NULL\n          ? (ADMISSION_PLATFORM_RUNTIME *)Context->PlatformRuntime\n          : NULL;\n  BOOLEAN ready = runtime != NULL && runtime->ProviderReady &&\n                      runtime->BackendStarted &&\n                      runtime->Backend.Phase == AppleAgxBackendRuntimeReady &&\n                      runtime->WorkItem != NULL &&\n                      InterlockedCompareExchange(\n                          &runtime->Stopping, 0, 0) == 0 &&\n                      InterlockedCompareExchange(\n                          &runtime->Resetting, 0, 0) == 0 &&\n                      InterlockedCompareExchange(\n                          &runtime->WorkScheduled, 0, 0) == 0\n                  ? TRUE\n                  : FALSE;\n#if defined(APPLE_AGX_SUBMIT_QUALIFICATION)\n  if (ready) {\n    KIRQL oldIrql;\n    KeAcquireSpinLock(&runtime->OutputLock, &oldIrql);\n    ready = AdmissionOutputQueueIsIdle(&runtime->OutputQueue) &&\n                    AdmissionOutputQueueThreadRunning(&runtime->OutputQueue) &&\n                    runtime->CompletedOutput.Phase ==\n                        AdmissionCompletedOutputEmpty\n                ? TRUE\n                : FALSE;\n    KeReleaseSpinLock(&runtime->OutputLock, oldIrql);\n  }\n#endif\n  return ready;\n}\n\n#undef ADMISSION_DELEGATE_FENCE\n#undef ADMISSION_DELEGATE_JOB\n#undef ADMISSION_DELEGATE_ZERO\n\n#if defined(APPLE_AGX_GPUVA_B1_QUALIFICATION)\n_Use_decl_annotations_ void AdmissionGpuvaB1RecordRetirement(\n    ADMISSION_CONTEXT *Context, ULONG Owner, ULONG Step, NTSTATUS Status,\n    ULONG BrokerStatus, ULONGLONG BrokerReceipt, ULONGLONG BrokerEpoch) {\n  ADMISSION_PLATFORM_RUNTIME *runtime;\n  ADMISSION_B1_RETIREMENT_RECEIPT receipt;\n  const APPLE_AGX_G13_QUEUE_RUNTIME_CONFIG *config;\n  volatile APPLE_AGX_BACKEND_U32 *eventRead;\n  volatile APPLE_AGX_BACKEND_U32 *eventWrite;\n  APPLE_AGX_BACKEND_U32 raw;\n  if (Context == NULL || Owner >= 2u ||\n      Step >= AdmissionB1RetireStepCount)\n    return;\n  RtlZeroMemory(&receipt, sizeof(receipt));\n  receipt.Version = 1u;\n  receipt.Bytes = sizeof(receipt);\n  receipt.Owner = Owner;\n  receipt.Step = Step;\n  receipt.Status = (ULONG)Status;\n  receipt.BrokerStatus = BrokerStatus;\n  receipt.BrokerReceipt = BrokerReceipt;\n  receipt.BrokerEpoch = BrokerEpoch;\n  runtime = (ADMISSION_PLATFORM_RUNTIME *)Context->PlatformRuntime;\n  if (runtime != NULL) {\n    config = &runtime->Provider.QueueProvider.Config;\n    receipt.TaExpectedStamp = runtime->Backend.PendingJob.TaExpectedStamp;\n    receipt.TaExpectedDone = runtime->Backend.PendingJob.TaExpectedDonePointer;\n    receipt.D3ExpectedStamp = runtime->Backend.PendingJob.D3ExpectedStamp;\n    receipt.D3ExpectedDone = runtime->Backend.PendingJob.D3ExpectedDonePointer;\n    receipt.BackendPhase = (ULONG)runtime->Backend.Phase;\n    receipt.TaComplete = runtime->Backend.TaComplete;\n    receipt.D3Complete = runtime->Backend.D3Complete;\n    receipt.B1Completed = (ULONG)InterlockedCompareExchange(\n        &runtime->B1Completed, 0, 0);\n    receipt.PollGuard = runtime->Provider.LastPollGuard;\n    receipt.DrainGuard = runtime->Provider.LastDrainGuard;\n    receipt.IngestGuard = runtime->Provider.QueueProvider.LastIngestGuard;\n    if (config->Ta.Stamp != NULL &&\n        runtime->TransportIo.ReadU32(runtime, config->Ta.Stamp, &raw))\n      receipt.TaStamp = raw;\n    if (config->Ta.GpuDonePointer != NULL &&\n        runtime->TransportIo.ReadU32(runtime, config->Ta.GpuDonePointer, &raw))\n      receipt.TaDone = raw;\n    if (config->D3.Stamp != NULL &&\n        runtime->TransportIo.ReadU32(runtime, config->D3.Stamp, &raw))\n      receipt.D3Stamp = raw;\n    if (config->D3.GpuDonePointer != NULL &&\n        runtime->TransportIo.ReadU32(runtime, config->D3.GpuDonePointer, &raw))\n      receipt.D3Done = raw;\n    if (runtime->Provider.Channels.Event.StateCpuAddress != NULL) {\n      eventRead = (volatile APPLE_AGX_BACKEND_U32 *)(\n          runtime->Provider.Channels.Event.StateCpuAddress +\n          APPLE_AGX_PLATFORM_CHANNEL_READ_POINTER_OFFSET);\n      eventWrite = (volatile APPLE_AGX_BACKEND_U32 *)(\n          runtime->Provider.Channels.Event.StateCpuAddress +\n          APPLE_AGX_PLATFORM_CHANNEL_WRITE_POINTER_OFFSET);\n      if (runtime->TransportIo.ReadU32(runtime, eventRead, &raw))\n        receipt.EventRead = raw;\n      if (runtime->TransportIo.ReadU32(runtime, eventWrite, &raw))\n        receipt.EventWrite = raw;\n    }\n  }\n  AdmissionRecordB1Retirement(Context, &receipt);\n}\n\ntypedef struct _ADMISSION_B1_COMPLETION_CONTEXT {\n  ADMISSION_CONTEXT *Adapter;\n  ADMISSION_PLATFORM_RUNTIME *Runtime;\n  ULONG Owner;\n} ADMISSION_B1_COMPLETION_CONTEXT;\n\nstatic unsigned int AdmissionB1FlushOutput(void *Opaque,\n                                             const void *Address,\n                                             unsigned int Bytes) {\n  ADMISSION_B1_COMPLETION_CONTEXT *context = Opaque;\n  BOOLEAN ok = context->Runtime->TransportIo.FlushForCpu(\n      context->Runtime, Address, Bytes);\n  AdmissionGpuvaB1RecordRetirement(context->Adapter, context->Owner,\n      AdmissionB1RetireCpuFlush,\n      ok ? STATUS_SUCCESS : STATUS_DEVICE_HARDWARE_ERROR, 0u, 0ULL, 0ULL);\n  return ok ? 1u : 0u;\n}\n\nstatic unsigned int AdmissionB1ReleaseImage(void *Opaque,\n                                              unsigned int Fence) {\n  ADMISSION_B1_COMPLETION_CONTEXT *context = Opaque;\n  BOOLEAN ok = AdmissionBackendImageReleaseSubmission(\n      &context->Adapter->BackendImage, Fence);\n  AdmissionGpuvaB1RecordRetirement(context->Adapter, context->Owner,\n      AdmissionB1RetireImageRelease,\n      ok ? STATUS_SUCCESS : STATUS_DEVICE_HARDWARE_ERROR, 0u, 0ULL, 0ULL);\n  return ok ? 1u : 0u;\n}\n\n_Use_decl_annotations_ NTSTATUS AdmissionGpuvaB1RunFirmware(\n    ADMISSION_CONTEXT *Context, PVOID OutputCpu,\n    ULONGLONG OutputPhysical, ULONGLONG OutputVa, ULONG Fence,\n    ULONG Owner) {\n  ADMISSION_PLATFORM_RUNTIME *runtime;\n  APPLE_AGX_GDI_COMMAND_DESCRIPTION description;\n  APPLE_AGX_EXP208_GDI_BINDING binding;\n  ADMISSION_RENDER_PACKET_DESCRIPTION packet;\n  APPLE_AGX_BACKEND_SUBMISSION submission;\n  unsigned char shadowStorage[512];\n  unsigned char dma[sizeof(APPLE_AGX_GDI_DMA_COMMAND)];\n  APPLE_AGX_U32 written = 0u;\n  ULONGLONG deadline;\n  APPLE_AGX_BACKEND_RUNTIME_RESULT result;\n  if (Context == NULL || OutputCpu == NULL || OutputPhysical == 0ULL ||\n      OutputVa == 0ULL || Fence == 0u || Owner >= 2u ||\n      KeGetCurrentIrql() != PASSIVE_LEVEL)\n    return STATUS_INVALID_PARAMETER;\n  runtime = (ADMISSION_PLATFORM_RUNTIME *)Context->PlatformRuntime;\n  if (runtime == NULL || !runtime->BackendStarted ||\n      runtime->Backend.Phase != AppleAgxBackendRuntimeReady ||\n      runtime->Backend.ContextIdentity != 1u ||\n      InterlockedCompareExchange(&runtime->B1Active, 0, 0) != 0)\n    return STATUS_INVALID_DEVICE_STATE;\n  RtlZeroMemory(&description, sizeof(description));\n  RtlZeroMemory(&binding, sizeof(binding));\n  RtlZeroMemory(&packet, sizeof(packet));\n  RtlZeroMemory(&submission, sizeof(submission));\n  RtlZeroMemory(shadowStorage, sizeof(shadowStorage));\n  description.Command.Opcode = AppleAgxGdiColorFill;\n  description.Command.Destination = (APPLE_AGX_GDI_RECT){\n      0u, 0u, APPLE_AGX_EXP208_GDI_WIDTH, APPLE_AGX_EXP208_GDI_HEIGHT};\n  description.Command.DestinationAllocationIndex = 0u;\n  description.Command.DestinationGpuAddress = OutputVa;\n  description.Command.DestinationPitch = APPLE_AGX_EXP208_GDI_PITCH;\n  description.Command.Color = APPLE_AGX_EXP208_GDI_COLOR;\n  description.Command.Rop = AppleAgxGdiColorFillPatCopy;\n  if (!AppleAgxGdiEncodeDmaCommand(\n          &description, dma, sizeof(dma), &written) ||\n      written != sizeof(dma))\n    return STATUS_INVALID_PARAMETER;\n  packet.Fence = Fence;\n  packet.DestinationCpuToken = (ULONGLONG)(ULONG_PTR)OutputCpu;\n  packet.DestinationGpuVa = OutputVa;\n  packet.DestinationPhysical = OutputPhysical;\n  packet.DestinationBytes = 0x4000u;\n  if (!AdmissionBackendImageBindSubmission(\n          &Context->BackendImage, &packet, OutputCpu, dma, written,\n          &binding))\n    return STATUS_INVALID_ADDRESS;\n  if (!AppleAgxGpuvaB1PrepareSubmission(\n          shadowStorage, sizeof(shadowStorage), dma, written,\n          Fence, 1u, &submission))\n    return STATUS_INVALID_BUFFER_SIZE;\n  runtime->B1Fence = Fence;\n  InterlockedExchange(&runtime->B1Completed, 0);\n  InterlockedExchange(&runtime->B1Active, 1);\n  result = AppleAgxBackendRuntimeSubmit(&runtime->Backend, &submission);\n  AdmissionGpuvaB1RecordRetirement(Context, Owner, AdmissionB1RetireSubmit,\n      result == AppleAgxBackendRuntimeResultOk ? STATUS_SUCCESS :\n          STATUS_DEVICE_HARDWARE_ERROR, 0u, 0ULL, 0ULL);\n  if (result != AppleAgxBackendRuntimeResultOk)\n    return STATUS_DEVICE_HARDWARE_ERROR;\n  AdmissionGpuvaB1RecordRetirement(Context, Owner,\n      AdmissionB1RetirePollBefore, STATUS_PENDING, 0u, 0ULL, 0ULL);\n  deadline = AdmissionPlatformNowMs() + 2000ULL;\n  do {\n    APPLE_AGX_BACKEND_U32 drained = 0u, completed = 0u;\n    if (!AppleAgxPlatformProviderPoll(\n            &runtime->Provider, 32u, &drained, &completed)) {\n      AdmissionGpuvaB1RecordRetirement(Context, Owner,\n          AdmissionB1RetirePollAfter, STATUS_DEVICE_HARDWARE_ERROR,\n          0u, 0ULL, 0ULL);\n      return STATUS_DEVICE_HARDWARE_ERROR;\n    }\n    if (InterlockedCompareExchange(&runtime->B1Completed, 0, 0) != 0 &&\n        runtime->Backend.Phase == AppleAgxBackendRuntimeReady) {\n      ADMISSION_B1_COMPLETION_CONTEXT completionContext = {\n          Context, runtime, Owner};\n      APPLE_AGX_GPUVA_B1_COMPLETION_IO completionIo = {\n          &completionContext, AdmissionB1FlushOutput,\n          AdmissionB1ReleaseImage};\n      AdmissionGpuvaB1RecordRetirement(Context, Owner,\n          AdmissionB1RetirePollAfter, STATUS_SUCCESS, 0u, 0ULL, 0ULL);\n      if (AppleAgxGpuvaB1FinishCompletion(\n              &completionIo, OutputCpu, 0x4000u, Fence) !=\n          AppleAgxGpuvaB1CompletionOk)\n        return STATUS_DEVICE_HARDWARE_ERROR;\n      InterlockedExchange(&runtime->B1Active, 0);\n      return STATUS_SUCCESS;\n    }\n    KeStallExecutionProcessor(1000u);\n  } while (AdmissionPlatformNowMs() < deadline);\n  AdmissionGpuvaB1RecordRetirement(Context, Owner,\n      AdmissionB1RetirePollAfter, STATUS_IO_TIMEOUT, 0u, 0ULL, 0ULL);\n  return STATUS_IO_TIMEOUT;\n}\n#endif\n'

======================================================================
FAIL: test_capture_transport_materializer (test_apple_agx_reloc_capture.RelocCaptureTests.test_capture_transport_materializer)
----------------------------------------------------------------------
Traceback (most recent call last):
  File "/Volumes/pwdev/public_windows/.worktrees/integration-ad04-windows-compiler/tests/test_apple_agx_reloc_capture.py", line 30, in test_capture_transport_materializer
    self.assertEqual(result.returncode,0,result.stdout+result.stderr)
    ~~~~~~~~~~~~~~~~^^^^^^^^^^^^^^^^^^^^^^^^^^^^^^^^^^^^^^^^^^^^^^^^^
AssertionError: -6 != 0 : NATIVE ENCODER: exact 69-byte termination at two placements PASS
NATIVE PPP v3: disconnected extra Encoder rejected
NATIVE PPP v3: two placements/masked relative fields PASS
NATIVE USC v3: preshader/texture/sampler two placements, all counts PASS
Assertion failed: (AgxWin32RelocField(&c,AppleAgxWin32RelocationUniformAddress64, destination,133u*8u,target,0)==AgxRelocCapacity), function main, file agx_win32_reloc_capture_test.c, line 532.


======================================================================
FAIL: test_is_a_separate_full_render_wddm3_driver (test_apple_agx_render_admission.AppleAgxRenderAdmissionTests.test_is_a_separate_full_render_wddm3_driver)
----------------------------------------------------------------------
Traceback (most recent call last):
  File "/Volumes/pwdev/public_windows/.worktrees/integration-ad04-windows-compiler/tests/test_apple_agx_render_admission.py", line 19, in test_is_a_separate_full_render_wddm3_driver
    self.assertIn("DXGKDDI_INTERFACE_VERSION_WDDM3_0", driver)
    ~~~~~~~~~~~~~^^^^^^^^^^^^^^^^^^^^^^^^^^^^^^^^^^^^^^^^^^^^^
AssertionError: 'DXGKDDI_INTERFACE_VERSION_WDDM3_0' not found in '#include "render_admission.h"\n\nDRIVER_INITIALIZE DriverEntry;\n#pragma alloc_text(INIT, DriverEntry)\n\n#if ADMISSION_GPUVA_G1B_PAGE_PROFILE == 0\nC_ASSERT(sizeof(DRIVER_INITIALIZATION_DATA) == 1296);\n#else\nC_ASSERT(sizeof(DRIVER_INITIALIZATION_DATA) == 1544);\n#endif\n\n_Use_decl_annotations_ NTSTATUS DriverEntry(PDRIVER_OBJECT DriverObject,\n                                             PUNICODE_STRING RegistryPath) {\n  DRIVER_INITIALIZATION_DATA initialization;\n  NTSTATUS status;\n\n  AdmissionRecordService(RegistryPath, L"Wom1CleanDriverEntryStage", 1);\n  PAGED_CODE();\n  RtlZeroMemory(&initialization, sizeof(initialization));\n  initialization.Version = ADMISSION_G1B_INTERFACE_VERSION;\n  initialization.DxgkDdiAddDevice = AdmissionDdiAddDevice;\n  initialization.DxgkDdiStartDevice = AdmissionDdiStartDevice;\n  initialization.DxgkDdiStopDevice = AdmissionDdiStopDevice;\n  initialization.DxgkDdiRemoveDevice = AdmissionDdiRemoveDevice;\n  initialization.DxgkDdiDispatchIoRequest = AdmissionDdiDispatchIoRequest;\n  initialization.DxgkDdiInterruptRoutine = AdmissionDdiInterruptRoutine;\n  initialization.DxgkDdiDpcRoutine = AdmissionDdiDpcRoutine;\n  initialization.DxgkDdiQueryChildRelations = AdmissionDdiQueryChildRelations;\n  initialization.DxgkDdiQueryChildStatus = AdmissionDdiQueryChildStatus;\n  initialization.DxgkDdiQueryDeviceDescriptor = AdmissionDdiQueryDeviceDescriptor;\n  initialization.DxgkDdiSetPowerState = AdmissionDdiSetPowerState;\n  initialization.DxgkDdiResetDevice = AdmissionDdiResetDevice;\n  initialization.DxgkDdiUnload = AdmissionDdiUnload;\n  initialization.DxgkDdiQueryAdapterInfo = AdmissionDdiQueryAdapterInfo;\n  initialization.DxgkDdiSetPalette = AdmissionDdiSetPalette;\n  initialization.DxgkDdiSetPointerPosition = AdmissionDdiSetPointerPosition;\n  initialization.DxgkDdiSetPointerShape = AdmissionDdiSetPointerShape;\n  initialization.DxgkDdiIsSupportedVidPn =\n      AdmissionTraceDdiIsSupportedVidPn;\n  initialization.DxgkDdiRecommendFunctionalVidPn =\n      AdmissionTraceDdiRecommendFunctionalVidPn;\n  initialization.DxgkDdiEnumVidPnCofuncModality =\n      AdmissionTraceDdiEnumVidPnCofuncModality;\n  initialization.DxgkDdiSetVidPnSourceVisibility =\n      AdmissionTraceDdiSetVidPnSourceVisibility;\n  initialization.DxgkDdiCommitVidPn = AdmissionTraceDdiCommitVidPn;\n  initialization.DxgkDdiUpdateActiveVidPnPresentPath =\n      AdmissionTraceDdiUpdateActiveVidPnPresentPath;\n  initialization.DxgkDdiRecommendMonitorModes =\n      AdmissionTraceDdiRecommendMonitorModes;\n  initialization.DxgkDdiUpdateMonitorLinkInfo =\n      AdmissionTraceDdiUpdateMonitorLinkInfo;\n  initialization.DxgkDdiGetScanLine = AdmissionDdiGetScanLine;\n  initialization.DxgkDdiStopCapture = AdmissionDdiStopCapture;\n  initialization.DxgkDdiQueryVidPnHWCapability =\n      AdmissionTraceDdiQueryVidPnHWCapability;\n  initialization.DxgkDdiSetVidPnSourceAddress =\n      AdmissionDdiSetVidPnSourceAddress;\n  initialization.DxgkDdiStopDeviceAndReleasePostDisplayOwnership =\n      AdmissionDdiStopDeviceAndReleasePostDisplayOwnership;\n  initialization.DxgkDdiNotifyAcpiEvent = AdmissionDdiNotifyAcpiEvent;\n  initialization.DxgkDdiQueryInterface = AdmissionDdiQueryInterface;\n  initialization.DxgkDdiControlEtwLogging = AdmissionDdiControlEtwLogging;\n  initialization.DxgkDdiCreateDevice = AdmissionDdiCreateDevice;\n  initialization.DxgkDdiDestroyDevice = AdmissionDdiDestroyDevice;\n  initialization.DxgkDdiCreateAllocation = AdmissionDdiCreateAllocation;\n  initialization.DxgkDdiDestroyAllocation = AdmissionDdiDestroyAllocation;\n  initialization.DxgkDdiDescribeAllocation = AdmissionDdiDescribeAllocation;\n  initialization.DxgkDdiGetStandardAllocationDriverData = AdmissionDdiGetStandardAllocationDriverData;\n  initialization.DxgkDdiOpenAllocation = AdmissionDdiOpenAllocation;\n  initialization.DxgkDdiCloseAllocation = AdmissionDdiCloseAllocation;\n  initialization.DxgkDdiPatch = AdmissionDdiPatch;\n  initialization.DxgkDdiSubmitCommand = AdmissionDdiSubmitCommand;\n  initialization.DxgkDdiBuildPagingBuffer = AdmissionDdiBuildPagingBuffer;\n  initialization.DxgkDdiPreemptCommand = AdmissionDdiPreemptCommand;\n  initialization.DxgkDdiRender = AdmissionDdiRender;\n  initialization.DxgkDdiPresent = AdmissionDdiPresent;\n  initialization.DxgkDdiCreateOverlay = AdmissionDdiCreateOverlay;\n  initialization.DxgkDdiUpdateOverlay = AdmissionDdiUpdateOverlay;\n  initialization.DxgkDdiFlipOverlay = AdmissionDdiFlipOverlay;\n  initialization.DxgkDdiDestroyOverlay = AdmissionDdiDestroyOverlay;\n  initialization.DxgkDdiResetFromTimeout = AdmissionDdiResetFromTimeout;\n  initialization.DxgkDdiRestartFromTimeout = AdmissionDdiRestartFromTimeout;\n  initialization.DxgkDdiEscape = AdmissionDdiEscape;\n  initialization.DxgkDdiCollectDbgInfo = AdmissionDdiCollectDbgInfo;\n  initialization.DxgkDdiQueryCurrentFence = AdmissionDdiQueryCurrentFence;\n  initialization.DxgkDdiControlInterrupt = AdmissionDdiControlInterrupt;\n  initialization.DxgkDdiCreateContext = AdmissionDdiCreateContext;\n  initialization.DxgkDdiDestroyContext = AdmissionDdiDestroyContext;\n  initialization.DxgkDdiRenderKm = AdmissionDdiRenderKm;\n  initialization.DxgkDdiQueryDependentEngineGroup = AdmissionDdiQueryDependentEngineGroup;\n  initialization.DxgkDdiQueryEngineStatus = AdmissionDdiQueryEngineStatus;\n  initialization.DxgkDdiResetEngine = AdmissionDdiResetEngine;\n  initialization.DxgkDdiCancelCommand = AdmissionDdiCancelCommand;\n  initialization.DxgkDdiSetPowerComponentFState = AdmissionDdiSetPowerComponentFState;\n  initialization.DxgkDdiPowerRuntimeControlRequest = AdmissionDdiPowerRuntimeControlRequest;\n  initialization.DxgkDdiGetNodeMetadata = AdmissionDdiGetNodeMetadata;\n  initialization.DxgkDdiSubmitCommandVirtual = AdmissionDdiSubmitCommandVirtual;\n  initialization.DxgkDdiCreateProcess = AdmissionDdiCreateProcess;\n  initialization.DxgkDdiDestroyProcess = AdmissionDdiDestroyProcess;\n  initialization.DxgkDdiCalibrateGpuClock = AdmissionDdiCalibrateGpuClock;\n  initialization.DxgkDdiSetStablePowerState = AdmissionDdiSetStablePowerState;\n#if defined(APPLE_AGX_GPUVA_G3_QUALIFICATION)\n  initialization.DxgkDdiSetRootPageTable = AdmissionDdiSetRootPageTable;\n#endif\n\n  status = DxgkInitialize(DriverObject, RegistryPath, &initialization);\n  AdmissionRecordService(RegistryPath, L"Wom1CleanDxgkInitializeStatus", (ULONG)status);\n  return status;\n}\n'

======================================================================
FAIL: test_opt_in_profile_reuses_production_memory_start_and_stop (test_apple_agx_render_memory_qualification.AppleAgxRenderMemoryQualificationTests.test_opt_in_profile_reuses_production_memory_start_and_stop)
----------------------------------------------------------------------
Traceback (most recent call last):
  File "/Volumes/pwdev/public_windows/.worktrees/integration-ad04-windows-compiler/tests/test_apple_agx_render_memory_qualification.py", line 28, in test_opt_in_profile_reuses_production_memory_start_and_stop
    self.assertNotIn("__hvc", lifecycle)
    ~~~~~~~~~~~~~~~~^^^^^^^^^^^^^^^^^^^^
AssertionError: '__hvc' unexpectedly found in '#include "render_admission.h"\n#if defined(APPLE_AGX_GPUVA_G3_QUALIFICATION)\n#include "apple_agx_gpuva_g3_caps.h"\n#include "hv_guest_ipa_pa_abi.h"\n#include <intrin.h>\n#pragma intrinsic(__hvc)\n#if ADMISSION_GPUVA_G1B_PAGE_PROFILE != 16 && \\\n    ADMISSION_GPUVA_G1B_PAGE_PROFILE != 64\n#error G3 VidMm path requires a 16- or 64-KiB local segment profile\n#endif\nC_ASSERT(sizeof(DXGK_PTE) == 16);\nC_ASSERT(ADMISSION_MEMORY_LOCAL_SEGMENT == 2u);\nC_ASSERT(DXGK_INVALID_MMU_ID == APPLE_AGX_GPUVA_G3_INVALID_MMU_ID);\n#endif\n#if defined(APPLE_AGX_GPUVA_B1_QUALIFICATION) || \\\n    defined(APPLE_AGX_GPUVA_G3_QUALIFICATION)\n#include "apple_agx_render_template_vm_slot.h"\n#if defined(APPLE_AGX_GPUVA_G3_QUALIFICATION)\nstatic BOOLEAN AdmissionReportGpuvaArmConsumed(ADMISSION_CONTEXT *context) {\n  ULONGLONG payload;\n  if (context == NULL || context->Win32BootGeneration == 0u)\n    return FALSE;\n  payload = ((ULONGLONG)HV_GPUVA_ARM_CONSUMED_VERSION << 32) |\n            context->Win32BootGeneration;\n  KeMemoryBarrier();\n  return __hvc(HV_GPUVA_ARM_CONSUMED_HVC_IMMEDIATE, payload) ==\n         HV_GUEST_IPA_PA_STATUS_SUCCESS;\n}\n#endif\nstatic BOOLEAN AdmissionConsumeGpuvaArm(ADMISSION_CONTEXT *context,\n                                        PCWSTR value_name,\n                                        BOOLEAN report_consumption) {\n  HANDLE key = NULL;\n  UNICODE_STRING name;\n  ULONG bytes = 0u;\n  NTSTATUS status;\n  union {\n    ULONGLONG Alignment;\n    UCHAR Buffer[sizeof(KEY_VALUE_PARTIAL_INFORMATION) + sizeof(ULONG)];\n  } data;\n  PKEY_VALUE_PARTIAL_INFORMATION value =\n      (PKEY_VALUE_PARTIAL_INFORMATION)data.Buffer;\n  if (context == NULL || context->PhysicalDeviceObject == NULL ||\n      !NT_SUCCESS(IoOpenDeviceRegistryKey(\n          context->PhysicalDeviceObject, PLUGPLAY_REGKEY_DEVICE,\n          KEY_QUERY_VALUE | KEY_SET_VALUE, &key)))\n    return FALSE;\n  RtlInitUnicodeString(&name, value_name);\n  status = ZwQueryValueKey(key, &name, KeyValuePartialInformation,\n                           value, sizeof(data.Buffer), &bytes);\n  if (!NT_SUCCESS(status) || value->Type != REG_DWORD ||\n      value->DataLength != sizeof(ULONG) || *(ULONG *)value->Data != 1u) {\n    ZwClose(key);\n    return FALSE;\n  }\n  status = ZwDeleteValueKey(key, &name);\n  if (NT_SUCCESS(status))\n    status = ZwFlushKey(key);\n  ZwClose(key);\n#if defined(APPLE_AGX_GPUVA_G3_QUALIFICATION)\n  if (NT_SUCCESS(status) && report_consumption &&\n      !AdmissionReportGpuvaArmConsumed(context))\n    return FALSE;\n#else\n  UNREFERENCED_PARAMETER(report_consumption);\n#endif\n  return NT_SUCCESS(status);\n}\n#endif\n\n#if defined(APPLE_AGX_GPUVA_G3_QUALIFICATION)\n/* _CRS publishes the dynamic local range only when Mu read a valid R64\n * receipt. Check that resource shape before consuming the one-shot arm or\n * touching any GPU/broker register. Borrow later verifies the live receipt. */\nstatic BOOLEAN AdmissionG3FirmwareResourcesPresent(\n    const ADMISSION_CONTEXT *context) {\n  PCM_RESOURCE_LIST resources;\n  PCM_FULL_RESOURCE_DESCRIPTOR full;\n  ULONG index;\n  ULONG seen = 0u;\n  ULONG interrupts = 0u;\n  if (context == NULL)\n    return FALSE;\n  resources = context->DeviceInformation.TranslatedResourceList;\n  if (resources == NULL || resources->Count != 1u)\n    return FALSE;\n  full = &resources->List[0];\n  for (index = 0u; index < full->PartialResourceList.Count; ++index) {\n    PCM_PARTIAL_RESOURCE_DESCRIPTOR descriptor =\n        &full->PartialResourceList.PartialDescriptors[index];\n    ULONG bit = 0u;\n    if (descriptor->Type == CmResourceTypeMemory) {\n      ULONGLONG start = (ULONGLONG)descriptor->u.Memory.Start.QuadPart;\n      ULONG length = descriptor->u.Memory.Length;\n      if (start == J313_AGX_G2_SGX_MMIO_BASE &&\n          length == J313_AGX_G2_SGX_MMIO_SIZE)\n        bit = 1u << 0;\n      else if (start == J313_AGX_G2_GPU_BASE &&\n               length == J313_AGX_G2_GPU_SIZE)\n        bit = 1u << 1;\n      else if (start == J313_AGX_G2_HANDOFF_BASE &&\n               length == J313_AGX_G2_HANDOFF_SIZE)\n        bit = 1u << 2;\n      else if (start == J313_AGX_G2_POWER_BROKER_BASE &&\n               length == J313_AGX_G2_POWER_BROKER_SIZE)\n        bit = 1u << 3;\n      else if (start != 0ULL &&\n               (start & (APPLE_AGX_LOCAL_RESERVE_ALIGNMENT - 1ULL)) == 0ULL &&\n               length == APPLE_AGX_LOCAL_RESERVE_BYTES)\n        bit = 1u << 4;\n      if (bit == 0u || (seen & bit) != 0u)\n        return FALSE;\n      seen |= bit;\n    } else if (descriptor->Type == CmResourceTypeDevicePrivate) {\n      /* PnP owns this reserved payload; it is not an address range. */\n      continue;\n    } else if (descriptor->Type == CmResourceTypeInterrupt &&\n               descriptor->ShareDisposition == CmResourceShareDeviceExclusive &&\n               descriptor->Flags == CM_RESOURCE_INTERRUPT_LATCHED &&\n               descriptor->u.Interrupt.Vector != 0u) {\n      ++interrupts;\n    } else {\n      return FALSE;\n    }\n  }\n  return seen == 0x1fu && interrupts == 1u;\n}\n\n_Use_decl_annotations_ BOOLEAN AdmissionGpuvaG3DeclarationReady(\n    const ADMISSION_CONTEXT *context) {\n  APPLE_AGX_GPUVA_G3_ADMISSION_CONTRACT model =\n      AppleAgxGpuvaG3AdmissionContract(1u, ADMISSION_GPUVA_G1B_PAGE_PROFILE);\n  APPLE_AGX_GPUVA_G3_CAPS tables =\n      AppleAgxGpuvaG3Caps(model.LocalUse64KBPages ||\n                          model.SysMem64KBPageSupported);\n  if (context == NULL || context->GpuvaG3State == NULL ||\n      !AdmissionMemoryReady(&context->Memory) ||\n      !AppleAgxGpuvaG3AdmissionContractValid(&model, sizeof(DXGK_PTE)) ||\n      !AppleAgxGpuvaG3CapsValid(&tables, sizeof(DXGK_PTE),\n                               model.LocalUse64KBPages ||\n                               model.SysMem64KBPageSupported, 0u))\n    return FALSE;\n  return context->Memory.Topology.SegmentCount == model.SegmentCount &&\n         context->Memory.Topology.Aperture.Id == model.ApertureSegmentId &&\n         context->Memory.Topology.Local.Id == model.LocalSegmentId &&\n         context->Memory.Topology.PagingBufferSegmentId ==\n             model.PagingBufferSegmentId &&\n         context->Memory.Topology.PagingBufferSize ==\n             model.PagingBufferBytes &&\n         context->Memory.Topology.Aperture.Aperture != APPLE_AGX_FALSE &&\n         context->Memory.Topology.Local.Aperture == APPLE_AGX_FALSE;\n}\n#endif\n\n_Use_decl_annotations_ NTSTATUS AdmissionDdiAddDevice(\n    PDEVICE_OBJECT PhysicalDeviceObject, PVOID *MiniportDeviceContext) {\n  ADMISSION_CONTEXT *context;\n  AdmissionRecordDevice(PhysicalDeviceObject, AdmissionReceiptAddEntered,\n                        STATUS_PENDING);\n  if (PhysicalDeviceObject == NULL || MiniportDeviceContext == NULL)\n    return STATUS_INVALID_PARAMETER;\n  context = ExAllocatePool2(POOL_FLAG_NON_PAGED, sizeof(*context),\n                            ADMISSION_POOL_TAG);\n  if (context == NULL)\n    return STATUS_INSUFFICIENT_RESOURCES;\n  RtlZeroMemory(context, sizeof(*context));\n  AdmissionObjectsInitializeAdapter(&context->ObjectAdapter);\n  context->Win32BootGeneration = (ULONG)KeQueryInterruptTime();\n  if (context->Win32BootGeneration == 0u)\n    context->Win32BootGeneration = 1u;\n  context->FeatureReadyMask =\n      APPLE_AGX_WDDM_READY_WDDM3_IDENTITY |\n      APPLE_AGX_WDDM_READY_DEVICE_CONTEXT;\n  context->PhysicalDeviceObject = PhysicalDeviceObject;\n  *MiniportDeviceContext = context;\n  AdmissionRecordDevice(PhysicalDeviceObject, AdmissionReceiptAddSucceeded,\n                        STATUS_SUCCESS);\n  return STATUS_SUCCESS;\n}\n\n_Use_decl_annotations_ NTSTATUS AdmissionDdiStartDevice(\n    PVOID MiniportDeviceContext, PDXGK_START_INFO DxgkStartInfo,\n    PDXGKRNL_INTERFACE DxgkInterface, PULONG NumberOfVideoPresentSources,\n    PULONG NumberOfChildren) {\n  ADMISSION_CONTEXT *context = (ADMISSION_CONTEXT *)MiniportDeviceContext;\n  NTSTATUS status;\n  APPLE_AGX_POST_DISPLAY_ROUTE post_display_route;\n\n  AdmissionRecordDevice(context == NULL ? NULL : context->PhysicalDeviceObject,\n                        AdmissionReceiptStartEntered, STATUS_PENDING);\n  AdmissionRecordStartStage(context, AdmissionStartEntered, STATUS_PENDING);\n  if (context == NULL || DxgkStartInfo == NULL || DxgkInterface == NULL ||\n      NumberOfVideoPresentSources == NULL || NumberOfChildren == NULL)\n    return STATUS_INVALID_PARAMETER;\n  *NumberOfVideoPresentSources = 0;\n  *NumberOfChildren = 0;\n#if defined(APPLE_AGX_GPUVA_B1_QUALIFICATION)\n  if (!AdmissionConsumeGpuvaArm(context, L"B1Armed", FALSE)) {\n    AdmissionRecordB1Qualification(\n        context, 0u, STATUS_NOT_SUPPORTED, STATUS_NOT_SUPPORTED,\n        0u, 0u, 0ULL,\n        0u, 0u, 0u, 0u, 0u);\n    AdmissionRecordStartStage(context, AdmissionStartEntered,\n                              STATUS_NOT_SUPPORTED);\n    return STATUS_NOT_SUPPORTED;\n  }\n#endif\n#if defined(APPLE_AGX_GPUVA_G3_QUALIFICATION)\n  context->StartInfo = *DxgkStartInfo;\n  context->Interface = *DxgkInterface;\n  context->InterfaceValid = TRUE;\n  RtlZeroMemory(&context->DeviceInformation,\n                sizeof(context->DeviceInformation));\n  status = context->Interface.DxgkCbGetDeviceInformation(\n      context->Interface.DeviceHandle, &context->DeviceInformation);\n  AdmissionRecordDevice(context->PhysicalDeviceObject,\n                        AdmissionReceiptStartDeviceInfo, status);\n  AdmissionRecordStartStage(context, AdmissionStartDeviceInfo, status);\n  if (!NT_SUCCESS(status))\n    return status;\n  AdmissionRecordTranslatedResources(context);\n  if (!AdmissionG3FirmwareResourcesPresent(context)) {\n    AdmissionRecordStartStage(context, AdmissionStartDeviceInfo,\n                              STATUS_DEVICE_NOT_READY);\n    return STATUS_DEVICE_NOT_READY;\n  }\n  if (!AdmissionConsumeGpuvaArm(context, L"G3Armed", TRUE)) {\n    AdmissionRecordStartStage(context, AdmissionStartEntered,\n                              STATUS_NOT_SUPPORTED);\n    return STATUS_NOT_SUPPORTED;\n  }\n#endif\n#if !defined(APPLE_AGX_GPUVA_G3_QUALIFICATION)\n  context->StartInfo = *DxgkStartInfo;\n  context->Interface = *DxgkInterface;\n  context->InterfaceValid = TRUE;\n  RtlZeroMemory(&context->DeviceInformation,\n                sizeof(context->DeviceInformation));\n  status = context->Interface.DxgkCbGetDeviceInformation(\n      context->Interface.DeviceHandle, &context->DeviceInformation);\n  AdmissionRecordDevice(context->PhysicalDeviceObject,\n                        AdmissionReceiptStartDeviceInfo, status);\n  AdmissionRecordStartStage(context, AdmissionStartDeviceInfo, status);\n  if (!NT_SUCCESS(status))\n    return status;\n#endif\n\n  status = AdmissionInterruptStart(context);\n  AdmissionRecordDevice(context->PhysicalDeviceObject,\n                        AdmissionReceiptStartInterrupt, status);\n  AdmissionRecordStartStage(context, AdmissionStartInterrupt, status);\n  if (!NT_SUCCESS(status))\n    return status;\n\n  status = AdmissionMemoryRuntimeStart(context);\n  AdmissionRecordStartStage(context, AdmissionStartMemory, status);\n  if (!NT_SUCCESS(status)) {\n#if defined(APPLE_AGX_RENDER_MEMORY_QUALIFICATION)\n    ADMISSION_MEMORY_QUALIFICATION qualification;\n    NTSTATUS interruptStatus;\n    RtlZeroMemory(&qualification, sizeof(qualification));\n    qualification.Version = ADMISSION_MEMORY_QUALIFICATION_VERSION;\n    qualification.Size = sizeof(qualification);\n    qualification.QualificationStatus = status;\n    qualification.CleanupStatus = context->MemoryRuntime == NULL\n                                      ? STATUS_SUCCESS\n                                      : STATUS_DEVICE_BUSY;\n    qualification.StartStage = (ULONG)InterlockedCompareExchange(\n        &context->MemoryStartStage, 0, 0);\n    interruptStatus = AdmissionInterruptStop(context);\n    AdmissionRecordDevice(context->PhysicalDeviceObject,\n                          AdmissionReceiptMemoryQualified, status);\n    AdmissionRecordMemoryQualification(context->PhysicalDeviceObject,\n                                       &qualification);\n    if (!NT_SUCCESS(interruptStatus))\n      return interruptStatus;\n#else\n    (void)AdmissionInterruptStop(context);\n#endif\n    return status;\n  }\n#if defined(APPLE_AGX_RENDER_MEMORY_QUALIFICATION)\n  {\n    ADMISSION_MEMORY_QUALIFICATION qualification;\n    NTSTATUS cleanupStatus;\n    NTSTATUS interruptStatus;\n\n    status = AdmissionMemoryRuntimeQualify(context, &qualification);\n    cleanupStatus = AdmissionMemoryRuntimeStop(context);\n    qualification.CleanupStatus = cleanupStatus;\n    interruptStatus = AdmissionInterruptStop(context);\n    AdmissionRecordDevice(context->PhysicalDeviceObject,\n                          AdmissionReceiptMemoryQualified, status);\n    AdmissionRecordMemoryQualification(context->PhysicalDeviceObject,\n                                       &qualification);\n    RtlZeroMemory(&context->Interface, sizeof(context->Interface));\n    context->InterfaceValid = FALSE;\n    if (!NT_SUCCESS(status))\n      return status;\n    if (!NT_SUCCESS(cleanupStatus))\n      return cleanupStatus;\n    if (!NT_SUCCESS(interruptStatus))\n      return interruptStatus;\n    return STATUS_NOT_SUPPORTED;\n  }\n#endif\n  status = AdmissionBackendImageStart(context);\n  AdmissionRecordStartStage(context, AdmissionStartBackendImage, status);\n  if (!NT_SUCCESS(status)) {\n    (void)AdmissionMemoryRuntimeStop(context);\n    (void)AdmissionInterruptStop(context);\n    return status;\n  }\n#if defined(APPLE_AGX_GPUVA_B1_QUALIFICATION) || \\\n    defined(APPLE_AGX_GPUVA_G3_QUALIFICATION)\n  if (!AppleAgxRenderTemplateSelectVmSlot(\n          context->BackendImage.ArenaCpuAddress,\n          context->BackendImage.ArenaCapacity, 1u)) {\n    (void)AdmissionBackendImageStop(context);\n    (void)AdmissionMemoryRuntimeStop(context);\n    (void)AdmissionInterruptStop(context);\n    return STATUS_INVALID_IMAGE_FORMAT;\n  }\n#endif\n  status = AdmissionSchedulerStart(context);\n  AdmissionRecordStartStage(context, AdmissionStartScheduler, status);\n  if (!NT_SUCCESS(status)) {\n    (void)AdmissionBackendImageStop(context);\n    (void)AdmissionMemoryRuntimeStop(context);\n    (void)AdmissionInterruptStop(context);\n    return status;\n  }\n  status = AdmissionPagingStart(context);\n  AdmissionRecordStartStage(context, AdmissionStartPaging, status);\n  if (!NT_SUCCESS(status)) {\n    (void)AdmissionSchedulerStop(context);\n    (void)AdmissionBackendImageStop(context);\n    (void)AdmissionMemoryRuntimeStop(context);\n    (void)AdmissionInterruptStop(context);\n    return status;\n  }\n  status = AdmissionPlatformRuntimeStart(context);\n  AdmissionRecordStartStage(context, AdmissionStartPlatform, status);\n  if (!NT_SUCCESS(status)) {\n    (void)AdmissionPagingStop(context);\n    (void)AdmissionSchedulerStop(context);\n    (void)AdmissionBackendImageStop(context);\n    (void)AdmissionMemoryRuntimeStop(context);\n    (void)AdmissionInterruptStop(context);\n    return status;\n  }\n\n#if defined(APPLE_AGX_GPUVA_B1_QUALIFICATION)\n  status = AdmissionGpuvaB1Qualify(context);\n  if (context->GpuvaB1State != NULL)\n    return STATUS_DEVICE_BUSY; /* Preserve pages with uncertain GPU use. */\n  if (!NT_SUCCESS(AdmissionPlatformRuntimeStop(context)))\n    return STATUS_DEVICE_BUSY;\n  if (!NT_SUCCESS(AdmissionPagingStop(context)) ||\n      !NT_SUCCESS(AdmissionSchedulerStop(context)) ||\n      !NT_SUCCESS(AdmissionBackendImageStop(context)) ||\n      !NT_SUCCESS(AdmissionMemoryRuntimeStop(context)) ||\n      !NT_SUCCESS(AdmissionInterruptStop(context)))\n    return STATUS_DEVICE_BUSY;\n  return NT_SUCCESS(status) ? STATUS_NOT_SUPPORTED : status;\n#endif\n\n  if (context->Interface.DxgkCbAcquirePostDisplayOwnership == NULL) {\n    AdmissionRecordPostDisplay(context, STATUS_NOT_SUPPORTED,\n                               AppleAgxPostDisplayAcquireFailed,\n                               STATUS_NOT_SUPPORTED);\n    AdmissionRecordStartStage(\n        context, AdmissionStartPostDisplay, STATUS_NOT_SUPPORTED);\n    (void)AdmissionPlatformRuntimeStop(context);\n    (void)AdmissionPagingStop(context);\n    (void)AdmissionSchedulerStop(context);\n    (void)AdmissionBackendImageStop(context);\n    (void)AdmissionMemoryRuntimeStop(context);\n    (void)AdmissionInterruptStop(context);\n    return STATUS_NOT_SUPPORTED;\n  }\n  RtlZeroMemory(&context->PostDisplayInformation,\n                sizeof(context->PostDisplayInformation));\n  status = context->Interface.DxgkCbAcquirePostDisplayOwnership(\n      context->Interface.DeviceHandle, &context->PostDisplayInformation);\n  post_display_route = AppleAgxPostDisplayRoute(\n      NT_SUCCESS(status) ? APPLE_AGX_SCANOUT_TRUE : APPLE_AGX_SCANOUT_FALSE,\n      context->PostDisplayInformation.Width,\n      context->PostDisplayInformation.Height,\n      context->PostDisplayInformation.Pitch,\n      (ULONGLONG)context->PostDisplayInformation.PhysicAddress.QuadPart);\n  AdmissionRecordPostDisplay(\n      context, status, post_display_route,\n      post_display_route == AppleAgxPostDisplayGeometryRejected\n          ? STATUS_GRAPHICS_INVALID_DISPLAY_ADAPTER : status);\n  AdmissionRecordDevice(context->PhysicalDeviceObject,\n                        AdmissionReceiptStartPostDisplay, status);\n  AdmissionRecordStartStage(context, AdmissionStartPostDisplay, status);\n  if (post_display_route == AppleAgxPostDisplayAcquireFailed) {\n    (void)AdmissionPlatformRuntimeStop(context);\n    (void)AdmissionPagingStop(context);\n    (void)AdmissionSchedulerStop(context);\n    (void)AdmissionBackendImageStop(context);\n    (void)AdmissionMemoryRuntimeStop(context);\n    (void)AdmissionInterruptStop(context);\n    return status;\n  }\n  if (post_display_route == AppleAgxPostDisplayGeometryRejected) {\n    AdmissionRecordStartStage(\n        context, AdmissionStartPostDisplay,\n        STATUS_GRAPHICS_INVALID_DISPLAY_ADAPTER);\n    (void)AdmissionPlatformRuntimeStop(context);\n    (void)AdmissionPagingStop(context);\n    (void)AdmissionSchedulerStop(context);\n    (void)AdmissionBackendImageStop(context);\n    (void)AdmissionMemoryRuntimeStop(context);\n    (void)AdmissionInterruptStop(context);\n    return STATUS_GRAPHICS_INVALID_DISPLAY_ADAPTER;\n  }\n  if (post_display_route == AppleAgxPostDisplayOwnScanout)\n    RtlZeroMemory(&context->PostDisplayInformation,\n                  sizeof(context->PostDisplayInformation));\n  status = AdmissionScanoutStart(context);\n  AdmissionRecordStartStage(context, AdmissionStartScanout, status);\n  if (!NT_SUCCESS(status)) {\n    /* An uncertain REGISTER/RELEASE result retains every lower memory owner.\n     * PnP teardown may retry AdmissionScanoutStop, but must not unmap a pool\n     * that m1n1/DCP could still own. */\n    if (context->ScanoutRuntime != NULL)\n      return status;\n    (void)AdmissionPlatformRuntimeStop(context);\n    (void)AdmissionPagingStop(context);\n    (void)AdmissionSchedulerStop(context);\n    (void)AdmissionBackendImageStop(context);\n    (void)AdmissionMemoryRuntimeStop(context);\n    (void)AdmissionInterruptStop(context);\n    return status;\n  }\n\n  context->Started = TRUE;\n  if (!AdmissionObjectsStartAdapter(&context->ObjectAdapter)) {\n    AdmissionRecordStartStage(\n        context, AdmissionStartObjects, STATUS_INVALID_DEVICE_STATE);\n    context->Started = FALSE;\n    status = AdmissionScanoutStop(context);\n    if (!NT_SUCCESS(status))\n      return status;\n    (void)AdmissionPlatformRuntimeStop(context);\n    (void)AdmissionPagingStop(context);\n    (void)AdmissionSchedulerStop(context);\n    (void)AdmissionBackendImageStop(context);\n    (void)AdmissionMemoryRuntimeStop(context);\n    (void)AdmissionInterruptStop(context);\n    return STATUS_INVALID_DEVICE_STATE;\n  }\n  AdmissionRecordStartStage(context, AdmissionStartObjects, STATUS_SUCCESS);\n#if defined(APPLE_AGX_GPUVA_G3_QUALIFICATION)\n  status = AdmissionGpuvaG3Start(context);\n  if (!NT_SUCCESS(status)) {\n    (void)AdmissionObjectsStopAdapter(&context->ObjectAdapter);\n    context->Started = FALSE;\n    (void)AdmissionScanoutStop(context);\n    (void)AdmissionPlatformRuntimeStop(context);\n    (void)AdmissionPagingStop(context);\n    (void)AdmissionSchedulerStop(context);\n    (void)AdmissionBackendImageStop(context);\n    (void)AdmissionMemoryRuntimeStop(context);\n    (void)AdmissionInterruptStop(context);\n    return status;\n  }\n#endif\n  context->DisplayActive = TRUE;\n  context->SourceVisible = TRUE;\n  context->CommittedWidth = APPLE_AGX_SCANOUT_J313_WIDTH;\n  context->CommittedHeight = APPLE_AGX_SCANOUT_J313_HEIGHT;\n  context->CommittedStride = APPLE_AGX_SCANOUT_J313_STRIDE;\n  context->CommittedFormat = D3DDDIFMT_A8R8G8B8;\n  /* QueryAdapterInfo cannot run until StartDevice returns. Publish the complete\n   * immutable implementation vector only after every runtime owner above has\n   * started and the adapter object is live. */\n  InterlockedExchange(&context->FeatureReadyMask,\n                      APPLE_AGX_WDDM_REQUIRED_READY_MASK);\n  AdmissionRecordStartStage(context, AdmissionStartComplete, STATUS_SUCCESS);\n  *NumberOfVideoPresentSources = 1;\n  *NumberOfChildren = 1;\n  AdmissionRecordDevice(context->PhysicalDeviceObject,\n                        AdmissionReceiptStartSucceeded, STATUS_SUCCESS);\n  return STATUS_SUCCESS;\n}\n\n_Use_decl_annotations_ NTSTATUS AdmissionDdiStopDevice(PVOID MiniportDeviceContext) {\n  ADMISSION_CONTEXT *context = (ADMISSION_CONTEXT *)MiniportDeviceContext;\n  NTSTATUS status;\n  if (context == NULL)\n    return STATUS_INVALID_PARAMETER;\n#if defined(APPLE_AGX_GPUVA_B1_QUALIFICATION)\n  if (context->GpuvaB1State != NULL)\n    return STATUS_DEVICE_BUSY;\n#endif\n  AdmissionFlushSourceAddressReceipt(context);\n  AdmissionFlushPresentTransfer(context);\n  AdmissionFlushGdiReceipt(context);\n  AdmissionRecordDevice(context->PhysicalDeviceObject, AdmissionReceiptStop,\n                        STATUS_SUCCESS);\n  if (context->ObjectAdapter.DeviceCount != 0u)\n    return STATUS_DEVICE_BUSY;\n#if defined(APPLE_AGX_GPUVA_G3_QUALIFICATION)\n  status = AdmissionGpuvaG3Stop(context);\n  if (!NT_SUCCESS(status)) return status;\n#endif\n  status = AdmissionScanoutStop(context);\n  if (!NT_SUCCESS(status))\n    return status;\n  status = AdmissionPagingStop(context);\n  if (!NT_SUCCESS(status))\n    return status;\n  status = AdmissionPlatformRuntimeStop(context);\n  if (!NT_SUCCESS(status))\n    return status;\n  status = AdmissionSchedulerStop(context);\n  if (!NT_SUCCESS(status))\n    return status;\n  status = AdmissionBackendImageStop(context);\n  if (!NT_SUCCESS(status))\n    return status;\n  status = AdmissionMemoryRuntimeStop(context);\n  if (!NT_SUCCESS(status))\n    return status;\n  status = AdmissionInterruptStop(context);\n  if (!NT_SUCCESS(status))\n    return status;\n  if (!AdmissionObjectsStopAdapter(&context->ObjectAdapter))\n    return STATUS_DEVICE_BUSY;\n  context->Started = FALSE;\n  context->DisplayActive = FALSE;\n  context->SourceVisible = FALSE;\n  InterlockedExchange(\n      &context->FeatureReadyMask,\n      APPLE_AGX_WDDM_READY_WDDM3_IDENTITY |\n          APPLE_AGX_WDDM_READY_DEVICE_CONTEXT);\n  RtlZeroMemory(&context->StartInfo, sizeof(context->StartInfo));\n  RtlZeroMemory(&context->DeviceInformation,\n                sizeof(context->DeviceInformation));\n  RtlZeroMemory(&context->PostDisplayInformation,\n                sizeof(context->PostDisplayInformation));\n  RtlZeroMemory(&context->Interface, sizeof(context->Interface));\n  context->InterfaceValid = FALSE;\n  return STATUS_SUCCESS;\n}\n\n_Use_decl_annotations_ NTSTATUS AdmissionDdiRemoveDevice(PVOID MiniportDeviceContext) {\n  ADMISSION_CONTEXT *context = (ADMISSION_CONTEXT *)MiniportDeviceContext;\n  if (context == NULL)\n    return STATUS_INVALID_PARAMETER;\n#if defined(APPLE_AGX_GPUVA_G3_QUALIFICATION)\n  if (!NT_SUCCESS(AdmissionGpuvaG3Stop(context))) return STATUS_DEVICE_BUSY;\n#endif\n#if defined(APPLE_AGX_GPUVA_B1_QUALIFICATION)\n  if (context->GpuvaB1State != NULL)\n    return STATUS_DEVICE_BUSY;\n#endif\n  AdmissionFlushSourceAddressReceipt(context);\n  AdmissionFlushPresentTransfer(context);\n  AdmissionFlushGdiReceipt(context);\n  if (context->ScanoutRuntime != NULL &&\n      !NT_SUCCESS(AdmissionScanoutStop(context)))\n    return STATUS_DEVICE_BUSY;\n  if (context->PagingWorkItem != NULL &&\n      !NT_SUCCESS(AdmissionPagingStop(context)))\n    return STATUS_DEVICE_BUSY;\n  if (context->PlatformRuntime != NULL &&\n      !NT_SUCCESS(AdmissionPlatformRuntimeStop(context)))\n    return STATUS_DEVICE_BUSY;\n  if (InterlockedCompareExchange(&context->SchedulerInitialized, 0, 0) != 0 &&\n      !NT_SUCCESS(AdmissionSchedulerStop(context)))\n    return STATUS_DEVICE_BUSY;\n  if (context->BackendImage.Ready == APPLE_AGX_TRUE &&\n      !NT_SUCCESS(AdmissionBackendImageStop(context)))\n    return STATUS_DEVICE_BUSY;\n  if (context->MemoryRuntime != NULL &&\n      !NT_SUCCESS(AdmissionMemoryRuntimeStop(context)))\n    return STATUS_DEVICE_BUSY;\n  AdmissionRecordDevice(context->PhysicalDeviceObject, AdmissionReceiptRemove,\n                        STATUS_SUCCESS);\n  ExFreePoolWithTag(context, ADMISSION_POOL_TAG);\n  return STATUS_SUCCESS;\n}\n\n_Use_decl_annotations_ NTSTATUS AdmissionDdiQueryAdapterInfo(\n    HANDLE Adapter, const DXGKARG_QUERYADAPTERINFO *QueryAdapterInfo) {\n  ADMISSION_CONTEXT *context = (ADMISSION_CONTEXT *)Adapter;\n  NTSTATUS status = STATUS_NOT_SUPPORTED;\n  if (context == NULL || QueryAdapterInfo == NULL)\n    return STATUS_INVALID_PARAMETER;\n\n  switch (QueryAdapterInfo->Type) {\n  case DXGKQAITYPE_UMDRIVERPRIVATE: {\n    AGX_WIN32_DEVICE_INFO *info;\n    if (QueryAdapterInfo->pInputData != NULL ||\n        QueryAdapterInfo->InputDataSize != 0u ||\n        QueryAdapterInfo->pOutputData == NULL ||\n        QueryAdapterInfo->OutputDataSize != sizeof(*info)) {\n      status = STATUS_INVALID_PARAMETER;\n      break;\n    }\n    info = (AGX_WIN32_DEVICE_INFO *)QueryAdapterInfo->pOutputData;\n    RtlZeroMemory(info, sizeof(*info));\n    info->Magic = AGX_WIN32_DEVICE_INFO_MAGIC;\n    info->Version = AGX_WIN32_DEVICE_INFO_VERSION;\n    info->Bytes = sizeof(*info);\n    info->BootGeneration = context->Win32BootGeneration;\n    info->GpuGeneration = 13u;\n    info->GpuVariant = AgxWin32GpuG13G;\n    info->PageBytes = 0x4000u;\n    info->ClassCount = AGX_WIN32_BUFFER_CLASS_COUNT;\n    info->Classes[0].ClassId = AgxWin32BufferClassGeneral;\n    info->Classes[0].MinimumAlignment = 0x4000u;\n    info->Classes[0].MaximumBytes = AGX_RR_SHARED_ARENA_BYTES;\n    info->Classes[0].Flags = AppleAgxWin32BufferCpuRead |\n        AppleAgxWin32BufferCpuWrite | AppleAgxWin32BufferGpuRead |\n        AppleAgxWin32BufferGpuWrite;\n    info->Classes[1].ClassId = AgxWin32BufferClassShader;\n    info->Classes[1].MinimumAlignment = 0x4000u;\n    info->Classes[1].MaximumBytes = AGX_RR_SHARED_ARENA_BYTES;\n    info->Classes[1].Flags = AppleAgxWin32BufferCpuWrite |\n        AppleAgxWin32BufferGpuRead;\n    info->Classes[2].ClassId = AgxWin32BufferClassEncoder;\n    info->Classes[2].MinimumAlignment = 0x4000u;\n    info->Classes[2].MaximumBytes = AGX_RR_COMMAND_ARENA_BYTES;\n    info->Classes[2].Flags = AppleAgxWin32BufferCpuWrite |\n        AppleAgxWin32BufferGpuRead;\n    status = STATUS_SUCCESS;\n    break;\n  }\n\n  case DXGKQAITYPE_DRIVERCAPS: {\n    DXGK_DRIVERCAPS *caps;\n    APPLE_AGX_WDDM_FEATURE_INPUT featureInput;\n    APPLE_AGX_WDDM_FEATURE_OUTPUT featureOutput;\n    APPLE_AGX_WDDM_FEATURE_CONTRACT_RESULT featureResult;\n    if (QueryAdapterInfo->pOutputData == NULL ||\n        QueryAdapterInfo->OutputDataSize < sizeof(*caps)) {\n      status = STATUS_BUFFER_TOO_SMALL;\n    } else {\n      caps = (DXGK_DRIVERCAPS *)QueryAdapterInfo->pOutputData;\n      RtlZeroMemory(caps, sizeof(*caps));\n      caps->HighestAcceptableAddress.QuadPart = -1;\n      /* WDK 26100: must match DXGK_WDDMDEVICECAPS.WDDMVersion. */\n      caps->WDDMVersion = ADMISSION_G1B_WDDM_VERSION;\n      RtlZeroMemory(&featureInput, sizeof(featureInput));\n      featureInput.Version = APPLE_AGX_WDDM_FEATURE_CONTRACT_VERSION;\n      featureInput.Size = sizeof(featureInput);\n      featureInput.WddmMajor = 3u;\n      featureInput.WddmMinor = 0u;\n      featureInput.NodeCount = 1u;\n      featureInput.ReadyMask = (ULONG)InterlockedCompareExchange(\n          &context->FeatureReadyMask, 0, 0);\n      featureResult = AppleAgxWddmFeatureContractEvaluate(\n          &featureInput, &featureOutput);\n      if (featureResult == AppleAgxWddmFeatureContractIncomplete &&\n          featureOutput.PublishCapsMask == 0u) {\n        status = STATUS_SUCCESS;\n      } else if (featureResult == AppleAgxWddmFeatureContractReady &&\n                 featureOutput.PublishCapsMask ==\n                     APPLE_AGX_WDDM_MANDATORY_CAPS_MASK) {\n        caps->MaxAllocationListSlotId =\n            ADMISSION_GDI_ALLOCATION_LIST_SIZE - 1u;\n        caps->MaxQueuedFlipOnVSync = 1u;\n        caps->GpuEngineTopology.NbAsymetricProcessingNodes = 1u;\n        caps->SchedulingCaps.MultiEngineAware = 1u;\n        caps->SchedulingCaps.PreemptionAware = 1u;\n        caps->PreemptionCaps.GraphicsPreemptionGranularity =\n            D3DKMDT_GRAPHICS_PREEMPTION_DMA_BUFFER_BOUNDARY;\n        caps->PreemptionCaps.ComputePreemptionGranularity =\n            D3DKMDT_COMPUTE_PREEMPTION_DMA_BUFFER_BOUNDARY;\n        caps->FlipCaps.FlipOnVSyncMmIo = 1u;\n        caps->FlipCaps.FlipIndependent = 1u;\n        caps->SupportNonVGA = TRUE;\n        /* WDDM 1.2+ full graphics requires this even when the only exposed\n         * path transform is the already-supported identity/Offset0 pair. */\n        caps->SupportSmoothRotation = TRUE;\n        caps->SupportPerEngineTDR = TRUE;\n        caps->SupportDirectFlip = TRUE;\n        caps->PresentationCaps.SupportKernelModeCommandBuffer = 1u;\n#if defined(APPLE_AGX_GPUVA_G3_QUALIFICATION)\n        if (context->GpuvaG3State != NULL) {\n          APPLE_AGX_GPUVA_G3_ADMISSION_CONTRACT model =\n              AppleAgxGpuvaG3AdmissionContract(\n                  1u, ADMISSION_GPUVA_G1B_PAGE_PROFILE);\n          if (!AdmissionGpuvaG3DeclarationReady(context)) {\n            status = STATUS_INVALID_DEVICE_STATE;\n            break;\n          }\n          caps->MemoryManagementCaps.VirtualAddressingSupported =\n              model.VirtualAddressingSupported;\n          caps->MemoryManagementCaps.GpuMmuSupported =\n              model.AdapterGpuMmuSupported;\n          caps->MemoryManagementCaps.PagingNode = model.PagingNode;\n          caps->GpuEngineTopology.NbAsymetricProcessingNodes = model.NodeCount;\n        }\n#endif\n        status = STATUS_SUCCESS;\n      } else {\n        status = STATUS_INVALID_DEVICE_STATE;\n      }\n    }\n    break;\n  }\n\n#if defined(APPLE_AGX_GPUVA_G3_QUALIFICATION)\n  case DXGKQAITYPE_GPUMMUCAPS: {\n    const DXGK_QUERYGPUMMUCAPSIN *input;\n    DXGK_GPUMMUCAPS *caps;\n    APPLE_AGX_GPUVA_G3_ADMISSION_CONTRACT declaration =\n        AppleAgxGpuvaG3AdmissionContract(1u, ADMISSION_GPUVA_G1B_PAGE_PROFILE);\n    unsigned int table64 = declaration.LocalUse64KBPages ||\n                           declaration.SysMem64KBPageSupported;\n    APPLE_AGX_GPUVA_G3_CAPS model = AppleAgxGpuvaG3Caps(table64);\n    if (!AdmissionGpuvaG3DeclarationReady(context)) {\n      status = STATUS_INVALID_DEVICE_STATE;\n    } else if (QueryAdapterInfo->pInputData == NULL ||\n        QueryAdapterInfo->InputDataSize < sizeof(*input) ||\n        QueryAdapterInfo->pOutputData == NULL ||\n        QueryAdapterInfo->OutputDataSize < sizeof(*caps)) {\n      status = STATUS_BUFFER_TOO_SMALL;\n    } else {\n      input = (const DXGK_QUERYGPUMMUCAPSIN *)QueryAdapterInfo->pInputData;\n      caps = (DXGK_GPUMMUCAPS *)QueryAdapterInfo->pOutputData;\n      if (input->PhysicalAdapterIndex != 0u ||\n          !AppleAgxGpuvaG3CapsValid(&model, sizeof(DXGK_PTE),\n                                   table64, 0u)) {\n        status = STATUS_INVALID_PARAMETER;\n      } else {\n        RtlZeroMemory(caps, sizeof(*caps));\n        caps->ReadOnlyMemorySupported = 1u;\n        caps->SysMem64KBPageSupported = declaration.SysMem64KBPageSupported;\n        caps->ExplicitPageTableInvalidation = 1u;\n        caps->PageTableUpdateRequireAddressSpaceIdle = 1u;\n        caps->PageTableUpdateMode = DXGK_PAGETABLEUPDATE_GPU_PHYSICAL;\n        caps->VirtualAddressBitCount = model.VirtualAddressBits;\n        caps->LeafPageTableSizeFor64KPagesInBytes = model.Leaf64KBytes;\n        caps->PageTableLevelCount = model.LevelCount;\n        status = STATUS_SUCCESS;\n      }\n    }\n    break;\n  }\n\n  case DXGKQAITYPE_PAGETABLELEVELDESC: {\n    const DXGK_QUERYPAGETABLELEVELDESCIN *input;\n    DXGK_PAGE_TABLE_LEVEL_DESC *level;\n    APPLE_AGX_GPUVA_G3_ADMISSION_CONTRACT declaration =\n        AppleAgxGpuvaG3AdmissionContract(1u, ADMISSION_GPUVA_G1B_PAGE_PROFILE);\n    unsigned int table64 = declaration.LocalUse64KBPages ||\n                           declaration.SysMem64KBPageSupported;\n    APPLE_AGX_GPUVA_G3_CAPS model = AppleAgxGpuvaG3Caps(table64);\n    if (!AdmissionGpuvaG3DeclarationReady(context)) {\n      status = STATUS_INVALID_DEVICE_STATE;\n    } else if (QueryAdapterInfo->pInputData == NULL ||\n        QueryAdapterInfo->InputDataSize < sizeof(*input) ||\n        QueryAdapterInfo->pOutputData == NULL ||\n        QueryAdapterInfo->OutputDataSize < sizeof(*level)) {\n      status = STATUS_BUFFER_TOO_SMALL;\n    } else {\n      input = (const DXGK_QUERYPAGETABLELEVELDESCIN *)\n          QueryAdapterInfo->pInputData;\n      level = (DXGK_PAGE_TABLE_LEVEL_DESC *)QueryAdapterInfo->pOutputData;\n      if (input->PhysicalAdapterIndex != 0u ||\n          input->LevelIndex >= model.LevelCount ||\n          !AppleAgxGpuvaG3CapsValid(&model, sizeof(DXGK_PTE),\n                                   table64, 0u)) {\n        status = STATUS_INVALID_PARAMETER;\n      } else {\n        RtlZeroMemory(level, sizeof(*level));\n        level->PageTableIndexBitCount =\n            model.Level[input->LevelIndex].IndexBits;\n        level->PageTableSegmentId = model.Level[input->LevelIndex].SegmentId;\n        level->PagingProcessPageTableSegmentId =\n            model.Level[input->LevelIndex].SegmentId;\n        level->PageTableSizeInBytes = model.Level[input->LevelIndex].SizeBytes;\n        level->PageTableAlignmentInBytes =\n            model.Level[input->LevelIndex].AlignmentBytes;\n        status = STATUS_SUCCESS;\n      }\n    }\n    break;\n  }\n#endif\n\n  case DXGKQAITYPE_WDDMDEVICECAPS: {\n    DXGK_WDDMDEVICECAPS *caps;\n    if (QueryAdapterInfo->pOutputData == NULL ||\n        QueryAdapterInfo->OutputDataSize < sizeof(*caps)) {\n      status = STATUS_BUFFER_TOO_SMALL;\n    } else {\n      caps = (DXGK_WDDMDEVICECAPS *)QueryAdapterInfo->pOutputData;\n      RtlZeroMemory(caps, sizeof(*caps));\n      caps->WDDMVersion = ADMISSION_G1B_WDDM_VERSION;\n      status = STATUS_SUCCESS;\n    }\n    break;\n  }\n\n  case DXGKQAITYPE_QUERYSEGMENT4:\n    status = AdmissionDdiQuerySegment4(context, QueryAdapterInfo);\n    break;\n\n#if ADMISSION_GPUVA_G1B_PAGE_PROFILE != 0\n  case DXGKQAITYPE_QUERYPAGINGBUFFERINFO: {\n    const DXGK_QUERYPAGINGBUFFERINFOIN *input;\n    DXGK_QUERYPAGINGBUFFERINFOOUT *output;\n    if (QueryAdapterInfo->pInputData == NULL ||\n        QueryAdapterInfo->InputDataSize < sizeof(*input) ||\n        QueryAdapterInfo->pOutputData == NULL ||\n        QueryAdapterInfo->OutputDataSize < sizeof(*output)) {\n      status = STATUS_INVALID_PARAMETER;\n      break;\n    }\n    input = (const DXGK_QUERYPAGINGBUFFERINFOIN *)QueryAdapterInfo->pInputData;\n    output = (DXGK_QUERYPAGINGBUFFERINFOOUT *)QueryAdapterInfo->pOutputData;\n    if (input->PhysicalAdapterIndex != 0u ||\n        !AdmissionMemoryReady(&context->Memory)) {\n      status = STATUS_INVALID_PARAMETER;\n      break;\n    }\n    output->PagingBufferSize =\n        (UINT32)context->Memory.Topology.PagingBufferSize;\n    output->PagingBufferPrivateDataSize = PAGE_SIZE;\n    status = STATUS_SUCCESS;\n    break;\n  }\n  case DXGKQAITYPE_QUERYSEGMENTCOUNT: {\n    const DXGK_QUERYSEGMENTCOUNTIN *input;\n    DXGK_QUERYSEGMENTCOUNTOUT *output;\n    if (QueryAdapterInfo->pInputData == NULL ||\n        QueryAdapterInfo->InputDataSize < sizeof(*input) ||\n        QueryAdapterInfo->pOutputData == NULL ||\n        QueryAdapterInfo->OutputDataSize < sizeof(*output)) {\n      status = STATUS_INVALID_PARAMETER;\n      break;\n    }\n    input = (const DXGK_QUERYSEGMENTCOUNTIN *)QueryAdapterInfo->pInputData;\n    output = (DXGK_QUERYSEGMENTCOUNTOUT *)QueryAdapterInfo->pOutputData;\n    if (input->PhysicalAdapterIndex != 0u || input->Reserved != 0u ||\n        !AdmissionMemoryReady(&context->Memory)) {\n      status = STATUS_INVALID_PARAMETER;\n      break;\n    }\n    RtlZeroMemory(output, sizeof(*output));\n    output->SegmentCount = (UINT16)context->Memory.Topology.SegmentCount;\n    status = STATUS_SUCCESS;\n    break;\n  }\n  case DXGKQAITYPE_QUERYSEGMENT5:\n    status = AdmissionDdiQuerySegment5(context, QueryAdapterInfo);\n    break;\n  case DXGKQAITYPE_QUERYMMUCOUNT: {\n    const DXGK_QUERYMMUCOUNTIN *input;\n    DXGK_QUERYMMUCOUNTOUT *output;\n#if defined(APPLE_AGX_GPUVA_G3_QUALIFICATION)\n    APPLE_AGX_GPUVA_G3_ADMISSION_CONTRACT model =\n        AppleAgxGpuvaG3AdmissionContract(context->GpuvaG3State != NULL,\n                                         ADMISSION_GPUVA_G1B_PAGE_PROFILE);\n#endif\n    if (QueryAdapterInfo->pInputData == NULL ||\n        QueryAdapterInfo->InputDataSize < sizeof(*input) ||\n        QueryAdapterInfo->pOutputData == NULL ||\n        QueryAdapterInfo->OutputDataSize < sizeof(*output)) {\n      status = STATUS_INVALID_PARAMETER;\n      break;\n    }\n    input = (const DXGK_QUERYMMUCOUNTIN *)QueryAdapterInfo->pInputData;\n    output = (DXGK_QUERYMMUCOUNTOUT *)QueryAdapterInfo->pOutputData;\n    if (input->PhysicalAdapterIndex != 0u || input->Reserved != 0u) {\n      status = STATUS_INVALID_PARAMETER;\n      break;\n    }\n#if defined(APPLE_AGX_GPUVA_G3_QUALIFICATION)\n    if (!AppleAgxGpuvaG3AdmissionContractValid(&model, sizeof(DXGK_PTE)) ||\n        (model.Enabled && !AdmissionGpuvaG3DeclarationReady(context))) {\n      status = STATUS_INVALID_DEVICE_STATE;\n      break;\n    }\n#endif\n    RtlZeroMemory(output, sizeof(*output));\n#if defined(APPLE_AGX_GPUVA_G3_QUALIFICATION)\n    output->MmuCount = (UINT16)model.MmuCount;\n#else\n    output->MmuCount = 0u;\n#endif\n    status = STATUS_SUCCESS;\n    break;\n  }\n  case DXGKQAITYPE_QUERYMMUS: {\n    const DXGK_QUERYMMUSIN *input;\n    DXGK_QUERYMMUSOUT *output;\n#if defined(APPLE_AGX_GPUVA_G3_QUALIFICATION)\n    APPLE_AGX_GPUVA_G3_ADMISSION_CONTRACT model =\n        AppleAgxGpuvaG3AdmissionContract(context->GpuvaG3State != NULL,\n                                         ADMISSION_GPUVA_G1B_PAGE_PROFILE);\n#endif\n    if (QueryAdapterInfo->pInputData == NULL ||\n        QueryAdapterInfo->InputDataSize < sizeof(*input) ||\n        QueryAdapterInfo->pOutputData == NULL ||\n        QueryAdapterInfo->OutputDataSize < sizeof(*output)) {\n      status = STATUS_INVALID_PARAMETER;\n      break;\n    }\n    input = (const DXGK_QUERYMMUSIN *)QueryAdapterInfo->pInputData;\n    output = (DXGK_QUERYMMUSOUT *)QueryAdapterInfo->pOutputData;\n    if (input->PhysicalAdapterIndex != 0u) {\n      status = STATUS_INVALID_PARAMETER;\n      break;\n    }\n#if defined(APPLE_AGX_GPUVA_G3_QUALIFICATION)\n    if (!AppleAgxGpuvaG3AdmissionContractValid(&model, sizeof(DXGK_PTE)) ||\n        (model.Enabled && !AdmissionGpuvaG3DeclarationReady(context))) {\n      status = STATUS_INVALID_DEVICE_STATE;\n      break;\n    }\n    if (model.MmuCount != 0u && output->MmuDescriptors == NULL) {\n      status = STATUS_BUFFER_TOO_SMALL;\n      break;\n    }\n#endif\n    /* The caller owns MmuDescriptors; clearing the output would lose it. */\n    output->Reserved0 = 0u;\n    RtlZeroMemory(output->Reserved, sizeof(output->Reserved));\n#if defined(APPLE_AGX_GPUVA_G3_QUALIFICATION)\n    if (model.MmuCount != 0u) {\n      RtlZeroMemory(&output->MmuDescriptors[0], sizeof(DXGK_MMUDESCRIPTOR));\n      output->MmuDescriptors[0].Size = model.MmuSizeBytes;\n    }\n    output->DisplayMmuId = (UINT16)model.DisplayMmuId;\n#else\n    output->DisplayMmuId = DXGK_INVALID_MMU_ID;\n#endif\n    status = STATUS_SUCCESS;\n    break;\n  }\n#endif\n\n  case DXGKQAITYPE_PHYSICAL_MEMORY_CAPS: {\n    DXGK_PHYSICAL_MEMORY_CAPS *physicalMemoryCaps;\n    if (QueryAdapterInfo->pOutputData == NULL ||\n        QueryAdapterInfo->OutputDataSize < sizeof(*physicalMemoryCaps)) {\n      status = STATUS_BUFFER_TOO_SMALL;\n    } else {\n      physicalMemoryCaps =\n          (DXGK_PHYSICAL_MEMORY_CAPS *)QueryAdapterInfo->pOutputData;\n      RtlZeroMemory(physicalMemoryCaps, sizeof(*physicalMemoryCaps));\n      physicalMemoryCaps->HighestVisibleAddress.QuadPart = 0xFFFFFFFFFFLL;\n      status = STATUS_SUCCESS;\n    }\n    break;\n  }\n\n  case DXGKQAITYPE_IOMMU_CAPS: {\n    DXGK_IOMMU_CAPS *iommuCaps;\n    if (QueryAdapterInfo->pOutputData == NULL ||\n        QueryAdapterInfo->OutputDataSize < sizeof(*iommuCaps)) {\n      status = STATUS_BUFFER_TOO_SMALL;\n    } else {\n      iommuCaps = (DXGK_IOMMU_CAPS *)QueryAdapterInfo->pOutputData;\n      RtlZeroMemory(iommuCaps, sizeof(*iommuCaps));\n      iommuCaps->Value = 0;\n      status = STATUS_SUCCESS;\n    }\n    break;\n  }\n\n  case DXGKQAITYPE_64BITONLYCAPS: {\n    DXGK_64_BIT_ONLY_CAPS *only64Caps;\n    if (QueryAdapterInfo->pOutputData == NULL ||\n        QueryAdapterInfo->OutputDataSize < sizeof(*only64Caps)) {\n      status = STATUS_BUFFER_TOO_SMALL;\n    } else {\n      only64Caps = (DXGK_64_BIT_ONLY_CAPS *)QueryAdapterInfo->pOutputData;\n      RtlZeroMemory(only64Caps, sizeof(*only64Caps));\n      only64Caps->SupportsOnly64Bit = 1;\n      status = STATUS_SUCCESS;\n    }\n    break;\n  }\n\n  case DXGKQAITYPE_DISPLAY_DRIVERCAPS_EXTENSION: {\n    DXGK_DISPLAY_DRIVERCAPS_EXTENSION *displayCaps;\n    if (QueryAdapterInfo->pOutputData == NULL ||\n        QueryAdapterInfo->OutputDataSize < sizeof(*displayCaps)) {\n      status = STATUS_BUFFER_TOO_SMALL;\n    } else {\n      displayCaps = (DXGK_DISPLAY_DRIVERCAPS_EXTENSION *)\n          QueryAdapterInfo->pOutputData;\n      RtlZeroMemory(displayCaps, sizeof(*displayCaps));\n      status = STATUS_SUCCESS;\n    }\n    break;\n  }\n\n  default:\n    status = STATUS_NOT_SUPPORTED;\n    break;\n  }\n  AdmissionRecordQuery(context->PhysicalDeviceObject, QueryAdapterInfo->Type,\n                       QueryAdapterInfo->OutputDataSize, status,\n                       QueryAdapterInfo->pOutputData);\n#if defined(APPLE_AGX_GPUVA_G3_QUALIFICATION)\n  AdmissionRecordGpuvaG3Query(context->PhysicalDeviceObject,\n                              QueryAdapterInfo, status,\n                              context->GpuvaG3State == NULL ? 0u : 1u);\n#endif\n  return status;\n}\n\n_Use_decl_annotations_ NTSTATUS AdmissionDdiDispatchIoRequest(\n    PVOID MiniportDeviceContext, ULONG VidPnSourceId,\n    PVIDEO_REQUEST_PACKET VideoRequestPacket) {\n  UNREFERENCED_PARAMETER(MiniportDeviceContext);\n  UNREFERENCED_PARAMETER(VidPnSourceId);\n  UNREFERENCED_PARAMETER(VideoRequestPacket);\n  return STATUS_NOT_SUPPORTED;\n}\n\n_Use_decl_annotations_ NTSTATUS AdmissionDdiSetPowerState(\n    PVOID MiniportDeviceContext, ULONG DeviceUid,\n    DEVICE_POWER_STATE DevicePowerState, POWER_ACTION ActionType) {\n  UNREFERENCED_PARAMETER(MiniportDeviceContext);\n  UNREFERENCED_PARAMETER(DeviceUid);\n  UNREFERENCED_PARAMETER(DevicePowerState);\n  UNREFERENCED_PARAMETER(ActionType);\n  return STATUS_SUCCESS;\n}\n\nVOID AdmissionDdiResetDevice(PVOID MiniportDeviceContext) {\n  UNREFERENCED_PARAMETER(MiniportDeviceContext);\n}\n\nVOID AdmissionDdiUnload(VOID) {}\n'

======================================================================
FAIL: test_completion_is_dual_event_driven_and_exact_fence_only (test_apple_agx_render_platform.AppleAgxRenderPlatformTests.test_completion_is_dual_event_driven_and_exact_fence_only)
----------------------------------------------------------------------
Traceback (most recent call last):
  File "/Volumes/pwdev/public_windows/.worktrees/integration-ad04-windows-compiler/tests/test_apple_agx_render_platform.py", line 50, in test_completion_is_dual_event_driven_and_exact_fence_only
    self.assertIn("AppleAgxUatGpuSharedReadWrite", memory)
    ~~~~~~~~~~~~~^^^^^^^^^^^^^^^^^^^^^^^^^^^^^^^^^^^^^^^^^
AssertionError: 'AppleAgxUatGpuSharedReadWrite' not found in '#include "render_admission.h"\n\n#define ADMISSION_MEMORY_RUNTIME_TAG \'uRGA\'\n#define ADMISSION_LOCAL_GPU_VA 0x1500000000ULL\n#define ADMISSION_LOCAL_BYTES 0x40000000ULL\n#define ADMISSION_LOCAL_ALLOCATION_BYTES 0x3e800000ULL\n#define ADMISSION_PRIVATE_BYTES 0x01000000ULL\n#define ADMISSION_BACKEND_OFFSET 0x3f800000ULL\n#define ADMISSION_BACKEND_BYTES 0x00800000ULL\n#define ADMISSION_APERTURE_GPU_VA 0x1600000000ULL\n#define ADMISSION_APERTURE_BYTES 0x10000000ULL\n#define ADMISSION_UAT_PAGE_CAPACITY 64u\n#define ADMISSION_UAT_MAPPING_CAPACITY 8u\n#define ADMISSION_APERTURE_PAGE_COUNT \\\n  (ADMISSION_APERTURE_BYTES / PAGE_SIZE)\n\ntypedef struct _ADMISSION_UAT_WINDOWS_IO {\n  PDXGKRNL_INTERFACE Interface;\n  volatile unsigned char *MappedBase;\n  NTSTATUS LastStatus;\n} ADMISSION_UAT_WINDOWS_IO;\n\ntypedef struct _ADMISSION_MEMORY_RUNTIME {\n  ADMISSION_PHYSICAL_OWNER PhysicalOwner;\n  APPLE_AGX_MEMORY_IO MemoryIo;\n  APPLE_AGX_MEMORY_OBJECT LocalObject;\n  APPLE_AGX_RESIDENCY_CONTEXT Residency;\n  APPLE_AGX_MEMORY_OBJECT *UatObjects;\n  APPLE_AGX_UAT_PAGE *UatPages;\n  APPLE_AGX_UAT_MAPPING *UatMappings;\n  APPLE_AGX_SOFTWARE_APERTURE_ENTRY *ApertureEntries;\n  ADMISSION_UAT_WINDOWS_IO Publication;\n  APPLE_AGX_UAT_PUBLICATION_IO PublicationIo;\n  APPLE_AGX_UAT_PUBLICATION_STATE Published;\n  FAST_MUTEX PagingLock;\n  BOOLEAN PhysicalReady;\n  BOOLEAN LocalReady;\n  BOOLEAN ResidencyReady;\n  BOOLEAN MappingReady;\n  BOOLEAN PublicationReady;\n} ADMISSION_MEMORY_RUNTIME;\n\nstatic VOID AdmissionMemoryRecordStart(\n    _Inout_ ADMISSION_CONTEXT *Context,\n    _In_ ADMISSION_MEMORY_START_STAGE Stage, _In_ NTSTATUS Status) {\n  if (Context == NULL)\n    return;\n  InterlockedExchange(&Context->MemoryStartStage, (LONG)Stage);\n  InterlockedExchange(&Context->MemoryStartStatus, (LONG)Status);\n#if defined(APPLE_AGX_RENDER_MEMORY_QUALIFICATION)\n  if (Context->BrokerBase != NULL && Stage != AdmissionMemoryStartNone) {\n    volatile ULONGLONG *requestSequence =\n        (volatile ULONGLONG *)(Context->BrokerBase +\n            J313_AGX_G2_POWER_REG_REQUEST_SEQUENCE);\n    volatile ULONG *command =\n        (volatile ULONG *)(Context->BrokerBase +\n            J313_AGX_G2_POWER_REG_COMMAND);\n    ULONGLONG sequence = 0x409000000ULL + (ULONGLONG)Stage * 2ULL +\n                         (Status == STATUS_PENDING ? 0ULL : 1ULL);\n    WRITE_REGISTER_ULONG64(requestSequence, sequence);\n    KeMemoryBarrier();\n    WRITE_REGISTER_ULONG(command, J313_AGX_G2_POWER_CMD_QUERY);\n    KeMemoryBarrier();\n  }\n#endif\n}\n\nstatic unsigned char AdmissionMemoryAllocateContiguous(\n    void *Opaque, unsigned long long Bytes, void **CpuBase,\n    unsigned long long *DeviceBase, void **AllocationHandle) {\n  ADMISSION_MEMORY_RUNTIME *runtime = (ADMISSION_MEMORY_RUNTIME *)Opaque;\n  ADMISSION_PHYSICAL_ALLOCATION *allocation = NULL;\n  NTSTATUS status;\n  if (runtime == NULL || CpuBase == NULL || DeviceBase == NULL ||\n      AllocationHandle == NULL || Bytes == 0ULL || Bytes > MAXSIZE_T)\n    return 0u;\n  *CpuBase = NULL;\n  *DeviceBase = 0ULL;\n  *AllocationHandle = NULL;\n  status = AdmissionPhysicalAllocate(&runtime->PhysicalOwner, (SIZE_T)Bytes,\n                                     &allocation);\n  if (!NT_SUCCESS(status))\n    return 0u;\n  *CpuBase = allocation->CpuBase;\n  *DeviceBase = allocation->HostPhysicalBase;\n  *AllocationHandle = allocation;\n  return 1u;\n}\n\nstatic unsigned char AdmissionMemoryFreeContiguous(\n    void *Opaque, void *AllocationHandle) {\n  ADMISSION_MEMORY_RUNTIME *runtime = (ADMISSION_MEMORY_RUNTIME *)Opaque;\n  if (runtime == NULL || AllocationHandle == NULL)\n    return 0u;\n  return NT_SUCCESS(AdmissionPhysicalFree(\n             &runtime->PhysicalOwner,\n             (ADMISSION_PHYSICAL_ALLOCATION *)AllocationHandle))\n             ? 1u\n             : 0u;\n}\n\nstatic unsigned char AdmissionUatMap(\n    void *Opaque, unsigned long long PhysicalAddress, unsigned int Length,\n    volatile unsigned char **VirtualAddress) {\n  ADMISSION_UAT_WINDOWS_IO *io = (ADMISSION_UAT_WINDOWS_IO *)Opaque;\n  PHYSICAL_ADDRESS address;\n  PVOID mapped = NULL;\n  if (io == NULL || io->Interface == NULL ||\n      io->Interface->DeviceHandle == NULL ||\n      io->Interface->DxgkCbMapMemory == NULL || VirtualAddress == NULL ||\n      io->MappedBase != NULL ||\n      PhysicalAddress != J313_AGX_ABI_ADMISSION_GPU_BASE ||\n      Length != (unsigned int)J313_AGX_ABI_ADMISSION_GPU_SIZE)\n    return 0u;\n  address.QuadPart = (LONGLONG)PhysicalAddress;\n  io->LastStatus = io->Interface->DxgkCbMapMemory(\n      io->Interface->DeviceHandle, address, Length, FALSE, FALSE,\n      MmNonCached, &mapped);\n  if (!NT_SUCCESS(io->LastStatus) || mapped == NULL)\n    return 0u;\n  io->MappedBase = (volatile unsigned char *)mapped;\n  *VirtualAddress = io->MappedBase;\n  return 1u;\n}\n\nstatic void AdmissionUatBarrier(void *Opaque) {\n  UNREFERENCED_PARAMETER(Opaque);\n  KeMemoryBarrier();\n}\n\nstatic unsigned char AdmissionUatUnmap(\n    void *Opaque, volatile unsigned char *VirtualAddress) {\n  ADMISSION_UAT_WINDOWS_IO *io = (ADMISSION_UAT_WINDOWS_IO *)Opaque;\n  if (io == NULL || io->Interface == NULL ||\n      io->Interface->DeviceHandle == NULL ||\n      io->Interface->DxgkCbUnmapMemory == NULL || io->MappedBase == NULL ||\n      VirtualAddress != io->MappedBase)\n    return 0u;\n  io->LastStatus = io->Interface->DxgkCbUnmapMemory(\n      io->Interface->DeviceHandle, (PVOID)VirtualAddress);\n  if (!NT_SUCCESS(io->LastStatus))\n    return 0u;\n  io->MappedBase = NULL;\n  return 1u;\n}\n\nstatic BOOLEAN AdmissionGpuRegionAssigned(\n    _In_ const DXGK_DEVICE_INFO *DeviceInformation) {\n  PCM_RESOURCE_LIST resources;\n  ULONG fullIndex;\n  if (DeviceInformation == NULL)\n    return FALSE;\n  resources = DeviceInformation->TranslatedResourceList;\n  if (resources == NULL)\n    return FALSE;\n  for (fullIndex = 0u; fullIndex < resources->Count; ++fullIndex) {\n    PCM_FULL_RESOURCE_DESCRIPTOR full =\n        &resources->List[fullIndex];\n    ULONG partialIndex;\n    for (partialIndex = 0u;\n         partialIndex < full->PartialResourceList.Count; ++partialIndex) {\n      PCM_PARTIAL_RESOURCE_DESCRIPTOR descriptor =\n          &full->PartialResourceList.PartialDescriptors[partialIndex];\n      if (descriptor->Type == CmResourceTypeMemory &&\n          (ULONGLONG)descriptor->u.Memory.Start.QuadPart ==\n              J313_AGX_ABI_ADMISSION_GPU_BASE &&\n          descriptor->u.Memory.Length ==\n              (ULONG)J313_AGX_ABI_ADMISSION_GPU_SIZE)\n        return TRUE;\n    }\n  }\n  return FALSE;\n}\n\nstatic VOID AdmissionMemoryFreeInventories(\n    _Inout_ ADMISSION_MEMORY_RUNTIME *Runtime) {\n  if (Runtime->ApertureEntries != NULL)\n    ExFreePoolWithTag(Runtime->ApertureEntries,\n                      ADMISSION_MEMORY_RUNTIME_TAG);\n  if (Runtime->UatMappings != NULL)\n    ExFreePoolWithTag(Runtime->UatMappings, ADMISSION_MEMORY_RUNTIME_TAG);\n  if (Runtime->UatPages != NULL)\n    ExFreePoolWithTag(Runtime->UatPages, ADMISSION_MEMORY_RUNTIME_TAG);\n  if (Runtime->UatObjects != NULL)\n    ExFreePoolWithTag(Runtime->UatObjects, ADMISSION_MEMORY_RUNTIME_TAG);\n  Runtime->ApertureEntries = NULL;\n  Runtime->UatMappings = NULL;\n  Runtime->UatPages = NULL;\n  Runtime->UatObjects = NULL;\n}\n\nstatic NTSTATUS AdmissionMemoryRuntimeDestroy(\n    _Inout_ ADMISSION_MEMORY_RUNTIME *Runtime) {\n  APPLE_AGX_RESIDENCY_STATUS residencyStatus;\n  if (Runtime->PublicationReady) {\n    if (AppleAgxUatUnpublishJ313(\n            &Runtime->PublicationIo, &Runtime->Published) !=\n        AppleAgxUatPublicationResultOk)\n      return STATUS_DEVICE_BUSY;\n    Runtime->PublicationReady = FALSE;\n  }\n  if (Runtime->MappingReady) {\n    if (!AppleAgxResidencyUnmap64K(\n            &Runtime->LocalObject, &Runtime->Residency.Roots,\n            &Runtime->Residency.Allocator,\n            &Runtime->Residency.Inventory, &residencyStatus))\n      return STATUS_DEVICE_BUSY;\n    Runtime->MappingReady = FALSE;\n  }\n  if (Runtime->ResidencyReady) {\n    /* Fixed backend/shader aliases share this owner but are not part of the\n     * LocalObject mapping. Remove every remaining alias before table release. */\n    APPLE_AGX_UAT_INVENTORY *inventory = &Runtime->Residency.Inventory;\n    while (inventory->MappingCount != 0u) {\n      const APPLE_AGX_UAT_MAPPING *mapping =\n          &inventory->Mappings[inventory->MappingCount - 1u];\n      if (AppleAgxUatUnmap(mapping->Context, &Runtime->Residency.Roots,\n              mapping->VirtualAddress, mapping->Length,\n              &Runtime->Residency.Allocator, inventory) != AppleAgxUatResultOk)\n        return STATUS_DEVICE_BUSY;\n    }\n    if (!AppleAgxResidencyContextDestroy(&Runtime->Residency,\n                                         &residencyStatus))\n      return STATUS_DEVICE_BUSY;\n    Runtime->ResidencyReady = FALSE;\n  }\n  if (Runtime->LocalReady) {\n    if (AppleAgxMemoryRelease(&Runtime->MemoryIo,\n                              &Runtime->LocalObject) !=\n        AppleAgxMemoryResultOk)\n      return STATUS_DEVICE_BUSY;\n    Runtime->LocalReady = FALSE;\n  }\n  AdmissionMemoryFreeInventories(Runtime);\n  if (Runtime->PhysicalReady) {\n    NTSTATUS status =\n        AdmissionPhysicalOwnerDestroy(&Runtime->PhysicalOwner);\n    if (!NT_SUCCESS(status))\n      return status;\n    Runtime->PhysicalReady = FALSE;\n  }\n  return STATUS_SUCCESS;\n}\n\n_Use_decl_annotations_ NTSTATUS AdmissionMemoryRuntimeStart(\n    ADMISSION_CONTEXT *Context) {\n  ADMISSION_MEMORY_RUNTIME *runtime;\n  APPLE_AGX_RESIDENCY_STATUS residencyStatus;\n  APPLE_AGX_CONFIG_SNAPSHOT snapshot;\n  APPLE_AGX_UAT_TTBR_PAIR pair;\n  NTSTATUS status;\n  APPLE_AGX_MEMORY_RESULT memoryResult = AppleAgxMemoryResultOk;\n  ADMISSION_PHYSICAL_ALLOCATION *localBorrowed = NULL;\n  ULONGLONG requestedBytes = 0ULL;\n\n  AdmissionMemoryRecordStart(Context, AdmissionMemoryStartEntered,\n                             STATUS_PENDING);\n  if (Context == NULL || !Context->InterfaceValid ||\n      Context->MemoryRuntime != NULL ||\n      !AdmissionGpuRegionAssigned(&Context->DeviceInformation) ||\n      Context->Interface.DxgkCbMapMemory == NULL ||\n      Context->Interface.DxgkCbUnmapMemory == NULL) {\n    AdmissionMemoryRecordStart(Context, AdmissionMemoryStartEntered,\n                               STATUS_INVALID_DEVICE_STATE);\n    AdmissionRecordMemoryStartFailure(\n        Context, AdmissionMemoryStartEntered, STATUS_INVALID_DEVICE_STATE,\n        0ULL, 0u, 0, 0u, STATUS_SUCCESS, 0ULL);\n    return STATUS_INVALID_DEVICE_STATE;\n  }\n  AdmissionMemoryRecordStart(Context, AdmissionMemoryStartInventories,\n                             STATUS_PENDING);\n  runtime = ExAllocatePool2(POOL_FLAG_NON_PAGED, sizeof(*runtime),\n                            ADMISSION_MEMORY_RUNTIME_TAG);\n  if (runtime == NULL)\n  {\n    AdmissionMemoryRecordStart(Context, AdmissionMemoryStartInventories,\n                               STATUS_INSUFFICIENT_RESOURCES);\n    AdmissionRecordMemoryStartFailure(\n        Context, AdmissionMemoryStartInventories,\n        STATUS_INSUFFICIENT_RESOURCES, sizeof(*runtime), 0u, 0,\n        0u, STATUS_SUCCESS, 0ULL);\n    return STATUS_INSUFFICIENT_RESOURCES;\n  }\n  RtlZeroMemory(runtime, sizeof(*runtime));\n  ExInitializeFastMutex(&runtime->PagingLock);\n  Context->MemoryRuntime = runtime;\n\n  runtime->UatObjects = ExAllocatePool2(\n      POOL_FLAG_NON_PAGED,\n      sizeof(*runtime->UatObjects) * ADMISSION_UAT_PAGE_CAPACITY,\n      ADMISSION_MEMORY_RUNTIME_TAG);\n  runtime->UatPages = ExAllocatePool2(\n      POOL_FLAG_NON_PAGED,\n      sizeof(*runtime->UatPages) * ADMISSION_UAT_PAGE_CAPACITY,\n      ADMISSION_MEMORY_RUNTIME_TAG);\n  runtime->UatMappings = ExAllocatePool2(\n      POOL_FLAG_NON_PAGED,\n      sizeof(*runtime->UatMappings) * ADMISSION_UAT_MAPPING_CAPACITY,\n      ADMISSION_MEMORY_RUNTIME_TAG);\n  runtime->ApertureEntries = ExAllocatePool2(\n      POOL_FLAG_NON_PAGED,\n      sizeof(*runtime->ApertureEntries) * ADMISSION_APERTURE_PAGE_COUNT,\n      ADMISSION_MEMORY_RUNTIME_TAG);\n  if (runtime->UatObjects == NULL || runtime->UatPages == NULL ||\n      runtime->UatMappings == NULL || runtime->ApertureEntries == NULL) {\n    status = STATUS_INSUFFICIENT_RESOURCES;\n    goto Fail;\n  }\n  RtlZeroMemory(runtime->UatObjects,\n                sizeof(*runtime->UatObjects) * ADMISSION_UAT_PAGE_CAPACITY);\n  RtlZeroMemory(runtime->UatPages,\n                sizeof(*runtime->UatPages) * ADMISSION_UAT_PAGE_CAPACITY);\n  RtlZeroMemory(runtime->UatMappings,\n                sizeof(*runtime->UatMappings) *\n                    ADMISSION_UAT_MAPPING_CAPACITY);\n\n  AdmissionMemoryRecordStart(Context, AdmissionMemoryStartPhysicalOwner,\n                             STATUS_PENDING);\n  status = AdmissionPhysicalOwnerInitialize(\n      &Context->Interface, Context->PhysicalDeviceObject,\n      &runtime->PhysicalOwner);\n  if (!NT_SUCCESS(status))\n    goto Fail;\n  runtime->PhysicalReady = TRUE;\n  runtime->MemoryIo.Context = runtime;\n  runtime->MemoryIo.AllocateContiguous =\n      AdmissionMemoryAllocateContiguous;\n  runtime->MemoryIo.FreeContiguous = AdmissionMemoryFreeContiguous;\n\n  AdmissionMemoryRecordStart(Context, AdmissionMemoryStartLocalObject,\n                             STATUS_PENDING);\n  requestedBytes = ADMISSION_LOCAL_BYTES;\n  status = AdmissionPhysicalBorrowLocal(\n      &runtime->PhysicalOwner, &Context->DeviceInformation, &localBorrowed,\n      &Context->LocalReserveReceipt);\n  if (!NT_SUCCESS(status)) {\n    goto Fail;\n  }\n  runtime->LocalObject.AllocationCpuBase = localBorrowed->CpuBase;\n  runtime->LocalObject.CpuAddress = localBorrowed->CpuBase;\n  runtime->LocalObject.AllocationHandle = localBorrowed;\n  runtime->LocalObject.AllocationDeviceBase = localBorrowed->HostPhysicalBase;\n  runtime->LocalObject.DeviceAddress = localBorrowed->HostPhysicalBase;\n  runtime->LocalObject.AllocationLength = ADMISSION_LOCAL_BYTES;\n  runtime->LocalObject.Length = ADMISSION_LOCAL_BYTES;\n  runtime->LocalObject.State = AppleAgxMemoryCpuOwned;\n  runtime->LocalReady = TRUE;\n  /* Firmware reserves the pages but does not guarantee their contents.\n   * Clear the entire borrowed slab before any UAT or VidMm page-table use. */\n  if (runtime->LocalObject.CpuAddress == NULL ||\n      runtime->LocalObject.Length != ADMISSION_LOCAL_BYTES) {\n    status = STATUS_INVALID_DEVICE_STATE;\n    goto Fail;\n  }\n  RtlZeroMemory(runtime->LocalObject.CpuAddress, ADMISSION_LOCAL_BYTES);\n  memoryResult = AppleAgxMemoryMarkCpuWritten(&runtime->LocalObject);\n  if (memoryResult != AppleAgxMemoryResultOk) {\n    status = STATUS_INVALID_DEVICE_STATE;\n    goto Fail;\n  }\n  memoryResult = AppleAgxMemoryMarkPrepared(&runtime->LocalObject);\n  if (memoryResult != AppleAgxMemoryResultOk) {\n    status = STATUS_INVALID_DEVICE_STATE;\n    goto Fail;\n  }\n  status = AdmissionRecordLocalReserve(Context, localBorrowed);\n  if (!NT_SUCCESS(status))\n    goto Fail;\n  requestedBytes = 0ULL;\n  AdmissionMemoryRecordStart(Context, AdmissionMemoryStartResidency,\n                             STATUS_PENDING);\n  if (!AppleAgxResidencyContextCreate(\n          &runtime->Residency, ADMISSION_MEMORY_UAT_CONTEXT,\n          &runtime->MemoryIo, runtime->UatObjects,\n          ADMISSION_UAT_PAGE_CAPACITY, runtime->UatPages,\n          ADMISSION_UAT_PAGE_CAPACITY, runtime->UatMappings,\n          ADMISSION_UAT_MAPPING_CAPACITY, &residencyStatus)) {\n    status = STATUS_INSUFFICIENT_RESOURCES;\n    goto Fail;\n  }\n  runtime->ResidencyReady = TRUE;\n  AdmissionMemoryRecordStart(Context, AdmissionMemoryStartMapping,\n                             STATUS_PENDING);\n  if (!AppleAgxResidencyMap64K(\n          &runtime->LocalObject, ADMISSION_MEMORY_UAT_CONTEXT,\n          &runtime->Residency.Roots, ADMISSION_LOCAL_GPU_VA,\n          &runtime->Residency.Allocator, &runtime->Residency.Inventory,\n          &residencyStatus)) {\n    status = STATUS_INVALID_ADDRESS;\n    goto Fail;\n  }\n  /* Own the completed mapping immediately so failures in later alias setup\n   * still unmap the memory object before freeing its backing. */\n  runtime->MappingReady = TRUE;\n  {\n    static const ULONGLONG fixedGpuVa[\n        APPLE_AGX_RENDER_TEMPLATE_FIXED_INPUT_COUNT] = {\n        0x1100020000ULL, 0x1100010000ULL};\n    static const ULONG fixedBytes[\n        APPLE_AGX_RENDER_TEMPLATE_FIXED_INPUT_COUNT] = {\n        0x40000u, 0x4000u};\n    const APPLE_AGX_RENDER_TEMPLATE_OBJECT_LAYOUT *layouts =\n        AppleAgxRenderTemplateObjectLayouts();\n    ULONG fixedIndex;\n    if (layouts == NULL) {\n      status = STATUS_INVALID_IMAGE_FORMAT;\n      goto Fail;\n    }\n    for (fixedIndex = 0u;\n         fixedIndex < APPLE_AGX_RENDER_TEMPLATE_FIXED_INPUT_COUNT;\n         ++fixedIndex) {\n      const APPLE_AGX_RENDER_TEMPLATE_OBJECT_LAYOUT *fixedInput =\n          &layouts[APPLE_AGX_RENDER_TEMPLATE_FIXED_INPUT_FIRST_OBJECT +\n                   fixedIndex];\n      ULONGLONG fixedPhysical;\n      if (fixedInput->OriginalGpuVa != fixedGpuVa[fixedIndex] ||\n          fixedInput->Size != fixedBytes[fixedIndex] ||\n          fixedInput->ArenaOffset > ADMISSION_BACKEND_BYTES ||\n          fixedInput->Size >\n              ADMISSION_BACKEND_BYTES - fixedInput->ArenaOffset ||\n          runtime->LocalObject.DeviceAddress >\n              MAXULONGLONG - ADMISSION_BACKEND_OFFSET -\n                  fixedInput->ArenaOffset) {\n        status = STATUS_INVALID_IMAGE_FORMAT;\n        goto Fail;\n      }\n      fixedPhysical = runtime->LocalObject.DeviceAddress +\n                      ADMISSION_BACKEND_OFFSET +\n                      fixedInput->ArenaOffset;\n      if (AppleAgxUatMap(\n              ADMISSION_MEMORY_UAT_CONTEXT, &runtime->Residency.Roots,\n              fixedGpuVa[fixedIndex], fixedPhysical, fixedBytes[fixedIndex],\n              AppleAgxUatGpuPipelineShared, &runtime->Residency.Allocator,\n              &runtime->Residency.Inventory) != AppleAgxUatResultOk) {\n        status = STATUS_INVALID_ADDRESS;\n        goto Fail;\n      }\n    }\n    {\n      APPLE_AGX_U32 aliasCount = 0u;\n      const ADMISSION_DYNAMIC_OVERLAY_ALIAS *aliases =\n          AdmissionDynamicOverlayShaderAliases(&aliasCount);\n      ULONG aliasIndex;\n      if (aliases == NULL ||\n          aliasCount != ADMISSION_DYNAMIC_OVERLAY_SHADER_ALIAS_COUNT) {\n        status = STATUS_INVALID_IMAGE_FORMAT;\n        goto Fail;\n      }\n      for (aliasIndex = 0u; aliasIndex < aliasCount; ++aliasIndex) {\n        const ADMISSION_DYNAMIC_OVERLAY_ALIAS *alias = &aliases[aliasIndex];\n        const APPLE_AGX_RENDER_TEMPLATE_OBJECT_LAYOUT *fixedInput;\n        ULONGLONG aliasPhysical;\n        if (alias->ObjectIndex >= APPLE_AGX_RENDER_TEMPLATE_OBJECT_COUNT ||\n            alias->Reserved != 0u || alias->Bytes != 0x4000u ||\n            (alias->ObjectOffset & 0x3fffu) != 0u ||\n            (alias->GpuVirtualAddress & 0x3fffu) != 0u) {\n          status = STATUS_INVALID_IMAGE_FORMAT;\n          goto Fail;\n        }\n        fixedInput = &layouts[alias->ObjectIndex];\n        if (alias->ObjectOffset > fixedInput->Size ||\n            alias->Bytes > fixedInput->Size - alias->ObjectOffset ||\n            fixedInput->ArenaOffset > ADMISSION_BACKEND_BYTES ||\n            alias->ObjectOffset >\n                ADMISSION_BACKEND_BYTES - fixedInput->ArenaOffset ||\n            alias->Bytes > ADMISSION_BACKEND_BYTES -\n                               fixedInput->ArenaOffset -\n                               alias->ObjectOffset ||\n            runtime->LocalObject.DeviceAddress >\n                MAXULONGLONG - ADMISSION_BACKEND_OFFSET -\n                    fixedInput->ArenaOffset - alias->ObjectOffset) {\n          status = STATUS_INVALID_IMAGE_FORMAT;\n          goto Fail;\n        }\n        aliasPhysical = runtime->LocalObject.DeviceAddress +\n                        ADMISSION_BACKEND_OFFSET +\n                        fixedInput->ArenaOffset + alias->ObjectOffset;\n        if (AppleAgxUatMap(\n                ADMISSION_MEMORY_UAT_CONTEXT, &runtime->Residency.Roots,\n                alias->GpuVirtualAddress, aliasPhysical, alias->Bytes,\n                AppleAgxUatGpuPipelineShared,\n                &runtime->Residency.Allocator,\n                &runtime->Residency.Inventory) != AppleAgxUatResultOk) {\n          status = STATUS_INVALID_ADDRESS;\n          goto Fail;\n        }\n      }\n    }\n  }\n  AdmissionMemoryRecordStart(Context, AdmissionMemoryStartTtbr,\n                             STATUS_PENDING);\n  if (AppleAgxUatEncodeTtbrPair(\n          ADMISSION_MEMORY_UAT_CONTEXT, &runtime->Residency.Roots,\n          &pair) != AppleAgxUatResultOk) {\n    status = STATUS_INVALID_ADDRESS;\n    goto Fail;\n  }\n  runtime->Publication.Interface = &Context->Interface;\n  runtime->PublicationIo.Context = &runtime->Publication;\n  runtime->PublicationIo.Map = AdmissionUatMap;\n  runtime->PublicationIo.Barrier = AdmissionUatBarrier;\n  runtime->PublicationIo.Unmap = AdmissionUatUnmap;\n  RtlZeroMemory(&snapshot, sizeof(snapshot));\n  snapshot.GpuRegionBase = J313_AGX_ABI_ADMISSION_GPU_BASE;\n  AdmissionMemoryRecordStart(Context, AdmissionMemoryStartPublication,\n                             STATUS_PENDING);\n  if (AppleAgxUatPublishJ313Context(\n          &snapshot, ADMISSION_MEMORY_UAT_CONTEXT, &pair,\n          &runtime->PublicationIo, &runtime->Published) !=\n          AppleAgxUatPublicationResultOk ||\n      runtime->Published.Context != ADMISSION_MEMORY_UAT_CONTEXT ||\n      runtime->Published.PublishedTtbr0 != pair.Ttbr0 ||\n      runtime->Published.PublishedTtbr1 != pair.Ttbr1) {\n    status = STATUS_DEVICE_HARDWARE_ERROR;\n    goto Fail;\n  }\n  runtime->PublicationReady = TRUE;\n  AdmissionMemoryRecordStart(Context, AdmissionMemoryStartContract,\n                             STATUS_PENDING);\n  if (!AdmissionMemoryInitialize(\n          &Context->Memory, runtime->ApertureEntries,\n          (APPLE_AGX_U32)ADMISSION_APERTURE_PAGE_COUNT,\n          ADMISSION_APERTURE_GPU_VA, ADMISSION_APERTURE_BYTES,\n          ADMISSION_LOCAL_GPU_VA, ADMISSION_LOCAL_BYTES) ||\n      !AdmissionMemoryPartitionLocal(\n          &Context->Memory, ADMISSION_LOCAL_ALLOCATION_BYTES,\n          ADMISSION_PRIVATE_BYTES, ADMISSION_BACKEND_BYTES) ||\n      !AdmissionMemoryMarkUatReady(\n          &Context->Memory, ADMISSION_MEMORY_UAT_CONTEXT,\n          APPLE_AGX_UAT_PAGE_SIZE_16K, ADMISSION_LOCAL_GPU_VA,\n          ADMISSION_LOCAL_BYTES)) {\n    status = STATUS_INVALID_DEVICE_STATE;\n    goto Fail;\n  }\n  AdmissionMemoryRecordStart(Context, AdmissionMemoryStartComplete,\n                             STATUS_SUCCESS);\n  return STATUS_SUCCESS;\n\nFail:\n  AdmissionRecordMemoryStartFailure(\n      Context, (ULONG)Context->MemoryStartStage, status, requestedBytes,\n      (ULONG)memoryResult, runtime->PhysicalReady ?\n          runtime->PhysicalOwner.AllocationCount : 0,\n      runtime->PhysicalOwner.LastAllocateStep,\n      runtime->PhysicalOwner.LastAllocateStatus,\n      runtime->PhysicalOwner.LastAllocateBytes);\n  if (!NT_SUCCESS(AdmissionMemoryRuntimeDestroy(runtime))) {\n    AdmissionMemoryRecordStart(\n        Context, (ADMISSION_MEMORY_START_STAGE)Context->MemoryStartStage,\n        STATUS_DEVICE_BUSY);\n    return STATUS_DEVICE_BUSY;\n  }\n  ExFreePoolWithTag(runtime, ADMISSION_MEMORY_RUNTIME_TAG);\n  Context->MemoryRuntime = NULL;\n  RtlZeroMemory(&Context->Memory, sizeof(Context->Memory));\n  AdmissionMemoryRecordStart(\n      Context, (ADMISSION_MEMORY_START_STAGE)Context->MemoryStartStage,\n      status);\n  return status;\n}\n\nstatic ADMISSION_MEMORY_RUNTIME *AdmissionMemoryGetRuntime(\n    _In_ ADMISSION_CONTEXT *Context) {\n  ADMISSION_MEMORY_RUNTIME *runtime;\n  if (Context == NULL || Context->MemoryRuntime == NULL ||\n      Context->Memory.Initialized != APPLE_AGX_TRUE ||\n      Context->Memory.UatReady != APPLE_AGX_TRUE)\n    return NULL;\n  runtime = (ADMISSION_MEMORY_RUNTIME *)Context->MemoryRuntime;\n  return runtime->PhysicalReady && runtime->LocalReady &&\n                 runtime->ResidencyReady && runtime->MappingReady &&\n                 runtime->PublicationReady\n             ? runtime\n             : NULL;\n}\n\n/* Kernel-only view of the pool excluded from every ordinary segment view.\n * GPUVA is process-specific and is assigned only by the reservation callback. */\n_Use_decl_annotations_ NTSTATUS AdmissionMemoryRuntimePrivateView(\n    ADMISSION_CONTEXT *Context, ADMISSION_BACKEND_MEMORY_VIEW *View) {\n  ADMISSION_MEMORY_RUNTIME *runtime = AdmissionMemoryGetRuntime(Context);\n  ADMISSION_PHYSICAL_ALLOCATION *allocation;\n  ULONGLONG offset, bytes, allocation_offset;\n  if (View == NULL) return STATUS_INVALID_PARAMETER;\n  RtlZeroMemory(View, sizeof(*View));\n  if (runtime == NULL || runtime->LocalObject.AllocationHandle == NULL ||\n      runtime->LocalObject.CpuAddress == NULL ||\n      runtime->LocalObject.AllocationCpuBase == NULL)\n    return STATUS_INVALID_DEVICE_STATE;\n  offset = Context->Memory.PrivateOffset;\n  bytes = Context->Memory.PrivateBytes;\n  if (!bytes || offset != Context->Memory.LocalAllocationBytes ||\n      offset > runtime->LocalObject.Length ||\n      bytes > runtime->LocalObject.Length - offset ||\n      offset + bytes != Context->Memory.BackendOffset ||\n      runtime->LocalObject.DeviceAddress > MAXULONGLONG - offset ||\n      (PUCHAR)runtime->LocalObject.CpuAddress <\n          (PUCHAR)runtime->LocalObject.AllocationCpuBase)\n    return STATUS_INVALID_ADDRESS;\n  allocation = runtime->LocalObject.AllocationHandle;\n  allocation_offset = (ULONGLONG)((PUCHAR)runtime->LocalObject.CpuAddress -\n      (PUCHAR)runtime->LocalObject.AllocationCpuBase);\n  if (allocation_offset > allocation->Size ||\n      offset > allocation->Size - allocation_offset ||\n      bytes > allocation->Size - allocation_offset - offset ||\n      allocation->GuestIpaBase > MAXULONGLONG - allocation_offset - offset)\n    return STATUS_INVALID_ADDRESS;\n  View->CpuAddress = (PUCHAR)runtime->LocalObject.CpuAddress + offset;\n  View->GuestIpaAddress = allocation->GuestIpaBase + allocation_offset + offset;\n  View->HostPhysicalAddress = runtime->LocalObject.DeviceAddress + offset;\n  View->Bytes = bytes;\n  return STATUS_SUCCESS;\n}\n\n_Use_decl_annotations_ NTSTATUS AdmissionMemoryRuntimeBackendView(\n    ADMISSION_CONTEXT *Context,\n    ADMISSION_BACKEND_MEMORY_VIEW *View) {\n  ADMISSION_MEMORY_RUNTIME *runtime = AdmissionMemoryGetRuntime(Context);\n  ADMISSION_PHYSICAL_ALLOCATION *allocation;\n  ULONGLONG gpu_address = 0ULL;\n  ULONGLONG bytes = 0ULL;\n  ULONGLONG offset;\n\n  if (View == NULL)\n    return STATUS_INVALID_PARAMETER;\n  RtlZeroMemory(View, sizeof(*View));\n  if (runtime == NULL ||\n      !AdmissionMemoryBackendRange(\n          &Context->Memory, &gpu_address, &bytes))\n    return STATUS_INVALID_DEVICE_STATE;\n  offset = Context->Memory.BackendOffset;\n  if (runtime->LocalObject.CpuAddress == NULL ||\n      runtime->LocalObject.AllocationHandle == NULL ||\n      runtime->LocalObject.AllocationCpuBase == NULL ||\n      runtime->LocalObject.DeviceAddress == 0ULL ||\n      runtime->LocalObject.GpuVirtualAddress == 0ULL ||\n      offset > runtime->LocalObject.Length ||\n      bytes > runtime->LocalObject.Length - offset ||\n      runtime->LocalObject.DeviceAddress > MAXULONGLONG - offset ||\n      runtime->LocalObject.GpuVirtualAddress > MAXULONGLONG - offset ||\n      runtime->LocalObject.GpuVirtualAddress + offset != gpu_address)\n    return STATUS_INVALID_ADDRESS;\n  allocation = (ADMISSION_PHYSICAL_ALLOCATION *)\n      runtime->LocalObject.AllocationHandle;\n  if ((PUCHAR)runtime->LocalObject.CpuAddress <\n          (PUCHAR)runtime->LocalObject.AllocationCpuBase ||\n      allocation->GuestIpaBase > MAXULONGLONG -\n          ((ULONGLONG)((PUCHAR)runtime->LocalObject.CpuAddress -\n                       (PUCHAR)runtime->LocalObject.AllocationCpuBase) + offset))\n    return STATUS_INTEGER_OVERFLOW;\n  View->CpuAddress =\n      (PUCHAR)runtime->LocalObject.CpuAddress + offset;\n  View->GuestIpaAddress = allocation->GuestIpaBase +\n      (ULONGLONG)((PUCHAR)runtime->LocalObject.CpuAddress -\n                  (PUCHAR)runtime->LocalObject.AllocationCpuBase) + offset;\n  View->HostPhysicalAddress =\n      runtime->LocalObject.DeviceAddress + offset;\n  View->GpuVirtualAddress = gpu_address;\n  View->Bytes = bytes;\n  return STATUS_SUCCESS;\n}\n\n_Use_decl_annotations_ NTSTATUS AdmissionMemoryRuntimeResolveLocal(\n    ADMISSION_CONTEXT *Context,\n    ULONGLONG AllocationSegmentAddress,\n    ULONGLONG AllocationSize,\n    ULONGLONG AllocationOffset,\n    ADMISSION_LOCAL_MEMORY_VIEW *View) {\n  ADMISSION_MEMORY_RUNTIME *runtime = AdmissionMemoryGetRuntime(Context);\n\n  if (View == NULL)\n    return STATUS_INVALID_PARAMETER;\n  RtlZeroMemory(View, sizeof(*View));\n  if (runtime == NULL ||\n      !AdmissionMemoryResolveLocalView(\n          &Context->Memory, AllocationSegmentAddress, AllocationSize,\n          AllocationOffset, runtime->LocalObject.CpuAddress,\n          runtime->LocalObject.DeviceAddress, View))\n    return STATUS_INVALID_ADDRESS;\n  return STATUS_SUCCESS;\n}\n\n_Use_decl_annotations_ NTSTATUS AdmissionMemoryRuntimeReadResident(\n    ADMISSION_CONTEXT *Context, ULONG SegmentId,\n    ULONGLONG AllocationSegmentAddress, ULONGLONG AllocationSize,\n    ULONGLONG AllocationOffset, PVOID Destination, ULONG Bytes) {\n  ADMISSION_MEMORY_RUNTIME *runtime = AdmissionMemoryGetRuntime(Context);\n  NTSTATUS status = STATUS_SUCCESS;\n  ULONGLONG apertureOffset = 0ULL;\n  ULONGLONG copied = 0ULL;\n\n  if (runtime == NULL || Destination == NULL || Bytes == 0u ||\n      (SegmentId != ADMISSION_MEMORY_APERTURE_SEGMENT &&\n       SegmentId != ADMISSION_MEMORY_LOCAL_SEGMENT))\n    return STATUS_INVALID_PARAMETER;\n  if (KeGetCurrentIrql() != PASSIVE_LEVEL)\n    return STATUS_INVALID_DEVICE_STATE;\n  if (AllocationOffset > AllocationSize ||\n      Bytes > AllocationSize - AllocationOffset)\n    return STATUS_INVALID_ADDRESS;\n  if (SegmentId == ADMISSION_MEMORY_APERTURE_SEGMENT) {\n    if (AllocationSegmentAddress < Context->Memory.Topology.Aperture.Base)\n      return STATUS_INVALID_ADDRESS;\n    apertureOffset =\n        AllocationSegmentAddress - Context->Memory.Topology.Aperture.Base;\n    if (apertureOffset > Context->Memory.Topology.Aperture.Size ||\n        AllocationSize >\n            Context->Memory.Topology.Aperture.Size - apertureOffset)\n      return STATUS_INVALID_ADDRESS;\n  }\n\n  ExAcquireFastMutex(&runtime->PagingLock);\n  if (SegmentId == ADMISSION_MEMORY_LOCAL_SEGMENT) {\n    ADMISSION_LOCAL_MEMORY_VIEW view;\n    status = AdmissionMemoryRuntimeResolveLocal(\n        Context, AllocationSegmentAddress, AllocationSize,\n        AllocationOffset, &view);\n    if (NT_SUCCESS(status)) {\n      if (view.CpuAddress == NULL || Bytes > view.Bytes)\n        status = STATUS_INVALID_ADDRESS;\n      else\n        RtlCopyMemory(Destination, view.CpuAddress, Bytes);\n    }\n  } else {\n    while (copied < Bytes) {\n      ULONGLONG position = apertureOffset + AllocationOffset + copied;\n      ULONGLONG physical;\n      ULONG chunk;\n      SIZE_T actual = 0u;\n      MM_COPY_ADDRESS source;\n      if (AppleAgxSoftwareApertureResolve(\n              &Context->Memory.Aperture, position, &physical) !=\n          AppleAgxSoftwareApertureOk) {\n        status = STATUS_INVALID_ADDRESS;\n        break;\n      }\n      chunk = (ULONG)PAGE_SIZE - (ULONG)(position & (PAGE_SIZE - 1ULL));\n      if (chunk > Bytes - (ULONG)copied)\n        chunk = Bytes - (ULONG)copied;\n      source.PhysicalAddress.QuadPart = (LONGLONG)physical;\n      status = MmCopyMemory(\n          (PUCHAR)Destination + (SIZE_T)copied, source, chunk,\n          MM_COPY_MEMORY_PHYSICAL, &actual);\n      if (!NT_SUCCESS(status) || actual != chunk) {\n        if (NT_SUCCESS(status))\n          status = STATUS_PARTIAL_COPY;\n        break;\n      }\n      copied += chunk;\n    }\n  }\n  KeMemoryBarrier();\n  ExReleaseFastMutex(&runtime->PagingLock);\n  return status;\n}\n\n_Use_decl_annotations_ NTSTATUS AdmissionMemoryRuntimeBorrowIo(\n    ADMISSION_CONTEXT *Context, APPLE_AGX_MEMORY_IO *Io) {\n  ADMISSION_MEMORY_RUNTIME *runtime = AdmissionMemoryGetRuntime(Context);\n  if (Io == NULL)\n    return STATUS_INVALID_PARAMETER;\n  RtlZeroMemory(Io, sizeof(*Io));\n  if (runtime == NULL || runtime->MemoryIo.Context != runtime ||\n      runtime->MemoryIo.AllocateContiguous == NULL ||\n      runtime->MemoryIo.FreeContiguous == NULL)\n    return STATUS_INVALID_DEVICE_STATE;\n  *Io = runtime->MemoryIo;\n  return STATUS_SUCCESS;\n}\n\n_Use_decl_annotations_ BOOLEAN AdmissionMemoryRuntimeContextPublished(\n    ADMISSION_CONTEXT *Context) {\n  ADMISSION_MEMORY_RUNTIME *runtime = AdmissionMemoryGetRuntime(Context);\n  return runtime != NULL && runtime->PublicationReady &&\n                 runtime->Published.Active != 0u &&\n                 runtime->Published.Context == ADMISSION_MEMORY_UAT_CONTEXT &&\n                 runtime->Published.PublishedTtbr0 != 0ULL &&\n                 runtime->Published.PublishedTtbr1 != 0ULL\n             ? TRUE\n             : FALSE;\n}\n\n_Use_decl_annotations_ NTSTATUS AdmissionMemoryRuntimeLocalView(\n    ADMISSION_CONTEXT *Context, ADMISSION_SCANOUT_MEMORY_VIEW *View) {\n  ADMISSION_MEMORY_RUNTIME *runtime = AdmissionMemoryGetRuntime(Context);\n  ADMISSION_PHYSICAL_ALLOCATION *allocation;\n  ULONGLONG offset;\n  if (View == NULL)\n    return STATUS_INVALID_PARAMETER;\n  RtlZeroMemory(View, sizeof(*View));\n  if (runtime == NULL || runtime->LocalObject.AllocationHandle == NULL ||\n      runtime->LocalObject.CpuAddress == NULL ||\n      runtime->LocalObject.DeviceAddress == 0ULL ||\n      runtime->LocalObject.GpuVirtualAddress != ADMISSION_LOCAL_GPU_VA ||\n      Context->Memory.LocalAllocationBytes !=\n          ADMISSION_LOCAL_ALLOCATION_BYTES ||\n      runtime->LocalObject.AllocationCpuBase == NULL ||\n      runtime->LocalObject.Length < ADMISSION_LOCAL_BYTES ||\n      Context->Memory.BackendOffset !=\n          ADMISSION_LOCAL_ALLOCATION_BYTES + ADMISSION_PRIVATE_BYTES ||\n      Context->Memory.LocalAllocationBytes > Context->Memory.BackendOffset ||\n      Context->Memory.PrivateOffset != Context->Memory.LocalAllocationBytes ||\n      Context->Memory.PrivateBytes != Context->Memory.BackendOffset -\n                                          Context->Memory.LocalAllocationBytes)\n    return STATUS_INVALID_DEVICE_STATE;\n  allocation = (ADMISSION_PHYSICAL_ALLOCATION *)\n      runtime->LocalObject.AllocationHandle;\n  if (allocation->Size < ADMISSION_LOCAL_BYTES)\n    return STATUS_INVALID_DEVICE_STATE;\n  if (allocation->BorrowedFirmwareReserve) {\n    if (!AppleAgxLocalReserveMatchesResource(\n            &Context->LocalReserveReceipt, allocation->GuestIpaBase,\n            allocation->Size) ||\n        allocation->HostPhysicalBase != Context->LocalReserveReceipt.HostPa)\n      return STATUS_INVALID_DEVICE_STATE;\n  } else if (allocation->Adl == NULL ||\n             !allocation->Adl->Flags.Contiguous) {\n    return STATUS_INVALID_DEVICE_STATE;\n  }\n  if ((PUCHAR)runtime->LocalObject.CpuAddress <\n      (PUCHAR)runtime->LocalObject.AllocationCpuBase)\n    return STATUS_INVALID_ADDRESS;\n  offset = (ULONGLONG)((PUCHAR)runtime->LocalObject.CpuAddress -\n                       (PUCHAR)runtime->LocalObject.AllocationCpuBase);\n  if (offset > allocation->Size ||\n      ADMISSION_LOCAL_BYTES > allocation->Size - offset ||\n      allocation->GuestIpaBase > MAXULONGLONG - offset ||\n      allocation->HostPhysicalBase > MAXULONGLONG - offset ||\n      allocation->GuestIpaBase + offset >\n          MAXULONGLONG - ADMISSION_LOCAL_BYTES ||\n      allocation->HostPhysicalBase + offset >\n          MAXULONGLONG - ADMISSION_LOCAL_BYTES)\n    return STATUS_INTEGER_OVERFLOW;\n  if (runtime->LocalObject.DeviceAddress !=\n      allocation->HostPhysicalBase + offset)\n    return STATUS_INVALID_ADDRESS;\n  View->CpuAddress = runtime->LocalObject.CpuAddress;\n  View->GuestIpaAddress = allocation->GuestIpaBase + offset;\n  View->HostPhysicalAddress = runtime->LocalObject.DeviceAddress;\n  View->GpuVirtualAddress = runtime->LocalObject.GpuVirtualAddress;\n  View->Bytes = Context->Memory.LocalAllocationBytes;\n  View->PoolBytes = 0; /* This CPU-local view is not a DCP registration. */\n  return STATUS_SUCCESS;\n}\n\n_Use_decl_annotations_ NTSTATUS AdmissionMemoryRuntimeScanoutView(\n    ADMISSION_CONTEXT *Context, ADMISSION_SCANOUT_MEMORY_VIEW *View) {\n  NTSTATUS status = AdmissionMemoryRuntimeLocalView(Context, View);\n  if (!NT_SUCCESS(status)) return status;\n  if (View->Bytes < APPLE_AGX_SCANOUT_J313_POOL_SIZE) {\n    RtlZeroMemory(View, sizeof(*View));\n    return STATUS_INVALID_DEVICE_STATE;\n  }\n  /* R143 admission registers W=0 only. A high primary must fail before MMIO;\n   * relocation needs a separately proven quiesce/re-register lifecycle. */\n  View->Bytes = APPLE_AGX_SCANOUT_J313_POOL_SIZE;\n  View->PoolBytes = APPLE_AGX_SCANOUT_J313_POOL_SIZE;\n  return STATUS_SUCCESS;\n}\n\nstatic ULONGLONG AdmissionMemoryReadU64(\n    _In_reads_(8) volatile const unsigned char *Address) {\n  ULONGLONG value = 0ULL;\n  ULONG index;\n  for (index = 0u; index < 8u; ++index)\n    value |= (ULONGLONG)Address[index] << (index * 8u);\n  return value;\n}\n\n_Use_decl_annotations_ NTSTATUS AdmissionMemoryRuntimeQualify(\n    ADMISSION_CONTEXT *Context,\n    ADMISSION_MEMORY_QUALIFICATION *Qualification) {\n  ADMISSION_MEMORY_RUNTIME *runtime = AdmissionMemoryGetRuntime(Context);\n  ADMISSION_PHYSICAL_ALLOCATION *allocation;\n  APPLE_AGX_UAT_MAPPING *mapping;\n  volatile const unsigned char *pairBase;\n  ULONGLONG firstPhysical = 0ULL;\n  ULONGLONG lastPhysical = 0ULL;\n  ULONGLONG firstDescriptor = 0ULL;\n  ULONGLONG lastDescriptor = 0ULL;\n  ULONGLONG offset;\n\n  if (Qualification == NULL)\n    return STATUS_INVALID_PARAMETER;\n  RtlZeroMemory(Qualification, sizeof(*Qualification));\n  Qualification->Version = ADMISSION_MEMORY_QUALIFICATION_VERSION;\n  Qualification->Size = sizeof(*Qualification);\n  Qualification->QualificationStatus = STATUS_DEVICE_NOT_READY;\n  Qualification->CleanupStatus = STATUS_PENDING;\n  if (runtime == NULL || runtime->LocalObject.AllocationHandle == NULL ||\n      runtime->Residency.Inventory.MappingCount != 1u ||\n      runtime->Publication.MappedBase == NULL)\n    return STATUS_INVALID_DEVICE_STATE;\n  allocation = (ADMISSION_PHYSICAL_ALLOCATION *)\n      runtime->LocalObject.AllocationHandle;\n  mapping = &runtime->Residency.Inventory.Mappings[0];\n  if ((PUCHAR)runtime->LocalObject.CpuAddress <\n      (PUCHAR)runtime->LocalObject.AllocationCpuBase)\n    return STATUS_INVALID_ADDRESS;\n  offset = (ULONGLONG)((PUCHAR)runtime->LocalObject.CpuAddress -\n                       (PUCHAR)runtime->LocalObject.AllocationCpuBase);\n\n  Qualification->HvcReturnStatus =\n      runtime->PhysicalOwner.LastHvcReturnStatus;\n  Qualification->HvcPayloadStatus =\n      runtime->PhysicalOwner.LastHvcPayloadStatus;\n  Qualification->HvcInvocationCount =\n      runtime->PhysicalOwner.HvcInvocationCount;\n  Qualification->TranslatedPageCount =\n      runtime->PhysicalOwner.TranslatedPageCount;\n  Qualification->Context = runtime->Residency.Context;\n  Qualification->UatPageCount = runtime->Residency.Inventory.PageCount;\n  Qualification->UatMappingCount =\n      runtime->Residency.Inventory.MappingCount;\n  Qualification->StartStage = (ULONG)InterlockedCompareExchange(\n      &Context->MemoryStartStage, 0, 0);\n  Qualification->GuestIpaBase = allocation->GuestIpaBase + offset;\n  Qualification->HostPhysicalBase = runtime->LocalObject.DeviceAddress;\n  Qualification->LocalGpuVa = runtime->LocalObject.GpuVirtualAddress;\n  Qualification->LocalBytes = runtime->LocalObject.Length;\n  Qualification->Ttbr0 = runtime->Published.PublishedTtbr0;\n  Qualification->Ttbr1 = runtime->Published.PublishedTtbr1;\n\n  if (Qualification->HvcReturnStatus != HV_GUEST_IPA_PA_STATUS_SUCCESS ||\n      Qualification->HvcPayloadStatus != HV_GUEST_IPA_PA_STATUS_SUCCESS ||\n      Qualification->HvcInvocationCount == 0u ||\n      Qualification->TranslatedPageCount == 0u ||\n      Qualification->StartStage != AdmissionMemoryStartComplete ||\n      Qualification->Context != ADMISSION_MEMORY_UAT_CONTEXT ||\n      Qualification->GuestIpaBase == 0ULL ||\n      Qualification->HostPhysicalBase == 0ULL ||\n      Qualification->HostPhysicalBase >= ADMISSION_HVC_PHYSICAL_LIMIT ||\n      Qualification->LocalGpuVa != ADMISSION_LOCAL_GPU_VA ||\n      Qualification->LocalBytes != ADMISSION_LOCAL_BYTES ||\n      mapping->Context != ADMISSION_MEMORY_UAT_CONTEXT ||\n      mapping->VirtualAddress != ADMISSION_LOCAL_GPU_VA ||\n      mapping->PhysicalAddress != runtime->LocalObject.DeviceAddress ||\n      mapping->Length != ADMISSION_LOCAL_BYTES ||\n      mapping->PhysicalStride != APPLE_AGX_UAT_PAGE_SIZE_16K ||\n      runtime->Published.Context != ADMISSION_MEMORY_UAT_CONTEXT)\n    return STATUS_DEVICE_HARDWARE_ERROR;\n\n  pairBase = runtime->Publication.MappedBase +\n             (ULONGLONG)ADMISSION_MEMORY_UAT_CONTEXT * 16ULL;\n  KeMemoryBarrier();\n  if (AdmissionMemoryReadU64(pairBase) != Qualification->Ttbr0 ||\n      AdmissionMemoryReadU64(pairBase + 8u) != Qualification->Ttbr1)\n    return STATUS_DEVICE_HARDWARE_ERROR;\n  if (AppleAgxUatResolvePage(\n          ADMISSION_MEMORY_UAT_CONTEXT, &runtime->Residency.Roots,\n          ADMISSION_LOCAL_GPU_VA, &runtime->Residency.Inventory,\n          &firstPhysical, &firstDescriptor) != AppleAgxUatResultOk ||\n      AppleAgxUatResolvePage(\n          ADMISSION_MEMORY_UAT_CONTEXT, &runtime->Residency.Roots,\n          ADMISSION_LOCAL_GPU_VA + ADMISSION_LOCAL_BYTES -\n              APPLE_AGX_UAT_PAGE_SIZE_16K,\n          &runtime->Residency.Inventory, &lastPhysical,\n          &lastDescriptor) != AppleAgxUatResultOk ||\n      firstPhysical != runtime->LocalObject.DeviceAddress ||\n      lastPhysical != runtime->LocalObject.DeviceAddress +\n                          ADMISSION_LOCAL_BYTES -\n                          APPLE_AGX_UAT_PAGE_SIZE_16K)\n    return STATUS_DEVICE_HARDWARE_ERROR;\n  Qualification->FirstResolvedPhysical = firstPhysical;\n  Qualification->LastResolvedPhysical = lastPhysical;\n  Qualification->FirstLeafDescriptor = firstDescriptor;\n  Qualification->LastLeafDescriptor = lastDescriptor;\n  Qualification->QualificationStatus = STATUS_SUCCESS;\n  return STATUS_SUCCESS;\n}\n\n_Use_decl_annotations_ NTSTATUS AdmissionMemoryRuntimeMapAperture(\n    ADMISSION_CONTEXT *Context, ULONGLONG ApertureByteOffset, PMDL Mdl,\n    SIZE_T MdlPageOffset, UINT PageCount) {\n  ADMISSION_MEMORY_RUNTIME *runtime = AdmissionMemoryGetRuntime(Context);\n  PPFN_NUMBER pfns;\n  SIZE_T mdlPages;\n  ULONGLONG *pages;\n  SIZE_T bytes;\n  UINT index;\n  APPLE_AGX_SOFTWARE_APERTURE_RESULT result;\n  NTSTATUS status = STATUS_SUCCESS;\n\n  if (runtime == NULL || Mdl == NULL || PageCount == 0u ||\n      PageCount > Context->Memory.Aperture.PageCount ||\n      (SIZE_T)PageCount > MAXSIZE_T / sizeof(*pages))\n    return STATUS_INVALID_PARAMETER;\n  mdlPages = ADDRESS_AND_SIZE_TO_SPAN_PAGES(\n      MmGetMdlVirtualAddress(Mdl), MmGetMdlByteCount(Mdl));\n  if (MdlPageOffset > mdlPages || PageCount > mdlPages - MdlPageOffset)\n    return STATUS_INVALID_PARAMETER;\n  pfns = MmGetMdlPfnArray(Mdl);\n  if (pfns == NULL)\n    return STATUS_INVALID_PARAMETER;\n  bytes = (SIZE_T)PageCount * sizeof(*pages);\n  pages = ExAllocatePool2(POOL_FLAG_NON_PAGED, bytes,\n                          ADMISSION_MEMORY_RUNTIME_TAG);\n  if (pages == NULL)\n    return STATUS_INSUFFICIENT_RESOURCES;\n  for (index = 0u; index < PageCount; ++index) {\n    PFN_NUMBER pfn = pfns[MdlPageOffset + index];\n    if ((ULONGLONG)pfn > (MAXULONGLONG >> PAGE_SHIFT)) {\n      status = STATUS_INTEGER_OVERFLOW;\n      goto Done;\n    }\n    pages[index] = (ULONGLONG)pfn << PAGE_SHIFT;\n  }\n  ExAcquireFastMutex(&runtime->PagingLock);\n  result = AdmissionMemoryMapAperturePages(\n      &Context->Memory, ApertureByteOffset, pages, PageCount);\n  ExReleaseFastMutex(&runtime->PagingLock);\n  if (result != AppleAgxSoftwareApertureOk)\n    status = result == AppleAgxSoftwareApertureMisaligned\n                 ? STATUS_DATATYPE_MISALIGNMENT\n                 : result == AppleAgxSoftwareApertureOutOfRange\n                       ? STATUS_INVALID_ADDRESS\n                       : STATUS_INVALID_PARAMETER;\nDone:\n  RtlSecureZeroMemory(pages, bytes);\n  ExFreePoolWithTag(pages, ADMISSION_MEMORY_RUNTIME_TAG);\n  return status;\n}\n\n_Use_decl_annotations_ NTSTATUS AdmissionMemoryRuntimeUnmapAperture(\n    ADMISSION_CONTEXT *Context, ULONGLONG ApertureByteOffset,\n    UINT PageCount, ULONGLONG DummyPage) {\n  ADMISSION_MEMORY_RUNTIME *runtime = AdmissionMemoryGetRuntime(Context);\n  APPLE_AGX_SOFTWARE_APERTURE_RESULT result;\n  if (runtime == NULL)\n    return STATUS_INVALID_DEVICE_STATE;\n  ExAcquireFastMutex(&runtime->PagingLock);\n  result = AdmissionMemoryUnmapAperturePages(\n      &Context->Memory, ApertureByteOffset, PageCount, DummyPage);\n  ExReleaseFastMutex(&runtime->PagingLock);\n  if (result == AppleAgxSoftwareApertureOk ||\n      result == AppleAgxSoftwareApertureDummy)\n    return STATUS_SUCCESS;\n  return result == AppleAgxSoftwareApertureMisaligned\n             ? STATUS_DATATYPE_MISALIGNMENT\n             : result == AppleAgxSoftwareApertureOutOfRange\n                   ? STATUS_INVALID_ADDRESS\n                   : STATUS_INVALID_PARAMETER;\n}\n\n_Use_decl_annotations_ NTSTATUS AdmissionMemoryRuntimeExecutePaging(\n    ADMISSION_CONTEXT *Context, const ADMISSION_PAGING_RECORD *Record) {\n  ADMISSION_MEMORY_RUNTIME *runtime = AdmissionMemoryGetRuntime(Context);\n  PMDL mdl;\n  PVOID systemBase = NULL;\n  ULONGLONG systemBytes = 0ULL;\n  BOOLEAN createdMapping = FALSE;\n  APPLE_AGX_PHYSICAL_PAGING_RESULT result;\n  if (runtime == NULL || Record == NULL ||\n      Record->Header.Magic != ADMISSION_PAGING_MAGIC ||\n      Record->Header.Version != ADMISSION_PAGING_VERSION ||\n      Record->Header.RecordBytes != sizeof(*Record) ||\n      Record->Header.Reserved != 0u)\n    return STATUS_INVALID_PARAMETER;\n  mdl = (PMDL)Record->SystemMdl;\n  if (mdl != NULL) {\n    createdMapping =\n        (mdl->MdlFlags &\n         (MDL_MAPPED_TO_SYSTEM_VA | MDL_SOURCE_IS_NONPAGED_POOL)) == 0;\n    systemBase = MmGetSystemAddressForMdlSafe(\n        mdl, NormalPagePriority | MdlMappingNoExecute);\n    if (systemBase == NULL)\n      return STATUS_INSUFFICIENT_RESOURCES;\n    systemBytes = MmGetMdlByteCount(mdl);\n  }\n  ExAcquireFastMutex(&runtime->PagingLock);\n  result = AppleAgxPhysicalPagingExecute(\n      &Record->Plan, (unsigned char *)runtime->LocalObject.CpuAddress,\n      runtime->LocalObject.Length, (unsigned char *)systemBase, systemBytes);\n  KeMemoryBarrier();\n  ExReleaseFastMutex(&runtime->PagingLock);\n  if (createdMapping && systemBase != NULL)\n    MmUnmapLockedPages(systemBase, mdl);\n  if (result == AppleAgxPhysicalPagingOk)\n    return STATUS_SUCCESS;\n  if (result == AppleAgxPhysicalPagingOutOfRange)\n    return STATUS_INVALID_ADDRESS;\n  if (result == AppleAgxPhysicalPagingUnsupportedEndpoint)\n    return STATUS_NOT_SUPPORTED;\n  return STATUS_INVALID_PARAMETER;\n}\n\ntypedef struct _ADMISSION_PRESENT_MEMORY_IO {\n  ADMISSION_CONTEXT *Adapter;\n  ADMISSION_LOCAL_MEMORY_VIEW Source, Destination;\n  ULONGLONG ApertureOffset, SourceBytes;\n#if defined(APPLE_AGX_BLT_PROBE_QUALIFICATION)\n  ULONGLONG FirstSourceGuestIpa;\n#endif\n  UINT SourceSegment;\n  NTSTATUS Status;\n} ADMISSION_PRESENT_MEMORY_IO;\n\nstatic int AdmissionPresentReadMemory(void *Opaque, unsigned long long Offset,\n    void *Bytes, unsigned int ByteCount) {\n  ADMISSION_PRESENT_MEMORY_IO *io = Opaque;\n  ULONGLONG physical, position;\n  SIZE_T copied;\n  UINT chunk;\n  MM_COPY_ADDRESS source;\n  if (Offset > io->SourceBytes || ByteCount > io->SourceBytes - Offset)\n    return 0;\n  if (io->SourceSegment == 2u) {\n    RtlCopyMemory(Bytes, (PUCHAR)io->Source.CpuAddress + Offset, ByteCount);\n    return 1;\n  }\n  while (ByteCount != 0u) {\n    position = io->ApertureOffset + Offset;\n    if (AppleAgxSoftwareApertureResolve(&io->Adapter->Memory.Aperture,\n            position, &physical) != AppleAgxSoftwareApertureOk) {\n      io->Status = STATUS_INVALID_ADDRESS;\n      return 0;\n    }\n#if defined(APPLE_AGX_BLT_PROBE_QUALIFICATION)\n    if (io->FirstSourceGuestIpa == 0ULL)\n      io->FirstSourceGuestIpa = physical;\n#endif\n    chunk = (UINT)PAGE_SIZE - (UINT)(position & (PAGE_SIZE - 1ULL));\n    if (chunk > ByteCount)\n      chunk = ByteCount;\n    source.PhysicalAddress.QuadPart = (LONGLONG)physical;\n    copied = 0;\n    io->Status = MmCopyMemory(Bytes, source, chunk, MM_COPY_MEMORY_PHYSICAL, &copied);\n    if (!NT_SUCCESS(io->Status) || copied != chunk) {\n      if (NT_SUCCESS(io->Status))\n        io->Status = STATUS_PARTIAL_COPY;\n      return 0;\n    }\n    Offset += chunk;\n    Bytes = (PUCHAR)Bytes + chunk;\n    ByteCount -= chunk;\n  }\n  return 1;\n}\n\nstatic int AdmissionPresentWriteMemory(void *Opaque, unsigned long long Offset,\n    void *Bytes, unsigned int ByteCount) {\n  ADMISSION_PRESENT_MEMORY_IO *io = Opaque;\n  if (Offset > io->Destination.Bytes || ByteCount > io->Destination.Bytes - Offset)\n    return 0;\n  RtlCopyMemory((PUCHAR)io->Destination.CpuAddress + Offset, Bytes, ByteCount);\n  return 1;\n}\n\n_Use_decl_annotations_ NTSTATUS AdmissionMemoryRuntimeExecutePresent(\n    ADMISSION_CONTEXT *Context, const VOID *Command, UINT Bytes,\n    ULONGLONG *BytesCopied) {\n  ADMISSION_MEMORY_RUNTIME *runtime = AdmissionMemoryGetRuntime(Context);\n  ADMISSION_PRESENT_BLT_COMMAND command;\n  ADMISSION_PRESENT_MEMORY_IO io;\n  ULONGLONG sourceAddress, destinationAddress, sourceBacking, destinationBacking;\n  UINT destinationSegment, scratchBytes;\n  PVOID scratch;\n  NTSTATUS status;\n  int completed;\n#if defined(APPLE_AGX_BLT_PROBE_QUALIFICATION)\n  ADMISSION_BLT_EXECUTION probe;\n  ADMISSION_SCANOUT_MEMORY_VIEW scanout;\n#endif\n  if (runtime == NULL || BytesCopied == NULL || KeGetCurrentIrql() != PASSIVE_LEVEL ||\n      !AdmissionPresentBltValidate(Command, Bytes, 1, &command) ||\n      !AdmissionPresentBltScratchBytes(&command, &scratchBytes))\n    return STATUS_INVALID_PARAMETER;\n  *BytesCopied = 0;\n  RtlZeroMemory(&io, sizeof(io));\n  io.Adapter = Context;\n  io.Status = STATUS_SUCCESS;\n  io.SourceBytes = command.SourceDescription.Size;\n  if (!AdmissionPresentLocationDecode(command.SourceLocation, &io.SourceSegment, &sourceAddress) ||\n      !AdmissionPresentLocationDecode(command.DestinationLocation, &destinationSegment, &destinationAddress) ||\n      destinationSegment != 2u ||\n      !AdmissionAllocationAlign64K(command.SourceDescription.Size, &sourceBacking) ||\n      !AdmissionAllocationAlign64K(command.DestinationDescription.Size, &destinationBacking))\n    return STATUS_INVALID_ADDRESS;\n  status = AdmissionMemoryRuntimeResolveLocal(Context, destinationAddress,\n      destinationBacking, 0ULL, &io.Destination);\n  if (!NT_SUCCESS(status))\n    return status;\n  io.Destination.Bytes = command.DestinationDescription.Size;\n  if (io.SourceSegment == 2u) {\n    status = AdmissionMemoryRuntimeResolveLocal(Context, sourceAddress,\n        sourceBacking, 0ULL, &io.Source);\n    if (!NT_SUCCESS(status))\n      return status;\n  } else {\n    if (sourceAddress < Context->Memory.Topology.Aperture.Base)\n      return STATUS_INVALID_ADDRESS;\n    io.ApertureOffset = sourceAddress - Context->Memory.Topology.Aperture.Base;\n    if (io.ApertureOffset > Context->Memory.Topology.Aperture.Size ||\n        io.SourceBytes > Context->Memory.Topology.Aperture.Size - io.ApertureOffset)\n      return STATUS_INVALID_ADDRESS;\n  }\n  scratch = ExAllocatePool2(POOL_FLAG_NON_PAGED, scratchBytes, ADMISSION_MEMORY_RUNTIME_TAG);\n  if (scratch == NULL)\n    return STATUS_INSUFFICIENT_RESOURCES;\n  /* Map/unmap and the actual aperture reads share this existing owner lock.\n   * Windows PFNs are IPAs, not the host PA used by AGX/UAT. */\n  ExAcquireFastMutex(&runtime->PagingLock);\n  completed = AdmissionPresentBltExecute(Command, Bytes,\n      AdmissionPresentReadMemory, AdmissionPresentWriteMemory, &io,\n      scratch, scratchBytes, BytesCopied);\n  KeMemoryBarrier();\n  ExReleaseFastMutex(&runtime->PagingLock);\n  ExFreePoolWithTag(scratch, ADMISSION_MEMORY_RUNTIME_TAG);\n  status = completed ? STATUS_SUCCESS :\n      NT_SUCCESS(io.Status) ? STATUS_INVALID_PARAMETER : io.Status;\n#if defined(APPLE_AGX_BLT_PROBE_QUALIFICATION)\n  RtlZeroMemory(&probe, sizeof(probe));\n  probe.Status = (ULONG)status;\n  probe.SourceSegment = io.SourceSegment;\n  probe.DestinationSegment = destinationSegment;\n  probe.SourceAddress = sourceAddress;\n  probe.DestinationAddress = destinationAddress;\n  probe.BytesCopied = *BytesCopied;\n  probe.DestinationCpuAddress = (ULONGLONG)(ULONG_PTR)io.Destination.CpuAddress;\n  probe.DestinationHostPa = io.Destination.HostPhysicalAddress;\n  probe.DestinationLocalGpuVa = io.Destination.GpuVirtualAddress;\n  if (io.SourceSegment == 2u) {\n    probe.SourceCpuAddress = (ULONGLONG)(ULONG_PTR)io.Source.CpuAddress;\n    probe.SourceHostPa = io.Source.HostPhysicalAddress;\n    probe.SourceLocalGpuVa = io.Source.GpuVirtualAddress;\n  } else {\n    /* Software aperture resolves Windows physical addresses (guest IPAs).\n     * Their host PAs are not known to this CPU copy path. */\n    probe.SourceGuestIpa = io.FirstSourceGuestIpa;\n  }\n  if (NT_SUCCESS(AdmissionMemoryRuntimeLocalView(Context, &scanout))) {\n    if (destinationAddress >= Context->Memory.Topology.Local.Base)\n      probe.DestinationGuestIpa = scanout.GuestIpaAddress +\n          destinationAddress - Context->Memory.Topology.Local.Base;\n    if (io.SourceSegment == 2u &&\n        sourceAddress >= Context->Memory.Topology.Local.Base)\n      probe.SourceGuestIpa = scanout.GuestIpaAddress +\n          sourceAddress - Context->Memory.Topology.Local.Base;\n  }\n  /* This CPU copy has a memory barrier but no explicit clean to PoC. */\n  probe.CacheCleanPerformed = 0u;\n  AdmissionBltProbeRecordWindows(Context, &probe);\n#endif\n  return status;\n}\n\n_Use_decl_annotations_ NTSTATUS AdmissionMemoryRuntimeStop(\n    ADMISSION_CONTEXT *Context) {\n  ADMISSION_MEMORY_RUNTIME *runtime;\n  NTSTATUS status;\n  LONG before;\n  if (Context == NULL)\n    return STATUS_INVALID_PARAMETER;\n  runtime = (ADMISSION_MEMORY_RUNTIME *)Context->MemoryRuntime;\n  if (runtime == NULL)\n    return STATUS_SUCCESS;\n  before = runtime->PhysicalOwner.AllocationCount;\n  status = AdmissionMemoryRuntimeDestroy(runtime);\n  if (!NT_SUCCESS(status)) {\n    AdmissionRecordMemoryStop(\n        Context, status, before, runtime->PhysicalOwner.AllocationCount);\n    return status;\n  }\n  AdmissionRecordMemoryStop(Context, STATUS_SUCCESS, before, 0);\n  ExFreePoolWithTag(runtime, ADMISSION_MEMORY_RUNTIME_TAG);\n  Context->MemoryRuntime = NULL;\n  Context->ApertureEntries = NULL;\n  RtlZeroMemory(&Context->Memory, sizeof(Context->Memory));\n  return STATUS_SUCCESS;\n}\n'

======================================================================
FAIL: test_type1_writer_is_atomic_and_exact (test_apple_agx_render_type1_ready.AppleAgxRenderType1ReadyTests.test_type1_writer_is_atomic_and_exact)
----------------------------------------------------------------------
Traceback (most recent call last):
  File "/Volumes/pwdev/public_windows/.worktrees/integration-ad04-windows-compiler/tests/test_apple_agx_render_type1_ready.py", line 32, in test_type1_writer_is_atomic_and_exact
    self.assertIn("caps->WDDMVersion = DXGKDDI_WDDMv3_0", caps)
    ~~~~~~~~~~~~~^^^^^^^^^^^^^^^^^^^^^^^^^^^^^^^^^^^^^^^^^^^^^^
AssertionError: 'caps->WDDMVersion = DXGKDDI_WDDMv3_0' not found in 'case DXGKQAITYPE_DRIVERCAPS: {\n    DXGK_DRIVERCAPS *caps;\n    APPLE_AGX_WDDM_FEATURE_INPUT featureInput;\n    APPLE_AGX_WDDM_FEATURE_OUTPUT featureOutput;\n    APPLE_AGX_WDDM_FEATURE_CONTRACT_RESULT featureResult;\n    if (QueryAdapterInfo->pOutputData == NULL ||\n        QueryAdapterInfo->OutputDataSize < sizeof(*caps)) {\n      status = STATUS_BUFFER_TOO_SMALL;\n    } else {\n      caps = (DXGK_DRIVERCAPS *)QueryAdapterInfo->pOutputData;\n      RtlZeroMemory(caps, sizeof(*caps));\n      caps->HighestAcceptableAddress.QuadPart = -1;\n      /* WDK 26100: must match DXGK_WDDMDEVICECAPS.WDDMVersion. */\n      caps->WDDMVersion = ADMISSION_G1B_WDDM_VERSION;\n      RtlZeroMemory(&featureInput, sizeof(featureInput));\n      featureInput.Version = APPLE_AGX_WDDM_FEATURE_CONTRACT_VERSION;\n      featureInput.Size = sizeof(featureInput);\n      featureInput.WddmMajor = 3u;\n      featureInput.WddmMinor = 0u;\n      featureInput.NodeCount = 1u;\n      featureInput.ReadyMask = (ULONG)InterlockedCompareExchange(\n          &context->FeatureReadyMask, 0, 0);\n      featureResult = AppleAgxWddmFeatureContractEvaluate(\n          &featureInput, &featureOutput);\n      if (featureResult == AppleAgxWddmFeatureContractIncomplete &&\n          featureOutput.PublishCapsMask == 0u) {\n        status = STATUS_SUCCESS;\n      } else if (featureResult == AppleAgxWddmFeatureContractReady &&\n                 featureOutput.PublishCapsMask ==\n                     APPLE_AGX_WDDM_MANDATORY_CAPS_MASK) {\n        caps->MaxAllocationListSlotId =\n            ADMISSION_GDI_ALLOCATION_LIST_SIZE - 1u;\n        caps->MaxQueuedFlipOnVSync = 1u;\n        caps->GpuEngineTopology.NbAsymetricProcessingNodes = 1u;\n        caps->SchedulingCaps.MultiEngineAware = 1u;\n        caps->SchedulingCaps.PreemptionAware = 1u;\n        caps->PreemptionCaps.GraphicsPreemptionGranularity =\n            D3DKMDT_GRAPHICS_PREEMPTION_DMA_BUFFER_BOUNDARY;\n        caps->PreemptionCaps.ComputePreemptionGranularity =\n            D3DKMDT_COMPUTE_PREEMPTION_DMA_BUFFER_BOUNDARY;\n        caps->FlipCaps.FlipOnVSyncMmIo = 1u;\n        caps->FlipCaps.FlipIndependent = 1u;\n        caps->SupportNonVGA = TRUE;\n        /* WDDM 1.2+ full graphics requires this even when the only exposed\n         * path transform is the already-supported identity/Offset0 pair. */\n        caps->SupportSmoothRotation = TRUE;\n        caps->SupportPerEngineTDR = TRUE;\n        caps->SupportDirectFlip = TRUE;\n        caps->PresentationCaps.SupportKernelModeCommandBuffer = 1u;\n#if defined(APPLE_AGX_GPUVA_G3_QUALIFICATION)\n        if (context->GpuvaG3State != NULL) {\n          APPLE_AGX_GPUVA_G3_ADMISSION_CONTRACT model =\n              AppleAgxGpuvaG3AdmissionContract(\n                  1u, ADMISSION_GPUVA_G1B_PAGE_PROFILE);\n          if (!AdmissionGpuvaG3DeclarationReady(context)) {\n            status = STATUS_INVALID_DEVICE_STATE;\n            break;\n          }\n          caps->MemoryManagementCaps.VirtualAddressingSupported =\n              model.VirtualAddressingSupported;\n          caps->MemoryManagementCaps.GpuMmuSupported =\n              model.AdapterGpuMmuSupported;\n          caps->MemoryManagementCaps.PagingNode = model.PagingNode;\n          caps->GpuEngineTopology.NbAsymetricProcessingNodes = model.NodeCount;\n        }\n#endif\n        status = STATUS_SUCCESS;\n      } else {\n        status = STATUS_INVALID_DEVICE_STATE;\n      }\n    }\n    break;\n  }\n\n#if defined(APPLE_AGX_GPUVA_G3_QUALIFICATION)\n  case DXGKQAITYPE_GPUMMUCAPS: {\n    const DXGK_QUERYGPUMMUCAPSIN *input;\n    DXGK_GPUMMUCAPS *caps;\n    APPLE_AGX_GPUVA_G3_ADMISSION_CONTRACT declaration =\n        AppleAgxGpuvaG3AdmissionContract(1u, ADMISSION_GPUVA_G1B_PAGE_PROFILE);\n    unsigned int table64 = declaration.LocalUse64KBPages ||\n                           declaration.SysMem64KBPageSupported;\n    APPLE_AGX_GPUVA_G3_CAPS model = AppleAgxGpuvaG3Caps(table64);\n    if (!AdmissionGpuvaG3DeclarationReady(context)) {\n      status = STATUS_INVALID_DEVICE_STATE;\n    } else if (QueryAdapterInfo->pInputData == NULL ||\n        QueryAdapterInfo->InputDataSize < sizeof(*input) ||\n        QueryAdapterInfo->pOutputData == NULL ||\n        QueryAdapterInfo->OutputDataSize < sizeof(*caps)) {\n      status = STATUS_BUFFER_TOO_SMALL;\n    } else {\n      input = (const DXGK_QUERYGPUMMUCAPSIN *)QueryAdapterInfo->pInputData;\n      caps = (DXGK_GPUMMUCAPS *)QueryAdapterInfo->pOutputData;\n      if (input->PhysicalAdapterIndex != 0u ||\n          !AppleAgxGpuvaG3CapsValid(&model, sizeof(DXGK_PTE),\n                                   table64, 0u)) {\n        status = STATUS_INVALID_PARAMETER;\n      } else {\n        RtlZeroMemory(caps, sizeof(*caps));\n        caps->ReadOnlyMemorySupported = 1u;\n        caps->SysMem64KBPageSupported = declaration.SysMem64KBPageSupported;\n        caps->ExplicitPageTableInvalidation = 1u;\n        caps->PageTableUpdateRequireAddressSpaceIdle = 1u;\n        caps->PageTableUpdateMode = DXGK_PAGETABLEUPDATE_GPU_PHYSICAL;\n        caps->VirtualAddressBitCount = model.VirtualAddressBits;\n        caps->LeafPageTableSizeFor64KPagesInBytes = model.Leaf64KBytes;\n        caps->PageTableLevelCount = model.LevelCount;\n        status = STATUS_SUCCESS;\n      }\n    }\n    break;\n  }\n\n  case DXGKQAITYPE_PAGETABLELEVELDESC: {\n    const DXGK_QUERYPAGETABLELEVELDESCIN *input;\n    DXGK_PAGE_TABLE_LEVEL_DESC *level;\n    APPLE_AGX_GPUVA_G3_ADMISSION_CONTRACT declaration =\n        AppleAgxGpuvaG3AdmissionContract(1u, ADMISSION_GPUVA_G1B_PAGE_PROFILE);\n    unsigned int table64 = declaration.LocalUse64KBPages ||\n                           declaration.SysMem64KBPageSupported;\n    APPLE_AGX_GPUVA_G3_CAPS model = AppleAgxGpuvaG3Caps(table64);\n    if (!AdmissionGpuvaG3DeclarationReady(context)) {\n      status = STATUS_INVALID_DEVICE_STATE;\n    } else if (QueryAdapterInfo->pInputData == NULL ||\n        QueryAdapterInfo->InputDataSize < sizeof(*input) ||\n        QueryAdapterInfo->pOutputData == NULL ||\n        QueryAdapterInfo->OutputDataSize < sizeof(*level)) {\n      status = STATUS_BUFFER_TOO_SMALL;\n    } else {\n      input = (const DXGK_QUERYPAGETABLELEVELDESCIN *)\n          QueryAdapterInfo->pInputData;\n      level = (DXGK_PAGE_TABLE_LEVEL_DESC *)QueryAdapterInfo->pOutputData;\n      if (input->PhysicalAdapterIndex != 0u ||\n          input->LevelIndex >= model.LevelCount ||\n          !AppleAgxGpuvaG3CapsValid(&model, sizeof(DXGK_PTE),\n                                   table64, 0u)) {\n        status = STATUS_INVALID_PARAMETER;\n      } else {\n        RtlZeroMemory(level, sizeof(*level));\n        level->PageTableIndexBitCount =\n            model.Level[input->LevelIndex].IndexBits;\n        level->PageTableSegmentId = model.Level[input->LevelIndex].SegmentId;\n        level->PagingProcessPageTableSegmentId =\n            model.Level[input->LevelIndex].SegmentId;\n        level->PageTableSizeInBytes = model.Level[input->LevelIndex].SizeBytes;\n        level->PageTableAlignmentInBytes =\n            model.Level[input->LevelIndex].AlignmentBytes;\n        status = STATUS_SUCCESS;\n      }\n    }\n    break;\n  }\n#endif\n\n  '

======================================================================
FAIL: test_generated_m1n1_policy_header_is_exact_and_deterministic (test_j313_agx_g2_contract.J313AgxG2ContractTests.test_generated_m1n1_policy_header_is_exact_and_deterministic)
----------------------------------------------------------------------
Traceback (most recent call last):
  File "/Volumes/pwdev/public_windows/.worktrees/integration-ad04-windows-compiler/tests/test_j313_agx_g2_contract.py", line 218, in test_generated_m1n1_policy_header_is_exact_and_deterministic
    self.assertEqual(rendered, M1N1_HEADER.read_text())
    ~~~~~~~~~~~~~~~~^^^^^^^^^^^^^^^^^^^^^^^^^^^^^^^^^^^
AssertionError: '/* G[544 chars]X_G2_POWER_BROKER_BASE 0x300000000ULL\n#define[2017 chars]*/\n' != '/* G[544 chars]X_G2_HANDOFF_BASE 0x9fff70000ULL\n#define HV_A[2106 chars]*/\n'
Diff is 2763 characters long. Set self.maxDiff to None to see it.

======================================================================
FAIL: test_public_tooling_is_english_and_location_independent (test_repository_hygiene.RepositoryHygieneTests.test_public_tooling_is_english_and_location_independent)
----------------------------------------------------------------------
Traceback (most recent call last):
  File "/Volumes/pwdev/public_windows/.worktrees/integration-ad04-windows-compiler/tests/test_repository_hygiene.py", line 61, in test_public_tooling_is_english_and_location_independent
    self.assertEqual([], sorted(set(offenders)))
    ~~~~~~~~~~~~~~~~^^^^^^^^^^^^^^^^^^^^^^^^^^^^
AssertionError: Lists differ: [] != ['scripts/agent/run_math_control.py', 'scr[219 chars].sh']

Second list contains 7 additional elements.
First extra element 0:
'scripts/agent/run_math_control.py'

- []
+ ['scripts/agent/run_math_control.py',
+  'scripts/agent/tier_c_runner.py',
+  'scripts/build-gpuva-full-owner-m1n1.sh',
+  'scripts/g3-launchers/emergency.sh',
+  'scripts/g3-launchers/full-owner-r60.sh',
+  'scripts/g3-launchers/full-owner.sh',
+  'scripts/g3-launchers/ordinary.sh']

----------------------------------------------------------------------
Ran 1162 tests in 157.849s

FAILED (failures=15, errors=38, skipped=2)
{"harness":"PASS","checks":330,"shared_uat":true,"representable_16k_groups":"PASS","arbitrary_4k_groups":"COUNTEREXAMPLE","selected_segment_scatter":"UNREACHABLE_IN_GENERATOR","vidmm_segment_granularity_assumed":true,"wddm_input_domain_proven":false,"hardware":false}
