pid,ordinal_in_pid,enter_line,enter_tid,exit_line,exit_hr,draw_before_count,last_observed_non_open_line,last_observed_non_open_event,last_observed_non_open_hr,next_create_line,immediately_before_next,causal_gap
1228,1,9,2664,35,0x00000000,0,53,sampler-range,0x00000000,78,g4-open-adapter-exit,ordinary diagnostics capped; no device identity or timestamps
1236,1,12,1712,36,0x00000000,0,106,g4-native-map-va-cb,0x8000000a,222,g4-open-adapter-exit,ordinary diagnostics capped; no device identity or timestamps
1228,2,78,5860,96,0x00000000,1,213,g4-native-reserve-va-cb,0x00000000,338,g4-open-adapter-exit,ordinary diagnostics capped; no device identity or timestamps
1236,2,222,1400,235,0x00000000,0,288,g4-native-reserve-va-cb,0x00000000,,,ordinary diagnostics capped; no device identity or timestamps
5248,1,289,6032,302,0x00000000,1,1464,g4-native-reserve-va-cb,0x00000000,,,ordinary diagnostics capped; no device identity or timestamps
1228,3,338,4960,351,0x00000000,1,461,g4-native-reserve-va-cb,0x00000000,563,g4-open-adapter-exit,ordinary diagnostics capped; no device identity or timestamps
4524,1,466,5324,479,0x00000000,0,630,g4-native-allocate-cb,0x00000000,,,ordinary diagnostics capped; no device identity or timestamps
1228,4,563,3368,587,0x00000000,1,717,g4-native-reserve-va-cb,0x00000000,783,g4-open-adapter-exit,ordinary diagnostics capped; no device identity or timestamps
5600,1,722,5744,912,0x00000000,1,1568,g4-native-reserve-va-cb,0x00000000,,,ordinary diagnostics capped; no device identity or timestamps
1328,1,731,6248,744,0x00000000,1,1564,g4-native-reserve-va-cb,0x00000000,1701,g4-open-adapter-exit,ordinary diagnostics capped; no device identity or timestamps
1228,5,783,6344,796,0x00000000,1,906,g4-native-reserve-va-cb,0x00000000,948,g4-open-adapter-exit,ordinary diagnostics capped; no device identity or timestamps
1228,6,948,6636,961,0x00000000,1,1071,g4-native-reserve-va-cb,0x00000000,1076,g4-open-adapter-exit,ordinary diagnostics capped; no device identity or timestamps
1228,7,1076,7144,1089,0x00000000,1,1199,g4-native-reserve-va-cb,0x00000000,1216,g4-open-adapter-exit,ordinary diagnostics capped; no device identity or timestamps
1228,8,1216,6948,1246,0x00000000,1,1554,g4-native-reserve-va-cb,0x00000000,1573,g4-open-adapter-exit,ordinary diagnostics capped; no device identity or timestamps
1228,9,1573,7580,1586,0x00000000,1,1696,g4-native-reserve-va-cb,0x00000000,1829,g4-open-adapter-exit,ordinary diagnostics capped; no device identity or timestamps
1328,2,1701,8096,1714,0x00000000,1,1824,g4-native-reserve-va-cb,0x00000000,1957,g4-open-adapter-exit,ordinary diagnostics capped; no device identity or timestamps
1228,10,1829,5844,1842,0x00000000,1,1952,g4-native-reserve-va-cb,0x00000000,2213,g4-open-adapter-exit,ordinary diagnostics capped; no device identity or timestamps
1328,3,1957,8052,1970,0x00000000,1,2144,g4-native-reserve-va-cb,0x00000000,2341,g4-open-adapter-exit,ordinary diagnostics capped; no device identity or timestamps
7896,1,1994,7972,2019,0x00000000,1,2208,g4-native-reserve-va-cb,0x00000000,,,ordinary diagnostics capped; no device identity or timestamps
1228,11,2213,8196,2226,0x00000000,1,2336,g4-native-reserve-va-cb,0x00000000,2469,g4-open-adapter-exit,ordinary diagnostics capped; no device identity or timestamps
1328,4,2341,8532,2354,0x00000000,1,2464,g4-native-reserve-va-cb,0x00000000,2597,g4-open-adapter-exit,ordinary diagnostics capped; no device identity or timestamps
1228,12,2469,8544,2482,0x00000000,1,2592,g4-native-reserve-va-cb,0x00000000,2725,g4-open-adapter-exit,ordinary diagnostics capped; no device identity or timestamps
1328,5,2597,8556,2610,0x00000000,1,2720,g4-native-reserve-va-cb,0x00000000,2853,g4-open-adapter-exit,ordinary diagnostics capped; no device identity or timestamps
1228,13,2725,8776,2738,0x00000000,1,2848,g4-native-reserve-va-cb,0x00000000,2981,g4-open-adapter-exit,ordinary diagnostics capped; no device identity or timestamps
1328,6,2853,8824,2866,0x00000000,1,2976,g4-native-reserve-va-cb,0x00000000,3109,g4-open-adapter-exit,ordinary diagnostics capped; no device identity or timestamps
1228,14,2981,8892,2994,0x00000000,1,3104,g4-native-reserve-va-cb,0x00000000,3237,g4-open-adapter-exit,ordinary diagnostics capped; no device identity or timestamps
1328,7,3109,8548,3122,0x00000000,1,3232,g4-native-reserve-va-cb,0x00000000,3365,g4-open-adapter-exit,ordinary diagnostics capped; no device identity or timestamps
1228,15,3237,6776,3250,0x00000000,1,3360,g4-native-reserve-va-cb,0x00000000,3493,g4-open-adapter-exit,ordinary diagnostics capped; no device identity or timestamps
1328,8,3365,6752,3378,0x00000000,1,3488,g4-native-reserve-va-cb,0x00000000,3621,g4-open-adapter-exit,ordinary diagnostics capped; no device identity or timestamps
1228,16,3493,8704,3506,0x00000000,1,3616,g4-native-reserve-va-cb,0x00000000,3749,g4-open-adapter-exit,ordinary diagnostics capped; no device identity or timestamps
1328,9,3621,5588,3634,0x00000000,1,3744,g4-native-reserve-va-cb,0x00000000,3877,g4-open-adapter-exit,ordinary diagnostics capped; no device identity or timestamps
1228,17,3749,888,3762,0x00000000,1,3872,g4-native-reserve-va-cb,0x00000000,4005,g4-open-adapter-exit,ordinary diagnostics capped; no device identity or timestamps
1328,10,3877,1480,3890,0x00000000,1,4000,g4-native-reserve-va-cb,0x00000000,4133,g4-open-adapter-exit,ordinary diagnostics capped; no device identity or timestamps
1228,18,4005,2364,4018,0x00000000,1,4128,g4-native-reserve-va-cb,0x00000000,4261,g4-open-adapter-exit,ordinary diagnostics capped; no device identity or timestamps
1328,11,4133,3536,4146,0x00000000,1,4256,g4-native-reserve-va-cb,0x00000000,4389,g4-open-adapter-exit,ordinary diagnostics capped; no device identity or timestamps
1228,19,4261,3524,4274,0x00000000,1,4384,g4-native-reserve-va-cb,0x00000000,4517,g4-open-adapter-exit,ordinary diagnostics capped; no device identity or timestamps
1328,12,4389,6600,4402,0x00000000,1,4512,g4-native-reserve-va-cb,0x00000000,4645,g4-open-adapter-exit,ordinary diagnostics capped; no device identity or timestamps
1228,20,4517,5792,4530,0x00000000,1,4640,g4-native-reserve-va-cb,0x00000000,4773,g4-open-adapter-exit,ordinary diagnostics capped; no device identity or timestamps
1328,13,4645,9064,4658,0x00000000,1,4768,g4-native-reserve-va-cb,0x00000000,4901,g4-open-adapter-exit,ordinary diagnostics capped; no device identity or timestamps
1228,21,4773,9056,4786,0x00000000,1,4896,g4-native-reserve-va-cb,0x00000000,5025,g4-open-adapter-exit,ordinary diagnostics capped; no device identity or timestamps
1328,14,4901,7468,4914,0x00000000,1,5031,g4-native-reserve-va-cb,0x00000000,5157,g4-open-adapter-exit,ordinary diagnostics capped; no device identity or timestamps
1228,22,5025,5336,5042,0x00000000,1,5152,g4-native-reserve-va-cb,0x00000000,5169,g4-open-adapter-exit,ordinary diagnostics capped; no device identity or timestamps
1328,15,5157,8072,5182,0x00000000,1,5401,g4-native-reserve-va-cb,0x00000000,5413,g4-open-adapter-exit,ordinary diagnostics capped; no device identity or timestamps
1228,23,5169,3912,5194,0x00000000,1,5408,g4-native-reserve-va-cb,0x00000000,5425,g4-open-adapter-exit,ordinary diagnostics capped; no device identity or timestamps
1328,16,5413,8496,5438,0x00000000,1,5657,g4-native-reserve-va-cb,0x00000000,5675,g4-open-adapter-exit,ordinary diagnostics capped; no device identity or timestamps
1228,24,5425,6292,5454,0x00000000,1,5664,g4-native-reserve-va-cb,0x00000000,5673,g4-open-adapter-exit,ordinary diagnostics capped; no device identity or timestamps
1228,25,5673,8844,5699,0x00000000,1,5916,g4-native-reserve-va-cb,0x00000000,5925,g4-open-adapter-exit,ordinary diagnostics capped; no device identity or timestamps
1328,17,5675,8828,5703,0x00000000,1,5920,g4-native-reserve-va-cb,0x00000000,5937,g4-open-adapter-exit,ordinary diagnostics capped; no device identity or timestamps
1228,26,5925,7840,5950,0x00000000,1,6169,g4-native-reserve-va-cb,0x00000000,6181,g4-open-adapter-exit,ordinary diagnostics capped; no device identity or timestamps
1328,18,5937,604,5967,0x00000000,1,6176,g4-native-reserve-va-cb,0x00000000,6198,g4-open-adapter-exit,ordinary diagnostics capped; no device identity or timestamps
1228,27,6181,676,6201,0x00000000,1,6384,g4-native-reserve-va-cb,0x00000000,6437,g4-open-adapter-exit,ordinary diagnostics capped; no device identity or timestamps
1328,19,6198,1156,6227,0x00000000,1,6432,g4-native-reserve-va-cb,0x00000000,6474,g4-open-adapter-exit,ordinary diagnostics capped; no device identity or timestamps
1228,28,6437,3708,6450,0x00000000,1,6626,g4-native-reserve-va-cb,0x00000000,6693,g4-open-adapter-exit,ordinary diagnostics capped; no device identity or timestamps
1328,20,6474,3748,6500,0x00000000,1,6688,g4-native-reserve-va-cb,0x00000000,6768,g4-open-adapter-exit,ordinary diagnostics capped; no device identity or timestamps
1228,29,6693,3904,6706,0x00000000,1,6845,g4-native-reserve-va-cb,0x00000000,6949,g4-open-adapter-exit,ordinary diagnostics capped; no device identity or timestamps
1328,21,6768,3908,6827,0x00000000,1,6944,g4-native-reserve-va-cb,0x00000000,7077,g4-open-adapter-exit,ordinary diagnostics capped; no device identity or timestamps
1228,30,6949,4048,6962,0x00000000,1,7072,g4-native-reserve-va-cb,0x00000000,7205,g4-open-adapter-exit,ordinary diagnostics capped; no device identity or timestamps
1328,22,7077,4072,7090,0x00000000,1,7200,g4-native-reserve-va-cb,0x00000000,7254,g4-open-adapter-exit,ordinary diagnostics capped; no device identity or timestamps
1228,31,7205,4412,7218,0x00000000,1,7381,g4-native-reserve-va-cb,0x00000000,7461,g4-open-adapter-exit,ordinary diagnostics capped; no device identity or timestamps
1328,23,7254,4516,7280,0x00000000,1,7456,g4-native-reserve-va-cb,0x00000000,7510,g4-open-adapter-exit,ordinary diagnostics capped; no device identity or timestamps
1228,32,7461,7444,7474,0x00000000,1,7641,g4-native-reserve-va-cb,0x00000000,7717,g4-open-adapter-exit,ordinary diagnostics capped; no device identity or timestamps
1328,24,7510,1372,7536,0x00000000,1,7712,g4-native-reserve-va-cb,0x00000000,7774,g4-open-adapter-exit,ordinary diagnostics capped; no device identity or timestamps
1228,33,7717,8704,7730,0x00000000,1,7885,g4-native-reserve-va-cb,0x00000000,7973,g4-open-adapter-exit,ordinary diagnostics capped; no device identity or timestamps
1328,25,7774,8684,7805,0x00000000,1,7968,g4-native-reserve-va-cb,0x00000000,8069,g4-open-adapter-exit,ordinary diagnostics capped; no device identity or timestamps
1228,34,7973,3976,7986,0x00000000,1,8117,g4-native-reserve-va-cb,0x00000000,8229,g4-open-adapter-exit,ordinary diagnostics capped; no device identity or timestamps
1328,26,8069,7644,8110,0x00000000,1,8224,g4-native-reserve-va-cb,0x00000000,8346,g4-open-adapter-exit,ordinary diagnostics capped; no device identity or timestamps
1228,35,8229,7192,8242,0x00000000,1,8370,g4-native-reserve-va-cb,0x00000000,8485,g4-open-adapter-exit,ordinary diagnostics capped; no device identity or timestamps
1328,27,8346,3648,8368,0x00000000,1,8480,g4-native-reserve-va-cb,0x00000000,8538,g4-open-adapter-exit,ordinary diagnostics capped; no device identity or timestamps
1228,36,8485,7204,8498,0x00000000,1,8657,g4-native-reserve-va-cb,0x00000000,8741,g4-open-adapter-exit,ordinary diagnostics capped; no device identity or timestamps
1328,28,8538,6736,8564,0x00000000,1,8736,g4-native-reserve-va-cb,0x00000000,8859,g4-open-adapter-exit,ordinary diagnostics capped; no device identity or timestamps
1228,37,8741,7880,8754,0x00000000,1,8881,g4-native-reserve-va-cb,0x00000000,8997,g4-open-adapter-exit,ordinary diagnostics capped; no device identity or timestamps
1328,29,8859,7960,8882,0x00000000,1,8992,g4-native-reserve-va-cb,0x00000000,9011,g4-open-adapter-exit,ordinary diagnostics capped; no device identity or timestamps
1228,38,8997,1396,9017,0x00000000,1,9215,g4-native-reserve-va-cb,0x00000000,9253,g4-open-adapter-exit,ordinary diagnostics capped; no device identity or timestamps
1328,30,9011,2364,9043,0x00000000,1,9248,g4-native-reserve-va-cb,0x00000000,9260,g4-open-adapter-exit,ordinary diagnostics capped; no device identity or timestamps
1228,39,9253,8656,9283,0x00000000,1,9500,g4-native-reserve-va-cb,0x00000000,9513,g4-open-adapter-exit,ordinary diagnostics capped; no device identity or timestamps
1328,31,9260,8672,9287,0x00000000,1,9504,g4-native-reserve-va-cb,0x00000000,9514,g4-open-adapter-exit,ordinary diagnostics capped; no device identity or timestamps
1228,40,9513,7076,9539,0x00000000,1,9756,g4-native-reserve-va-cb,0x00000000,9767,g4-open-adapter-exit,ordinary diagnostics capped; no device identity or timestamps
1328,32,9514,6780,9543,0x00000000,1,9760,g4-native-reserve-va-cb,0x00000000,9772,g4-open-adapter-exit,ordinary diagnostics capped; no device identity or timestamps
1228,41,9767,7180,9795,0x00000000,1,10012,g4-native-reserve-va-cb,0x00000000,10021,g4-open-adapter-exit,ordinary diagnostics capped; no device identity or timestamps
1328,33,9772,6208,9799,0x00000000,1,10016,g4-native-reserve-va-cb,0x00000000,10042,g4-open-adapter-exit,ordinary diagnostics capped; no device identity or timestamps
1228,42,10021,6384,10034,0x00000000,1,10224,g4-native-reserve-va-cb,0x00000000,10277,g4-open-adapter-exit,ordinary diagnostics capped; no device identity or timestamps
1328,34,10042,7652,10071,0x00000000,1,10272,g4-native-reserve-va-cb,0x00000000,10294,g4-open-adapter-exit,ordinary diagnostics capped; no device identity or timestamps
1228,43,10277,2724,10297,0x00000000,1,10480,g4-native-reserve-va-cb,0x00000000,10533,g4-open-adapter-exit,ordinary diagnostics capped; no device identity or timestamps
1328,35,10294,4824,10323,0x00000000,1,10528,g4-native-reserve-va-cb,0x00000000,10547,g4-open-adapter-exit,ordinary diagnostics capped; no device identity or timestamps
1228,44,10533,8612,10553,0x00000000,1,10774,g4-native-reserve-va-cb,0x00000000,10789,g4-open-adapter-exit,ordinary diagnostics capped; no device identity or timestamps
1328,36,10547,8700,10579,0x00000000,1,10784,g4-native-reserve-va-cb,0x00000000,10806,g4-open-adapter-exit,ordinary diagnostics capped; no device identity or timestamps
1228,45,10789,9028,10809,0x00000000,1,11030,g4-native-reserve-va-cb,0x00000000,11045,g4-open-adapter-exit,ordinary diagnostics capped; no device identity or timestamps
1328,37,10806,8952,10835,0x00000000,1,11040,g4-native-reserve-va-cb,0x00000000,11062,g4-open-adapter-exit,ordinary diagnostics capped; no device identity or timestamps
1228,46,11045,2560,11065,0x00000000,1,11286,g4-native-reserve-va-cb,0x00000000,11301,g4-open-adapter-exit,ordinary diagnostics capped; no device identity or timestamps
1328,38,11062,2368,11091,0x00000000,1,11296,g4-native-reserve-va-cb,0x00000000,11343,g4-open-adapter-exit,ordinary diagnostics capped; no device identity or timestamps
1228,47,11301,3280,11314,0x00000000,1,11481,g4-native-reserve-va-cb,0x00000000,11557,g4-open-adapter-exit,ordinary diagnostics capped; no device identity or timestamps
1328,39,11343,3356,11371,0x00000000,1,11552,g4-native-reserve-va-cb,0x00000000,11590,g4-open-adapter-exit,ordinary diagnostics capped; no device identity or timestamps
1228,48,11557,3392,11570,0x00000000,1,11750,g4-native-reserve-va-cb,0x00000000,11813,g4-open-adapter-exit,ordinary diagnostics capped; no device identity or timestamps
1328,40,11590,3520,11615,0x00000000,1,11808,g4-native-reserve-va-cb,0x00000000,11866,g4-open-adapter-exit,ordinary diagnostics capped; no device identity or timestamps
1228,49,11813,2296,11826,0x00000000,1,11985,g4-native-reserve-va-cb,0x00000000,12069,g4-open-adapter-exit,ordinary diagnostics capped; no device identity or timestamps
1328,41,11866,2128,11892,0x00000000,1,12064,g4-native-reserve-va-cb,0x00000000,12102,g4-open-adapter-exit,ordinary diagnostics capped; no device identity or timestamps
1228,50,12069,1880,12082,0x00000000,1,12267,g4-native-reserve-va-cb,0x00000000,12325,g4-open-adapter-exit,ordinary diagnostics capped; no device identity or timestamps
1328,42,12102,1840,12127,0x00000000,1,12320,g4-native-reserve-va-cb,0x00000000,12405,g4-open-adapter-exit,ordinary diagnostics capped; no device identity or timestamps
1228,51,12325,1368,12338,0x00000000,1,12469,g4-native-reserve-va-cb,0x00000000,12581,g4-open-adapter-exit,ordinary diagnostics capped; no device identity or timestamps
1328,43,12405,1364,12462,0x00000000,1,12576,g4-native-reserve-va-cb,0x00000000,12591,g4-open-adapter-exit,ordinary diagnostics capped; no device identity or timestamps
1228,52,12581,1252,12606,0x00000000,1,12825,g4-native-reserve-va-cb,0x00000000,12837,g4-open-adapter-exit,ordinary diagnostics capped; no device identity or timestamps
1328,44,12591,720,12619,0x00000000,1,12832,g4-native-reserve-va-cb,0x00000000,12847,g4-open-adapter-exit,ordinary diagnostics capped; no device identity or timestamps
1228,53,12837,3908,12862,0x00000000,1,13078,g4-native-reserve-va-cb,0x00000000,13093,g4-open-adapter-exit,ordinary diagnostics capped; no device identity or timestamps
1328,45,12847,1384,12876,0x00000000,1,13088,g4-native-reserve-va-cb,0x00000000,13163,g4-open-adapter-exit,ordinary diagnostics capped; no device identity or timestamps
1228,54,13093,1556,13106,0x00000000,1,13249,g4-native-reserve-va-cb,0x00000000,13349,g4-open-adapter-exit,ordinary diagnostics capped; no device identity or timestamps
1328,46,13163,1792,13196,0x00000000,1,13344,g4-native-reserve-va-cb,0x00000000,13386,g4-open-adapter-exit,ordinary diagnostics capped; no device identity or timestamps
1228,55,13349,2376,13362,0x00000000,1,13542,g4-native-reserve-va-cb,0x00000000,13605,g4-open-adapter-exit,ordinary diagnostics capped; no device identity or timestamps
1328,47,13386,2372,13411,0x00000000,1,13600,g4-native-reserve-va-cb,0x00000000,13733,g4-open-adapter-exit,ordinary diagnostics capped; no device identity or timestamps
1228,56,13605,8208,13618,0x00000000,1,13728,g4-native-reserve-va-cb,0x00000000,13861,g4-open-adapter-exit,ordinary diagnostics capped; no device identity or timestamps
1328,48,13733,4032,13746,0x00000000,1,13856,g4-native-reserve-va-cb,0x00000000,13898,g4-open-adapter-exit,ordinary diagnostics capped; no device identity or timestamps
1228,57,13861,2772,13874,0x00000000,1,14041,g4-native-reserve-va-cb,0x00000000,14117,g4-open-adapter-exit,ordinary diagnostics capped; no device identity or timestamps
1328,49,13898,2940,13923,0x00000000,1,14112,g4-native-reserve-va-cb,0x00000000,14134,g4-open-adapter-exit,ordinary diagnostics capped; no device identity or timestamps
1228,58,14117,2360,14137,0x00000000,1,14331,g4-native-reserve-va-cb,0x00000000,14373,g4-open-adapter-exit,ordinary diagnostics capped; no device identity or timestamps
1328,50,14134,3272,14163,0x00000000,1,14368,g4-native-reserve-va-cb,0x00000000,14391,g4-open-adapter-exit,ordinary diagnostics capped; no device identity or timestamps
1228,59,14373,3784,14388,0x00000000,1,14576,g4-native-reserve-va-cb,0x00000000,14629,g4-open-adapter-exit,ordinary diagnostics capped; no device identity or timestamps
1328,51,14391,2196,14423,0x00000000,1,14624,g4-native-reserve-va-cb,0x00000000,14662,g4-open-adapter-exit,ordinary diagnostics capped; no device identity or timestamps
1228,60,14629,2140,14642,0x00000000,1,14827,g4-native-reserve-va-cb,0x00000000,14892,g4-open-adapter-exit,ordinary diagnostics capped; no device identity or timestamps
1328,52,14662,1676,14687,0x00000000,1,14880,g4-native-reserve-va-cb,0x00000000,14887,g4-open-adapter-exit,ordinary diagnostics capped; no device identity or timestamps
1328,53,14887,7504,14915,0x00000000,1,15132,g4-native-reserve-va-cb,0x00000000,15145,g4-open-adapter-exit,ordinary diagnostics capped; no device identity or timestamps
1228,61,14892,7452,14919,0x00000000,1,15136,g4-native-reserve-va-cb,0x00000000,15147,g4-open-adapter-exit,ordinary diagnostics capped; no device identity or timestamps
1328,54,15145,4472,15171,0x00000000,1,15390,g4-native-lock-cb,0x00000000,,,ordinary diagnostics capped; no device identity or timestamps
1228,62,15147,7172,15175,0x00000000,1,15388,g4-native-reserve-va-cb,0x00000000,15395,g4-open-adapter-exit,ordinary diagnostics capped; no device identity or timestamps
1228,63,15395,3116,15408,0x00000000,1,15518,g4-native-reserve-va-cb,0x00000000,,,ordinary diagnostics capped; no device identity or timestamps
6512,1,15523,5552,15536,0x00000000,0,15551,g4-native-map-va-cb,0x8000000a,15556,g4-open-adapter-exit,ordinary diagnostics capped; no device identity or timestamps
6512,2,15556,6004,15581,0x00000000,0,15646,g4-native-reserve-va-cb,0x00000000,,,ordinary diagnostics capped; no device identity or timestamps
5628,1,15651,5208,15664,0x00000000,1,15774,g4-native-reserve-va-cb,0x00000000,15779,g4-open-adapter-exit,ordinary diagnostics capped; no device identity or timestamps
5628,2,15779,4056,15792,0x00000000,1,15902,g4-native-reserve-va-cb,0x00000000,15907,g4-open-adapter-exit,ordinary diagnostics capped; no device identity or timestamps
5628,3,15907,5108,15920,0x00000000,1,16030,g4-native-reserve-va-cb,0x00000000,16035,g4-open-adapter-exit,ordinary diagnostics capped; no device identity or timestamps
5628,4,16035,1416,16048,0x00000000,1,16158,g4-native-reserve-va-cb,0x00000000,16163,g4-open-adapter-exit,ordinary diagnostics capped; no device identity or timestamps
5628,5,16163,6900,16176,0x00000000,1,16286,g4-native-reserve-va-cb,0x00000000,16291,g4-open-adapter-exit,ordinary diagnostics capped; no device identity or timestamps
5628,6,16291,6880,16304,0x00000000,1,16414,g4-native-reserve-va-cb,0x00000000,16419,g4-open-adapter-exit,ordinary diagnostics capped; no device identity or timestamps
5628,7,16419,7304,16432,0x00000000,1,16542,g4-native-reserve-va-cb,0x00000000,16547,g4-open-adapter-exit,ordinary diagnostics capped; no device identity or timestamps
5628,8,16547,3012,16560,0x00000000,1,16670,g4-native-reserve-va-cb,0x00000000,16675,g4-open-adapter-exit,ordinary diagnostics capped; no device identity or timestamps
5628,9,16675,7720,16688,0x00000000,1,16798,g4-native-reserve-va-cb,0x00000000,16803,g4-open-adapter-exit,ordinary diagnostics capped; no device identity or timestamps
5628,10,16803,1488,16816,0x00000000,1,16926,g4-native-reserve-va-cb,0x00000000,16931,g4-open-adapter-exit,ordinary diagnostics capped; no device identity or timestamps
5628,11,16931,6008,16944,0x00000000,1,17054,g4-native-reserve-va-cb,0x00000000,17059,g4-open-adapter-exit,ordinary diagnostics capped; no device identity or timestamps
5628,12,17059,2528,17072,0x00000000,1,17182,g4-native-reserve-va-cb,0x00000000,17187,g4-open-adapter-exit,ordinary diagnostics capped; no device identity or timestamps
5628,13,17187,1560,17200,0x00000000,1,17310,g4-native-reserve-va-cb,0x00000000,17315,g4-open-adapter-exit,ordinary diagnostics capped; no device identity or timestamps
5628,14,17315,1604,17328,0x00000000,1,17438,g4-native-reserve-va-cb,0x00000000,17443,g4-open-adapter-exit,ordinary diagnostics capped; no device identity or timestamps
5628,15,17443,2132,17456,0x00000000,1,17566,g4-native-reserve-va-cb,0x00000000,17571,g4-open-adapter-exit,ordinary diagnostics capped; no device identity or timestamps
5628,16,17571,1828,17584,0x00000000,1,17694,g4-native-reserve-va-cb,0x00000000,17699,g4-open-adapter-exit,ordinary diagnostics capped; no device identity or timestamps
5628,17,17699,2892,17712,0x00000000,1,17822,g4-native-reserve-va-cb,0x00000000,17827,g4-open-adapter-exit,ordinary diagnostics capped; no device identity or timestamps
5628,18,17827,2980,17840,0x00000000,1,17950,g4-native-reserve-va-cb,0x00000000,17955,g4-open-adapter-exit,ordinary diagnostics capped; no device identity or timestamps
5628,19,17955,7084,17968,0x00000000,1,18078,g4-native-reserve-va-cb,0x00000000,18083,g4-open-adapter-exit,ordinary diagnostics capped; no device identity or timestamps
5628,20,18083,1876,18096,0x00000000,1,18206,g4-native-reserve-va-cb,0x00000000,18211,g4-open-adapter-exit,ordinary diagnostics capped; no device identity or timestamps
5628,21,18211,2572,18224,0x00000000,1,18334,g4-native-reserve-va-cb,0x00000000,18339,g4-open-adapter-exit,ordinary diagnostics capped; no device identity or timestamps
5628,22,18339,6864,18352,0x00000000,1,18462,g4-native-reserve-va-cb,0x00000000,18467,g4-open-adapter-exit,ordinary diagnostics capped; no device identity or timestamps
5628,23,18467,5728,18480,0x00000000,1,18590,g4-native-reserve-va-cb,0x00000000,18595,g4-open-adapter-exit,ordinary diagnostics capped; no device identity or timestamps
5628,24,18595,6264,18608,0x00000000,1,18718,g4-native-reserve-va-cb,0x00000000,18723,g4-open-adapter-exit,ordinary diagnostics capped; no device identity or timestamps
5628,25,18723,3268,18736,0x00000000,1,18846,g4-native-reserve-va-cb,0x00000000,18851,g4-open-adapter-exit,ordinary diagnostics capped; no device identity or timestamps
5628,26,18851,3324,18864,0x00000000,1,18974,g4-native-reserve-va-cb,0x00000000,18979,g4-open-adapter-exit,ordinary diagnostics capped; no device identity or timestamps
5628,27,18979,3808,18992,0x00000000,1,19102,g4-native-reserve-va-cb,0x00000000,19107,g4-open-adapter-exit,ordinary diagnostics capped; no device identity or timestamps
5628,28,19107,4772,19120,0x00000000,1,19230,g4-native-reserve-va-cb,0x00000000,19235,g4-open-adapter-exit,ordinary diagnostics capped; no device identity or timestamps
5628,29,19235,4740,19248,0x00000000,1,19358,g4-native-reserve-va-cb,0x00000000,19363,g4-open-adapter-exit,ordinary diagnostics capped; no device identity or timestamps
5628,30,19363,6912,19376,0x00000000,1,19486,g4-native-reserve-va-cb,0x00000000,19491,g4-open-adapter-exit,ordinary diagnostics capped; no device identity or timestamps
5628,31,19491,4136,19504,0x00000000,1,19614,g4-native-reserve-va-cb,0x00000000,19619,g4-open-adapter-exit,ordinary diagnostics capped; no device identity or timestamps
5628,32,19619,4948,19632,0x00000000,1,19742,g4-native-reserve-va-cb,0x00000000,19747,g4-open-adapter-exit,ordinary diagnostics capped; no device identity or timestamps
5628,33,19747,3248,19760,0x00000000,1,19870,g4-native-reserve-va-cb,0x00000000,19875,g4-open-adapter-exit,ordinary diagnostics capped; no device identity or timestamps
5628,34,19875,7012,19888,0x00000000,1,19998,g4-native-reserve-va-cb,0x00000000,20003,g4-open-adapter-exit,ordinary diagnostics capped; no device identity or timestamps
5628,35,20003,4172,20016,0x00000000,1,20126,g4-native-reserve-va-cb,0x00000000,20131,g4-open-adapter-exit,ordinary diagnostics capped; no device identity or timestamps
5628,36,20131,4396,20144,0x00000000,1,20254,g4-native-reserve-va-cb,0x00000000,20259,g4-open-adapter-exit,ordinary diagnostics capped; no device identity or timestamps
5628,37,20259,5420,20272,0x00000000,1,20382,g4-native-reserve-va-cb,0x00000000,20387,g4-open-adapter-exit,ordinary diagnostics capped; no device identity or timestamps
5628,38,20387,4416,20400,0x00000000,1,20510,g4-native-reserve-va-cb,0x00000000,20515,g4-open-adapter-exit,ordinary diagnostics capped; no device identity or timestamps
5628,39,20515,5100,20528,0x00000000,1,20638,g4-native-reserve-va-cb,0x00000000,20643,g4-open-adapter-exit,ordinary diagnostics capped; no device identity or timestamps
5628,40,20643,7960,20656,0x00000000,1,20766,g4-native-reserve-va-cb,0x00000000,20771,g4-open-adapter-exit,ordinary diagnostics capped; no device identity or timestamps
5628,41,20771,1044,20784,0x00000000,1,20894,g4-native-reserve-va-cb,0x00000000,20899,g4-open-adapter-exit,ordinary diagnostics capped; no device identity or timestamps
5628,42,20899,3364,20912,0x00000000,1,21022,g4-native-reserve-va-cb,0x00000000,21027,g4-open-adapter-exit,ordinary diagnostics capped; no device identity or timestamps
5628,43,21027,6856,21040,0x00000000,1,21150,g4-native-reserve-va-cb,0x00000000,21155,g4-open-adapter-exit,ordinary diagnostics capped; no device identity or timestamps
5628,44,21155,6564,21168,0x00000000,1,21278,g4-native-reserve-va-cb,0x00000000,21283,g4-open-adapter-exit,ordinary diagnostics capped; no device identity or timestamps
5628,45,21283,6576,21296,0x00000000,1,21406,g4-native-reserve-va-cb,0x00000000,21411,g4-open-adapter-exit,ordinary diagnostics capped; no device identity or timestamps
5628,46,21411,5560,21424,0x00000000,1,21534,g4-native-reserve-va-cb,0x00000000,21539,g4-open-adapter-exit,ordinary diagnostics capped; no device identity or timestamps
5628,47,21539,5504,21552,0x00000000,1,21662,g4-native-reserve-va-cb,0x00000000,21667,g4-open-adapter-exit,ordinary diagnostics capped; no device identity or timestamps
5628,48,21667,7488,21680,0x00000000,1,21790,g4-native-reserve-va-cb,0x00000000,21795,g4-open-adapter-exit,ordinary diagnostics capped; no device identity or timestamps
5628,49,21795,7596,21808,0x00000000,1,21918,g4-native-reserve-va-cb,0x00000000,21923,g4-open-adapter-exit,ordinary diagnostics capped; no device identity or timestamps
5628,50,21923,6436,21936,0x00000000,1,22046,g4-native-reserve-va-cb,0x00000000,22051,g4-open-adapter-exit,ordinary diagnostics capped; no device identity or timestamps
5628,51,22051,8656,22064,0x00000000,1,22174,g4-native-reserve-va-cb,0x00000000,22179,g4-open-adapter-exit,ordinary diagnostics capped; no device identity or timestamps
5628,52,22179,6632,22192,0x00000000,1,22302,g4-native-reserve-va-cb,0x00000000,22307,g4-open-adapter-exit,ordinary diagnostics capped; no device identity or timestamps
5628,53,22307,6664,22320,0x00000000,1,22430,g4-native-reserve-va-cb,0x00000000,22435,g4-open-adapter-exit,ordinary diagnostics capped; no device identity or timestamps
5628,54,22435,5228,22448,0x00000000,1,22558,g4-native-reserve-va-cb,0x00000000,22563,g4-open-adapter-exit,ordinary diagnostics capped; no device identity or timestamps
5628,55,22563,3524,22576,0x00000000,1,22686,g4-native-reserve-va-cb,0x00000000,22691,g4-open-adapter-exit,ordinary diagnostics capped; no device identity or timestamps
5628,56,22691,8996,22704,0x00000000,1,22814,g4-native-reserve-va-cb,0x00000000,22819,g4-open-adapter-exit,ordinary diagnostics capped; no device identity or timestamps
5628,57,22819,9000,22832,0x00000000,1,22942,g4-native-reserve-va-cb,0x00000000,22947,g4-open-adapter-exit,ordinary diagnostics capped; no device identity or timestamps
5628,58,22947,6860,22960,0x00000000,1,23070,g4-native-reserve-va-cb,0x00000000,23075,g4-open-adapter-exit,ordinary diagnostics capped; no device identity or timestamps
5628,59,23075,8020,23088,0x00000000,1,23198,g4-native-reserve-va-cb,0x00000000,23203,g4-open-adapter-exit,ordinary diagnostics capped; no device identity or timestamps
5628,60,23203,5400,23216,0x00000000,1,23326,g4-native-reserve-va-cb,0x00000000,23331,g4-open-adapter-exit,ordinary diagnostics capped; no device identity or timestamps
5628,61,23331,3484,23344,0x00000000,1,23454,g4-native-reserve-va-cb,0x00000000,23459,g4-open-adapter-exit,ordinary diagnostics capped; no device identity or timestamps
5628,62,23459,7296,23472,0x00000000,1,23582,g4-native-reserve-va-cb,0x00000000,23587,g4-open-adapter-exit,ordinary diagnostics capped; no device identity or timestamps
5628,63,23587,6932,23600,0x00000000,1,23710,g4-native-reserve-va-cb,0x00000000,23715,g4-open-adapter-exit,ordinary diagnostics capped; no device identity or timestamps
5628,64,23715,7552,23728,0x00000000,1,23838,g4-native-reserve-va-cb,0x00000000,23843,g4-open-adapter-exit,ordinary diagnostics capped; no device identity or timestamps
5628,65,23843,2724,23856,0x00000000,1,23966,g4-native-reserve-va-cb,0x00000000,23971,g4-open-adapter-exit,ordinary diagnostics capped; no device identity or timestamps
5628,66,23971,1428,23984,0x00000000,1,24094,g4-native-reserve-va-cb,0x00000000,24099,g4-open-adapter-exit,ordinary diagnostics capped; no device identity or timestamps
5628,67,24099,8692,24112,0x00000000,1,24222,g4-native-reserve-va-cb,0x00000000,24227,g4-open-adapter-exit,ordinary diagnostics capped; no device identity or timestamps
5628,68,24227,8640,24240,0x00000000,1,24350,g4-native-reserve-va-cb,0x00000000,24355,g4-open-adapter-exit,ordinary diagnostics capped; no device identity or timestamps
5628,69,24355,1284,24368,0x00000000,1,24478,g4-native-reserve-va-cb,0x00000000,24483,g4-open-adapter-exit,ordinary diagnostics capped; no device identity or timestamps
5628,70,24483,1932,24496,0x00000000,1,24606,g4-native-reserve-va-cb,0x00000000,24611,g4-open-adapter-exit,ordinary diagnostics capped; no device identity or timestamps
5628,71,24611,9032,24624,0x00000000,1,24734,g4-native-reserve-va-cb,0x00000000,24739,g4-open-adapter-exit,ordinary diagnostics capped; no device identity or timestamps
5628,72,24739,8828,24752,0x00000000,1,24862,g4-native-reserve-va-cb,0x00000000,24867,g4-open-adapter-exit,ordinary diagnostics capped; no device identity or timestamps
5628,73,24867,5616,24880,0x00000000,1,24990,g4-native-reserve-va-cb,0x00000000,24995,g4-open-adapter-exit,ordinary diagnostics capped; no device identity or timestamps
5628,74,24995,8372,25008,0x00000000,1,25118,g4-native-reserve-va-cb,0x00000000,25123,g4-open-adapter-exit,ordinary diagnostics capped; no device identity or timestamps
5628,75,25123,8188,25136,0x00000000,1,25246,g4-native-reserve-va-cb,0x00000000,25251,g4-open-adapter-exit,ordinary diagnostics capped; no device identity or timestamps
5628,76,25251,6200,25264,0x00000000,1,25374,g4-native-reserve-va-cb,0x00000000,25379,g4-open-adapter-exit,ordinary diagnostics capped; no device identity or timestamps
5628,77,25379,7620,25392,0x00000000,1,25502,g4-native-reserve-va-cb,0x00000000,25507,g4-open-adapter-exit,ordinary diagnostics capped; no device identity or timestamps
5628,78,25507,9088,25520,0x00000000,1,25630,g4-native-reserve-va-cb,0x00000000,25635,g4-open-adapter-exit,ordinary diagnostics capped; no device identity or timestamps
5628,79,25635,5280,25648,0x00000000,1,25758,g4-native-reserve-va-cb,0x00000000,25763,g4-open-adapter-exit,ordinary diagnostics capped; no device identity or timestamps
5628,80,25763,9064,25776,0x00000000,1,25886,g4-native-reserve-va-cb,0x00000000,25891,g4-open-adapter-exit,ordinary diagnostics capped; no device identity or timestamps
5628,81,25891,7000,25904,0x00000000,1,26014,g4-native-reserve-va-cb,0x00000000,26019,g4-open-adapter-exit,ordinary diagnostics capped; no device identity or timestamps
5628,82,26019,5028,26032,0x00000000,1,26142,g4-native-reserve-va-cb,0x00000000,26147,g4-open-adapter-exit,ordinary diagnostics capped; no device identity or timestamps
5628,83,26147,2920,26160,0x00000000,1,26270,g4-native-reserve-va-cb,0x00000000,26275,g4-open-adapter-exit,ordinary diagnostics capped; no device identity or timestamps
5628,84,26275,1648,26288,0x00000000,1,26398,g4-native-reserve-va-cb,0x00000000,26403,g4-open-adapter-exit,ordinary diagnostics capped; no device identity or timestamps
5628,85,26403,2824,26416,0x00000000,1,26526,g4-native-reserve-va-cb,0x00000000,26531,g4-open-adapter-exit,ordinary diagnostics capped; no device identity or timestamps
5628,86,26531,7636,26544,0x00000000,1,26654,g4-native-reserve-va-cb,0x00000000,26659,g4-open-adapter-exit,ordinary diagnostics capped; no device identity or timestamps
5628,87,26659,7200,26672,0x00000000,1,26782,g4-native-reserve-va-cb,0x00000000,26787,g4-open-adapter-exit,ordinary diagnostics capped; no device identity or timestamps
5628,88,26787,1540,26800,0x00000000,1,26910,g4-native-reserve-va-cb,0x00000000,26915,g4-open-adapter-exit,ordinary diagnostics capped; no device identity or timestamps
5628,89,26915,1384,26928,0x00000000,1,27038,g4-native-reserve-va-cb,0x00000000,27043,g4-open-adapter-exit,ordinary diagnostics capped; no device identity or timestamps
5628,90,27043,2388,27056,0x00000000,1,27166,g4-native-reserve-va-cb,0x00000000,27171,g4-open-adapter-exit,ordinary diagnostics capped; no device identity or timestamps
5628,91,27171,2712,27184,0x00000000,1,27294,g4-native-reserve-va-cb,0x00000000,27299,g4-open-adapter-exit,ordinary diagnostics capped; no device identity or timestamps
5628,92,27299,4048,27312,0x00000000,1,27422,g4-native-reserve-va-cb,0x00000000,27427,g4-open-adapter-exit,ordinary diagnostics capped; no device identity or timestamps
5628,93,27427,3512,27440,0x00000000,1,27550,g4-native-reserve-va-cb,0x00000000,27555,g4-open-adapter-exit,ordinary diagnostics capped; no device identity or timestamps
5628,94,27555,2192,27568,0x00000000,1,27678,g4-native-reserve-va-cb,0x00000000,27683,g4-open-adapter-exit,ordinary diagnostics capped; no device identity or timestamps
5628,95,27683,2140,27696,0x00000000,1,27806,g4-native-reserve-va-cb,0x00000000,27811,g4-open-adapter-exit,ordinary diagnostics capped; no device identity or timestamps
5628,96,27811,7504,27824,0x00000000,1,27934,g4-native-reserve-va-cb,0x00000000,27939,g4-open-adapter-exit,ordinary diagnostics capped; no device identity or timestamps
5628,97,27939,1356,27952,0x00000000,1,28062,g4-native-reserve-va-cb,0x00000000,28067,g4-open-adapter-exit,ordinary diagnostics capped; no device identity or timestamps
5628,98,28067,4016,28080,0x00000000,1,28190,g4-native-reserve-va-cb,0x00000000,28195,g4-open-adapter-exit,ordinary diagnostics capped; no device identity or timestamps
5628,99,28195,1268,28208,0x00000000,1,28318,g4-native-reserve-va-cb,0x00000000,28323,g4-open-adapter-exit,ordinary diagnostics capped; no device identity or timestamps
5628,100,28323,5296,28336,0x00000000,1,28446,g4-native-reserve-va-cb,0x00000000,28451,g4-open-adapter-exit,ordinary diagnostics capped; no device identity or timestamps
5628,101,28451,1316,28464,0x00000000,1,28574,g4-native-reserve-va-cb,0x00000000,28579,g4-open-adapter-exit,ordinary diagnostics capped; no device identity or timestamps
5628,102,28579,2548,28592,0x00000000,1,28702,g4-native-reserve-va-cb,0x00000000,28707,g4-open-adapter-exit,ordinary diagnostics capped; no device identity or timestamps
5628,103,28707,2680,28720,0x00000000,1,28830,g4-native-reserve-va-cb,0x00000000,28835,g4-open-adapter-exit,ordinary diagnostics capped; no device identity or timestamps
5628,104,28835,5784,28848,0x00000000,1,28958,g4-native-reserve-va-cb,0x00000000,28963,g4-open-adapter-exit,ordinary diagnostics capped; no device identity or timestamps
5628,105,28963,7352,28976,0x00000000,1,29086,g4-native-reserve-va-cb,0x00000000,29091,g4-open-adapter-exit,ordinary diagnostics capped; no device identity or timestamps
5628,106,29091,2008,29104,0x00000000,1,29214,g4-native-reserve-va-cb,0x00000000,29219,g4-open-adapter-exit,ordinary diagnostics capped; no device identity or timestamps
5628,107,29219,1440,29232,0x00000000,1,29342,g4-native-reserve-va-cb,0x00000000,29347,g4-open-adapter-exit,ordinary diagnostics capped; no device identity or timestamps
5628,108,29347,6420,29360,0x00000000,1,29470,g4-native-reserve-va-cb,0x00000000,29475,g4-open-adapter-exit,ordinary diagnostics capped; no device identity or timestamps
5628,109,29475,6236,29488,0x00000000,1,29598,g4-native-reserve-va-cb,0x00000000,29603,g4-open-adapter-exit,ordinary diagnostics capped; no device identity or timestamps
5628,110,29603,7760,29616,0x00000000,1,29726,g4-native-reserve-va-cb,0x00000000,29731,g4-open-adapter-exit,ordinary diagnostics capped; no device identity or timestamps
5628,111,29731,7772,29744,0x00000000,1,29854,g4-native-reserve-va-cb,0x00000000,29859,g4-open-adapter-exit,ordinary diagnostics capped; no device identity or timestamps
5628,112,29859,7788,29872,0x00000000,1,29982,g4-native-reserve-va-cb,0x00000000,29987,g4-open-adapter-exit,ordinary diagnostics capped; no device identity or timestamps
5628,113,29987,6432,30000,0x00000000,1,30110,g4-native-reserve-va-cb,0x00000000,30115,g4-open-adapter-exit,ordinary diagnostics capped; no device identity or timestamps
5628,114,30115,5672,30128,0x00000000,1,30238,g4-native-reserve-va-cb,0x00000000,30243,g4-open-adapter-exit,ordinary diagnostics capped; no device identity or timestamps
5628,115,30243,5580,30256,0x00000000,1,30366,g4-native-reserve-va-cb,0x00000000,30371,g4-open-adapter-exit,ordinary diagnostics capped; no device identity or timestamps
5628,116,30371,8684,30384,0x00000000,1,30494,g4-native-reserve-va-cb,0x00000000,30499,g4-open-adapter-exit,ordinary diagnostics capped; no device identity or timestamps
5628,117,30499,6492,30512,0x00000000,1,30622,g4-native-reserve-va-cb,0x00000000,30627,g4-open-adapter-exit,ordinary diagnostics capped; no device identity or timestamps
5628,118,30627,576,30640,0x00000000,1,30750,g4-native-reserve-va-cb,0x00000000,30755,g4-open-adapter-exit,ordinary diagnostics capped; no device identity or timestamps
5628,119,30755,2224,30768,0x00000000,1,30878,g4-native-reserve-va-cb,0x00000000,30883,g4-open-adapter-exit,ordinary diagnostics capped; no device identity or timestamps
5628,120,30883,4712,30896,0x00000000,1,31006,g4-native-reserve-va-cb,0x00000000,31011,g4-open-adapter-exit,ordinary diagnostics capped; no device identity or timestamps
5628,121,31011,6900,31024,0x00000000,1,31134,g4-native-reserve-va-cb,0x00000000,31139,g4-open-adapter-exit,ordinary diagnostics capped; no device identity or timestamps
5628,122,31139,4852,31152,0x00000000,1,31262,g4-native-reserve-va-cb,0x00000000,31267,g4-open-adapter-exit,ordinary diagnostics capped; no device identity or timestamps
5628,123,31267,2916,31280,0x00000000,1,31390,g4-native-reserve-va-cb,0x00000000,31395,g4-open-adapter-exit,ordinary diagnostics capped; no device identity or timestamps
5628,124,31395,6776,31408,0x00000000,1,31518,g4-native-reserve-va-cb,0x00000000,31523,g4-open-adapter-exit,ordinary diagnostics capped; no device identity or timestamps
5628,125,31523,5772,31536,0x00000000,1,31646,g4-native-reserve-va-cb,0x00000000,31651,g4-open-adapter-exit,ordinary diagnostics capped; no device identity or timestamps
5628,126,31651,464,31664,0x00000000,1,31774,g4-native-reserve-va-cb,0x00000000,31779,g4-open-adapter-exit,ordinary diagnostics capped; no device identity or timestamps
5628,127,31779,6484,31792,0x00000000,1,31902,g4-native-reserve-va-cb,0x00000000,31907,g4-open-adapter-exit,ordinary diagnostics capped; no device identity or timestamps
5628,128,31907,8272,31920,0x00000000,1,32030,g4-native-reserve-va-cb,0x00000000,32035,g4-open-adapter-exit,ordinary diagnostics capped; no device identity or timestamps
5628,129,32035,8956,32048,0x00000000,1,32158,g4-native-reserve-va-cb,0x00000000,32163,g4-open-adapter-exit,ordinary diagnostics capped; no device identity or timestamps
5628,130,32163,6508,32176,0x00000000,1,32286,g4-native-reserve-va-cb,0x00000000,32291,g4-open-adapter-exit,ordinary diagnostics capped; no device identity or timestamps
5628,131,32291,3012,32304,0x00000000,1,32414,g4-native-reserve-va-cb,0x00000000,32419,g4-open-adapter-exit,ordinary diagnostics capped; no device identity or timestamps
5628,132,32419,3348,32432,0x00000000,1,32542,g4-native-reserve-va-cb,0x00000000,32547,g4-open-adapter-exit,ordinary diagnostics capped; no device identity or timestamps
5628,133,32547,7720,32560,0x00000000,1,32670,g4-native-reserve-va-cb,0x00000000,32675,g4-open-adapter-exit,ordinary diagnostics capped; no device identity or timestamps
5628,134,32675,7460,32688,0x00000000,1,32798,g4-native-reserve-va-cb,0x00000000,32803,g4-open-adapter-exit,ordinary diagnostics capped; no device identity or timestamps
5628,135,32803,1488,32816,0x00000000,1,32926,g4-native-reserve-va-cb,0x00000000,32931,g4-open-adapter-exit,ordinary diagnostics capped; no device identity or timestamps
5628,136,32931,3480,32944,0x00000000,1,33054,g4-native-reserve-va-cb,0x00000000,33059,g4-open-adapter-exit,ordinary diagnostics capped; no device identity or timestamps
5628,137,33059,9080,33072,0x00000000,1,33182,g4-native-reserve-va-cb,0x00000000,33187,g4-open-adapter-exit,ordinary diagnostics capped; no device identity or timestamps
5628,138,33187,9084,33200,0x00000000,1,33310,g4-native-reserve-va-cb,0x00000000,33315,g4-open-adapter-exit,ordinary diagnostics capped; no device identity or timestamps
5628,139,33315,8352,33328,0x00000000,1,33438,g4-native-reserve-va-cb,0x00000000,33443,g4-open-adapter-exit,ordinary diagnostics capped; no device identity or timestamps
5628,140,33443,6008,33456,0x00000000,1,33566,g4-native-reserve-va-cb,0x00000000,33571,g4-open-adapter-exit,ordinary diagnostics capped; no device identity or timestamps
5628,141,33571,6156,33584,0x00000000,1,33694,g4-native-reserve-va-cb,0x00000000,33699,g4-open-adapter-exit,ordinary diagnostics capped; no device identity or timestamps
5628,142,33699,5648,33712,0x00000000,1,33822,g4-native-reserve-va-cb,0x00000000,33827,g4-open-adapter-exit,ordinary diagnostics capped; no device identity or timestamps
5628,143,33827,1596,33840,0x00000000,1,33950,g4-native-reserve-va-cb,0x00000000,33955,g4-open-adapter-exit,ordinary diagnostics capped; no device identity or timestamps
5628,144,33955,8576,33968,0x00000000,1,34078,g4-native-reserve-va-cb,0x00000000,34083,g4-open-adapter-exit,ordinary diagnostics capped; no device identity or timestamps
5628,145,34083,6616,34096,0x00000000,1,34206,g4-native-reserve-va-cb,0x00000000,34211,g4-open-adapter-exit,ordinary diagnostics capped; no device identity or timestamps
5628,146,34211,8168,34224,0x00000000,1,34334,g4-native-reserve-va-cb,0x00000000,34339,g4-open-adapter-exit,ordinary diagnostics capped; no device identity or timestamps
5628,147,34339,8288,34352,0x00000000,1,34462,g4-native-reserve-va-cb,0x00000000,34467,g4-open-adapter-exit,ordinary diagnostics capped; no device identity or timestamps
5628,148,34467,5740,34480,0x00000000,1,34590,g4-native-reserve-va-cb,0x00000000,34595,g4-open-adapter-exit,ordinary diagnostics capped; no device identity or timestamps
5628,149,34595,1588,34608,0x00000000,1,34718,g4-native-reserve-va-cb,0x00000000,34723,g4-open-adapter-exit,ordinary diagnostics capped; no device identity or timestamps
5628,150,34723,7848,34736,0x00000000,1,34846,g4-native-reserve-va-cb,0x00000000,34851,g4-open-adapter-exit,ordinary diagnostics capped; no device identity or timestamps
5628,151,34851,3584,34864,0x00000000,1,34974,g4-native-reserve-va-cb,0x00000000,34979,g4-open-adapter-exit,ordinary diagnostics capped; no device identity or timestamps
5628,152,34979,4780,34992,0x00000000,1,35102,g4-native-reserve-va-cb,0x00000000,35107,g4-open-adapter-exit,ordinary diagnostics capped; no device identity or timestamps
5628,153,35107,4988,35120,0x00000000,1,35230,g4-native-reserve-va-cb,0x00000000,35235,g4-open-adapter-exit,ordinary diagnostics capped; no device identity or timestamps
5628,154,35235,4392,35248,0x00000000,1,35358,g4-native-reserve-va-cb,0x00000000,35363,g4-open-adapter-exit,ordinary diagnostics capped; no device identity or timestamps
5628,155,35363,1856,35376,0x00000000,1,35486,g4-native-reserve-va-cb,0x00000000,35491,g4-open-adapter-exit,ordinary diagnostics capped; no device identity or timestamps
5628,156,35491,808,35504,0x00000000,1,35614,g4-native-reserve-va-cb,0x00000000,35619,g4-open-adapter-exit,ordinary diagnostics capped; no device identity or timestamps
5628,157,35619,1104,35632,0x00000000,1,35742,g4-native-reserve-va-cb,0x00000000,35747,g4-open-adapter-exit,ordinary diagnostics capped; no device identity or timestamps
5628,158,35747,7376,35760,0x00000000,1,35870,g4-native-reserve-va-cb,0x00000000,35875,g4-open-adapter-exit,ordinary diagnostics capped; no device identity or timestamps
5628,159,35875,5868,35888,0x00000000,1,35998,g4-native-reserve-va-cb,0x00000000,36003,g4-open-adapter-exit,ordinary diagnostics capped; no device identity or timestamps
5628,160,36003,7044,36016,0x00000000,1,36126,g4-native-reserve-va-cb,0x00000000,36131,g4-open-adapter-exit,ordinary diagnostics capped; no device identity or timestamps
5628,161,36131,6032,36144,0x00000000,1,36254,g4-native-reserve-va-cb,0x00000000,36259,g4-open-adapter-exit,ordinary diagnostics capped; no device identity or timestamps
5628,162,36259,5904,36272,0x00000000,1,36382,g4-native-reserve-va-cb,0x00000000,36387,g4-open-adapter-exit,ordinary diagnostics capped; no device identity or timestamps
5628,163,36387,5884,36400,0x00000000,1,36510,g4-native-reserve-va-cb,0x00000000,36515,g4-open-adapter-exit,ordinary diagnostics capped; no device identity or timestamps
5628,164,36515,5908,36528,0x00000000,1,36638,g4-native-reserve-va-cb,0x00000000,36643,g4-open-adapter-exit,ordinary diagnostics capped; no device identity or timestamps
5628,165,36643,4912,36656,0x00000000,1,36766,g4-native-reserve-va-cb,0x00000000,36771,g4-open-adapter-exit,ordinary diagnostics capped; no device identity or timestamps
5628,166,36771,5720,36784,0x00000000,1,36894,g4-native-reserve-va-cb,0x00000000,36899,g4-open-adapter-exit,ordinary diagnostics capped; no device identity or timestamps
5628,167,36899,5712,36912,0x00000000,1,37022,g4-native-reserve-va-cb,0x00000000,37027,g4-open-adapter-exit,ordinary diagnostics capped; no device identity or timestamps
5628,168,37027,5704,37040,0x00000000,1,37150,g4-native-reserve-va-cb,0x00000000,37155,g4-open-adapter-exit,ordinary diagnostics capped; no device identity or timestamps
5628,169,37155,3540,37168,0x00000000,1,37278,g4-native-reserve-va-cb,0x00000000,37283,g4-open-adapter-exit,ordinary diagnostics capped; no device identity or timestamps
5628,170,37283,4924,37296,0x00000000,1,37406,g4-native-reserve-va-cb,0x00000000,37411,g4-open-adapter-exit,ordinary diagnostics capped; no device identity or timestamps
5628,171,37411,2644,37424,0x00000000,1,37534,g4-native-reserve-va-cb,0x00000000,37539,g4-open-adapter-exit,ordinary diagnostics capped; no device identity or timestamps
5628,172,37539,2556,37552,0x00000000,1,37662,g4-native-reserve-va-cb,0x00000000,37667,g4-open-adapter-exit,ordinary diagnostics capped; no device identity or timestamps
5628,173,37667,2232,37680,0x00000000,1,37790,g4-native-reserve-va-cb,0x00000000,37795,g4-open-adapter-exit,ordinary diagnostics capped; no device identity or timestamps
5628,174,37795,1100,37808,0x00000000,1,37918,g4-native-reserve-va-cb,0x00000000,37923,g4-open-adapter-exit,ordinary diagnostics capped; no device identity or timestamps
5628,175,37923,6516,37936,0x00000000,1,38046,g4-native-reserve-va-cb,0x00000000,38051,g4-open-adapter-exit,ordinary diagnostics capped; no device identity or timestamps
5628,176,38051,652,38064,0x00000000,1,38174,g4-native-reserve-va-cb,0x00000000,38179,g4-open-adapter-exit,ordinary diagnostics capped; no device identity or timestamps
5628,177,38179,1508,38192,0x00000000,1,38302,g4-native-reserve-va-cb,0x00000000,38307,g4-open-adapter-exit,ordinary diagnostics capped; no device identity or timestamps
5628,178,38307,6856,38320,0x00000000,1,38430,g4-native-reserve-va-cb,0x00000000,38435,g4-open-adapter-exit,ordinary diagnostics capped; no device identity or timestamps
5628,179,38435,7888,38448,0x00000000,1,38558,g4-native-reserve-va-cb,0x00000000,38563,g4-open-adapter-exit,ordinary diagnostics capped; no device identity or timestamps
5628,180,38563,3412,38576,0x00000000,1,38686,g4-native-reserve-va-cb,0x00000000,38691,g4-open-adapter-exit,ordinary diagnostics capped; no device identity or timestamps
5628,181,38691,5276,38704,0x00000000,1,38814,g4-native-reserve-va-cb,0x00000000,38819,g4-open-adapter-exit,ordinary diagnostics capped; no device identity or timestamps
5628,182,38819,6756,38832,0x00000000,1,38942,g4-native-reserve-va-cb,0x00000000,38947,g4-open-adapter-exit,ordinary diagnostics capped; no device identity or timestamps
5628,183,38947,7516,38960,0x00000000,1,39070,g4-native-reserve-va-cb,0x00000000,39075,g4-open-adapter-exit,ordinary diagnostics capped; no device identity or timestamps
5628,184,39075,5304,39088,0x00000000,1,39198,g4-native-reserve-va-cb,0x00000000,39203,g4-open-adapter-exit,ordinary diagnostics capped; no device identity or timestamps
5628,185,39203,8544,39216,0x00000000,1,39326,g4-native-reserve-va-cb,0x00000000,39331,g4-open-adapter-exit,ordinary diagnostics capped; no device identity or timestamps
5628,186,39331,5516,39344,0x00000000,1,39454,g4-native-reserve-va-cb,0x00000000,39459,g4-open-adapter-exit,ordinary diagnostics capped; no device identity or timestamps
5628,187,39459,6800,39472,0x00000000,1,39582,g4-native-reserve-va-cb,0x00000000,39587,g4-open-adapter-exit,ordinary diagnostics capped; no device identity or timestamps
5628,188,39587,7704,39600,0x00000000,1,39710,g4-native-reserve-va-cb,0x00000000,39715,g4-open-adapter-exit,ordinary diagnostics capped; no device identity or timestamps
5628,189,39715,7800,39728,0x00000000,1,39838,g4-native-reserve-va-cb,0x00000000,39843,g4-open-adapter-exit,ordinary diagnostics capped; no device identity or timestamps
5628,190,39843,3340,39856,0x00000000,1,39966,g4-native-reserve-va-cb,0x00000000,39971,g4-open-adapter-exit,ordinary diagnostics capped; no device identity or timestamps
5628,191,39971,7804,39984,0x00000000,1,40094,g4-native-reserve-va-cb,0x00000000,40099,g4-open-adapter-exit,ordinary diagnostics capped; no device identity or timestamps
5628,192,40099,6960,40112,0x00000000,1,40222,g4-native-reserve-va-cb,0x00000000,40227,g4-open-adapter-exit,ordinary diagnostics capped; no device identity or timestamps
5628,193,40227,6072,40240,0x00000000,1,40350,g4-native-reserve-va-cb,0x00000000,40355,g4-open-adapter-exit,ordinary diagnostics capped; no device identity or timestamps
5628,194,40355,6376,40368,0x00000000,1,40478,g4-native-reserve-va-cb,0x00000000,40483,g4-open-adapter-exit,ordinary diagnostics capped; no device identity or timestamps
5628,195,40483,2640,40496,0x00000000,1,40606,g4-native-reserve-va-cb,0x00000000,40611,g4-open-adapter-exit,ordinary diagnostics capped; no device identity or timestamps
5628,196,40611,6080,40624,0x00000000,1,40734,g4-native-reserve-va-cb,0x00000000,40739,g4-open-adapter-exit,ordinary diagnostics capped; no device identity or timestamps
5628,197,40739,4276,40752,0x00000000,1,40862,g4-native-reserve-va-cb,0x00000000,40867,g4-open-adapter-exit,ordinary diagnostics capped; no device identity or timestamps
5628,198,40867,6848,40880,0x00000000,1,40990,g4-native-reserve-va-cb,0x00000000,40995,g4-open-adapter-exit,ordinary diagnostics capped; no device identity or timestamps
5628,199,40995,5680,41008,0x00000000,1,41118,g4-native-reserve-va-cb,0x00000000,41123,g4-open-adapter-exit,ordinary diagnostics capped; no device identity or timestamps
5628,200,41123,6832,41136,0x00000000,1,41246,g4-native-reserve-va-cb,0x00000000,41251,g4-open-adapter-exit,ordinary diagnostics capped; no device identity or timestamps
5628,201,41251,7152,41264,0x00000000,1,41374,g4-native-reserve-va-cb,0x00000000,41379,g4-open-adapter-exit,ordinary diagnostics capped; no device identity or timestamps
5628,202,41379,1184,41392,0x00000000,0,41392,g4-create-device-exit,0x00000000,,,ordinary diagnostics capped; no device identity or timestamps
6392,1,41397,7356,41410,0x00000000,0,41520,g4-native-allocate-cb,0x00000000,,,ordinary diagnostics capped; no device identity or timestamps
1872,1,41525,7716,41538,0x00000000,1,41648,g4-native-reserve-va-cb,0x00000000,41653,g4-open-adapter-exit,ordinary diagnostics capped; no device identity or timestamps
1872,2,41653,9076,41666,0x00000000,1,41776,g4-native-reserve-va-cb,0x00000000,41781,g4-open-adapter-exit,ordinary diagnostics capped; no device identity or timestamps
1872,3,41781,8760,41794,0x00000000,1,41904,g4-native-reserve-va-cb,0x00000000,41909,g4-open-adapter-exit,ordinary diagnostics capped; no device identity or timestamps
1872,4,41909,1256,41922,0x00000000,1,42032,g4-native-reserve-va-cb,0x00000000,42037,g4-open-adapter-exit,ordinary diagnostics capped; no device identity or timestamps
1872,5,42037,2748,42050,0x00000000,1,42160,g4-native-reserve-va-cb,0x00000000,42165,g4-open-adapter-exit,ordinary diagnostics capped; no device identity or timestamps
1872,6,42165,5636,42178,0x00000000,1,42288,g4-native-reserve-va-cb,0x00000000,42293,g4-open-adapter-exit,ordinary diagnostics capped; no device identity or timestamps
1872,7,42293,7420,42306,0x00000000,1,42416,g4-native-reserve-va-cb,0x00000000,42421,g4-open-adapter-exit,ordinary diagnostics capped; no device identity or timestamps
1872,8,42421,6356,42434,0x00000000,1,42544,g4-native-reserve-va-cb,0x00000000,42549,g4-open-adapter-exit,ordinary diagnostics capped; no device identity or timestamps
1872,9,42549,3904,42562,0x00000000,1,42672,g4-native-reserve-va-cb,0x00000000,42677,g4-open-adapter-exit,ordinary diagnostics capped; no device identity or timestamps
1872,10,42677,4596,42690,0x00000000,1,42800,g4-native-reserve-va-cb,0x00000000,42805,g4-open-adapter-exit,ordinary diagnostics capped; no device identity or timestamps
1872,11,42805,6344,42818,0x00000000,1,42928,g4-native-reserve-va-cb,0x00000000,42933,g4-open-adapter-exit,ordinary diagnostics capped; no device identity or timestamps
1872,12,42933,8176,42946,0x00000000,1,43056,g4-native-reserve-va-cb,0x00000000,43061,g4-open-adapter-exit,ordinary diagnostics capped; no device identity or timestamps
1872,13,43061,4392,43074,0x00000000,1,43184,g4-native-reserve-va-cb,0x00000000,43189,g4-open-adapter-exit,ordinary diagnostics capped; no device identity or timestamps
1872,14,43189,2304,43202,0x00000000,1,43312,g4-native-reserve-va-cb,0x00000000,43317,g4-open-adapter-exit,ordinary diagnostics capped; no device identity or timestamps
1872,15,43317,2296,43330,0x00000000,1,43440,g4-native-reserve-va-cb,0x00000000,43445,g4-open-adapter-exit,ordinary diagnostics capped; no device identity or timestamps
1872,16,43445,5820,43458,0x00000000,1,43568,g4-native-reserve-va-cb,0x00000000,43573,g4-open-adapter-exit,ordinary diagnostics capped; no device identity or timestamps
1872,17,43573,1132,43586,0x00000000,1,43696,g4-native-reserve-va-cb,0x00000000,43701,g4-open-adapter-exit,ordinary diagnostics capped; no device identity or timestamps
1872,18,43701,7900,43714,0x00000000,1,43824,g4-native-reserve-va-cb,0x00000000,43829,g4-open-adapter-exit,ordinary diagnostics capped; no device identity or timestamps
1872,19,43829,7112,43842,0x00000000,1,43952,g4-native-reserve-va-cb,0x00000000,43957,g4-open-adapter-exit,ordinary diagnostics capped; no device identity or timestamps
1872,20,43957,616,43970,0x00000000,1,44080,g4-native-reserve-va-cb,0x00000000,44085,g4-open-adapter-exit,ordinary diagnostics capped; no device identity or timestamps
1872,21,44085,7012,44098,0x00000000,1,44208,g4-native-reserve-va-cb,0x00000000,44213,g4-open-adapter-exit,ordinary diagnostics capped; no device identity or timestamps
1872,22,44213,4656,44226,0x00000000,1,44336,g4-native-reserve-va-cb,0x00000000,44341,g4-open-adapter-exit,ordinary diagnostics capped; no device identity or timestamps
1872,23,44341,8260,44354,0x00000000,1,44464,g4-native-reserve-va-cb,0x00000000,44469,g4-open-adapter-exit,ordinary diagnostics capped; no device identity or timestamps
1872,24,44469,6220,44482,0x00000000,1,44592,g4-native-reserve-va-cb,0x00000000,44597,g4-open-adapter-exit,ordinary diagnostics capped; no device identity or timestamps
1872,25,44597,1424,44610,0x00000000,1,44720,g4-native-reserve-va-cb,0x00000000,44725,g4-open-adapter-exit,ordinary diagnostics capped; no device identity or timestamps
1872,26,44725,5320,44738,0x00000000,1,44848,g4-native-reserve-va-cb,0x00000000,44853,g4-open-adapter-exit,ordinary diagnostics capped; no device identity or timestamps
1872,27,44853,9132,44866,0x00000000,1,44976,g4-native-reserve-va-cb,0x00000000,44981,g4-open-adapter-exit,ordinary diagnostics capped; no device identity or timestamps
1872,28,44981,6440,44994,0x00000000,1,45104,g4-native-reserve-va-cb,0x00000000,45109,g4-open-adapter-exit,ordinary diagnostics capped; no device identity or timestamps
1872,29,45109,5904,45122,0x00000000,1,45232,g4-native-reserve-va-cb,0x00000000,45237,g4-open-adapter-exit,ordinary diagnostics capped; no device identity or timestamps
1872,30,45237,3044,45250,0x00000000,1,45360,g4-native-reserve-va-cb,0x00000000,45365,g4-open-adapter-exit,ordinary diagnostics capped; no device identity or timestamps
1872,31,45365,5884,45378,0x00000000,1,45488,g4-native-reserve-va-cb,0x00000000,45493,g4-open-adapter-exit,ordinary diagnostics capped; no device identity or timestamps
1872,32,45493,3908,45506,0x00000000,1,45616,g4-native-reserve-va-cb,0x00000000,45621,g4-open-adapter-exit,ordinary diagnostics capped; no device identity or timestamps
1872,33,45621,5908,45634,0x00000000,1,45744,g4-native-reserve-va-cb,0x00000000,45749,g4-open-adapter-exit,ordinary diagnostics capped; no device identity or timestamps
1872,34,45749,2952,45762,0x00000000,1,45872,g4-native-reserve-va-cb,0x00000000,45877,g4-open-adapter-exit,ordinary diagnostics capped; no device identity or timestamps
1872,35,45877,8184,45890,0x00000000,1,46000,g4-native-reserve-va-cb,0x00000000,46005,g4-open-adapter-exit,ordinary diagnostics capped; no device identity or timestamps
1872,36,46005,4648,46018,0x00000000,1,46128,g4-native-reserve-va-cb,0x00000000,46133,g4-open-adapter-exit,ordinary diagnostics capped; no device identity or timestamps
1872,37,46133,2472,46146,0x00000000,1,46256,g4-native-reserve-va-cb,0x00000000,46261,g4-open-adapter-exit,ordinary diagnostics capped; no device identity or timestamps
1872,38,46261,5676,46274,0x00000000,1,46384,g4-native-reserve-va-cb,0x00000000,46389,g4-open-adapter-exit,ordinary diagnostics capped; no device identity or timestamps
1872,39,46389,2540,46402,0x00000000,1,46512,g4-native-reserve-va-cb,0x00000000,46517,g4-open-adapter-exit,ordinary diagnostics capped; no device identity or timestamps
1872,40,46517,2484,46530,0x00000000,1,46640,g4-native-reserve-va-cb,0x00000000,46645,g4-open-adapter-exit,ordinary diagnostics capped; no device identity or timestamps
1872,41,46645,6148,46658,0x00000000,1,46768,g4-native-reserve-va-cb,0x00000000,46773,g4-open-adapter-exit,ordinary diagnostics capped; no device identity or timestamps
1872,42,46773,7276,46786,0x00000000,1,46896,g4-native-reserve-va-cb,0x00000000,46901,g4-open-adapter-exit,ordinary diagnostics capped; no device identity or timestamps
1872,43,46901,2212,46914,0x00000000,1,47024,g4-native-reserve-va-cb,0x00000000,47029,g4-open-adapter-exit,ordinary diagnostics capped; no device identity or timestamps
1872,44,47029,6168,47042,0x00000000,1,47152,g4-native-reserve-va-cb,0x00000000,47157,g4-open-adapter-exit,ordinary diagnostics capped; no device identity or timestamps
1872,45,47157,6516,47170,0x00000000,1,47280,g4-native-reserve-va-cb,0x00000000,47285,g4-open-adapter-exit,ordinary diagnostics capped; no device identity or timestamps
1872,46,47285,5272,47298,0x00000000,1,47408,g4-native-reserve-va-cb,0x00000000,47413,g4-open-adapter-exit,ordinary diagnostics capped; no device identity or timestamps
1872,47,47413,4144,47426,0x00000000,1,47536,g4-native-reserve-va-cb,0x00000000,47541,g4-open-adapter-exit,ordinary diagnostics capped; no device identity or timestamps
1872,48,47541,3412,47554,0x00000000,1,47664,g4-native-reserve-va-cb,0x00000000,47669,g4-open-adapter-exit,ordinary diagnostics capped; no device identity or timestamps
1872,49,47669,7408,47682,0x00000000,1,47792,g4-native-reserve-va-cb,0x00000000,47797,g4-open-adapter-exit,ordinary diagnostics capped; no device identity or timestamps
1872,50,47797,5560,47810,0x00000000,1,47920,g4-native-reserve-va-cb,0x00000000,47925,g4-open-adapter-exit,ordinary diagnostics capped; no device identity or timestamps
1872,51,47925,5112,47938,0x00000000,1,48048,g4-native-reserve-va-cb,0x00000000,48053,g4-open-adapter-exit,ordinary diagnostics capped; no device identity or timestamps
1872,52,48053,5256,48066,0x00000000,1,48176,g4-native-reserve-va-cb,0x00000000,48181,g4-open-adapter-exit,ordinary diagnostics capped; no device identity or timestamps
1872,53,48181,6424,48194,0x00000000,1,48304,g4-native-reserve-va-cb,0x00000000,48309,g4-open-adapter-exit,ordinary diagnostics capped; no device identity or timestamps
1872,54,48309,6240,48322,0x00000000,1,48432,g4-native-reserve-va-cb,0x00000000,48437,g4-open-adapter-exit,ordinary diagnostics capped; no device identity or timestamps
1872,55,48437,7704,48450,0x00000000,1,48560,g4-native-reserve-va-cb,0x00000000,48565,g4-open-adapter-exit,ordinary diagnostics capped; no device identity or timestamps
1872,56,48565,6388,48578,0x00000000,1,48688,g4-native-reserve-va-cb,0x00000000,48693,g4-open-adapter-exit,ordinary diagnostics capped; no device identity or timestamps
1872,57,48693,7804,48706,0x00000000,1,48816,g4-native-reserve-va-cb,0x00000000,48821,g4-open-adapter-exit,ordinary diagnostics capped; no device identity or timestamps
1872,58,48821,6072,48834,0x00000000,1,48944,g4-native-reserve-va-cb,0x00000000,48949,g4-open-adapter-exit,ordinary diagnostics capped; no device identity or timestamps
1872,59,48949,6068,48962,0x00000000,1,49072,g4-native-reserve-va-cb,0x00000000,49077,g4-open-adapter-exit,ordinary diagnostics capped; no device identity or timestamps
1872,60,49077,5492,49090,0x00000000,1,49200,g4-native-reserve-va-cb,0x00000000,49205,g4-open-adapter-exit,ordinary diagnostics capped; no device identity or timestamps
1872,61,49205,5388,49218,0x00000000,1,49328,g4-native-reserve-va-cb,0x00000000,49333,g4-open-adapter-exit,ordinary diagnostics capped; no device identity or timestamps
1872,62,49333,5404,49346,0x00000000,1,49456,g4-native-reserve-va-cb,0x00000000,49461,g4-open-adapter-exit,ordinary diagnostics capped; no device identity or timestamps
1872,63,49461,6568,49474,0x00000000,1,49584,g4-native-reserve-va-cb,0x00000000,49589,g4-open-adapter-exit,ordinary diagnostics capped; no device identity or timestamps
1872,64,49589,6992,49602,0x00000000,1,49712,g4-native-reserve-va-cb,0x00000000,49717,g4-open-adapter-exit,ordinary diagnostics capped; no device identity or timestamps
1872,65,49717,6428,49730,0x00000000,1,49840,g4-native-reserve-va-cb,0x00000000,49845,g4-open-adapter-exit,ordinary diagnostics capped; no device identity or timestamps
1872,66,49845,6560,49858,0x00000000,1,49968,g4-native-reserve-va-cb,0x00000000,49973,g4-open-adapter-exit,ordinary diagnostics capped; no device identity or timestamps
1872,67,49973,6712,49986,0x00000000,1,50096,g4-native-reserve-va-cb,0x00000000,50101,g4-open-adapter-exit,ordinary diagnostics capped; no device identity or timestamps
1872,68,50101,5692,50114,0x00000000,1,50224,g4-native-reserve-va-cb,0x00000000,50229,g4-open-adapter-exit,ordinary diagnostics capped; no device identity or timestamps
1872,69,50229,7708,50242,0x00000000,1,50352,g4-native-reserve-va-cb,0x00000000,50357,g4-open-adapter-exit,ordinary diagnostics capped; no device identity or timestamps
1872,70,50357,6276,50370,0x00000000,1,50480,g4-native-reserve-va-cb,0x00000000,50485,g4-open-adapter-exit,ordinary diagnostics capped; no device identity or timestamps
1872,71,50485,904,50498,0x00000000,1,50608,g4-native-reserve-va-cb,0x00000000,50613,g4-open-adapter-exit,ordinary diagnostics capped; no device identity or timestamps
1872,72,50613,7648,50626,0x00000000,1,50736,g4-native-reserve-va-cb,0x00000000,50741,g4-open-adapter-exit,ordinary diagnostics capped; no device identity or timestamps
1872,73,50741,8084,50754,0x00000000,1,50864,g4-native-reserve-va-cb,0x00000000,50869,g4-open-adapter-exit,ordinary diagnostics capped; no device identity or timestamps
1872,74,50869,1308,50882,0x00000000,1,50992,g4-native-reserve-va-cb,0x00000000,50997,g4-open-adapter-exit,ordinary diagnostics capped; no device identity or timestamps
1872,75,50997,1184,51010,0x00000000,1,51120,g4-native-reserve-va-cb,0x00000000,51125,g4-open-adapter-exit,ordinary diagnostics capped; no device identity or timestamps
1872,76,51125,7192,51138,0x00000000,1,51248,g4-native-reserve-va-cb,0x00000000,51253,g4-open-adapter-exit,ordinary diagnostics capped; no device identity or timestamps
1872,77,51253,8172,51266,0x00000000,1,51376,g4-native-reserve-va-cb,0x00000000,51381,g4-open-adapter-exit,ordinary diagnostics capped; no device identity or timestamps
1872,78,51381,7076,51394,0x00000000,1,51504,g4-native-reserve-va-cb,0x00000000,51509,g4-open-adapter-exit,ordinary diagnostics capped; no device identity or timestamps
1872,79,51509,3484,51522,0x00000000,1,51632,g4-native-reserve-va-cb,0x00000000,51637,g4-open-adapter-exit,ordinary diagnostics capped; no device identity or timestamps
1872,80,51637,5180,51650,0x00000000,1,51760,g4-native-reserve-va-cb,0x00000000,51765,g4-open-adapter-exit,ordinary diagnostics capped; no device identity or timestamps
1872,81,51765,6188,51778,0x00000000,1,51888,g4-native-reserve-va-cb,0x00000000,51893,g4-open-adapter-exit,ordinary diagnostics capped; no device identity or timestamps
1872,82,51893,8308,51906,0x00000000,1,52016,g4-native-reserve-va-cb,0x00000000,52021,g4-open-adapter-exit,ordinary diagnostics capped; no device identity or timestamps
1872,83,52021,5708,52034,0x00000000,1,52144,g4-native-reserve-va-cb,0x00000000,52149,g4-open-adapter-exit,ordinary diagnostics capped; no device identity or timestamps
1872,84,52149,1476,52162,0x00000000,1,52272,g4-native-reserve-va-cb,0x00000000,52277,g4-open-adapter-exit,ordinary diagnostics capped; no device identity or timestamps
1872,85,52277,7620,52290,0x00000000,1,52400,g4-native-reserve-va-cb,0x00000000,52405,g4-open-adapter-exit,ordinary diagnostics capped; no device identity or timestamps
1872,86,52405,3912,52418,0x00000000,1,52528,g4-native-reserve-va-cb,0x00000000,52533,g4-open-adapter-exit,ordinary diagnostics capped; no device identity or timestamps
1872,87,52533,5280,52546,0x00000000,1,52656,g4-native-reserve-va-cb,0x00000000,52661,g4-open-adapter-exit,ordinary diagnostics capped; no device identity or timestamps
1872,88,52661,1992,52674,0x00000000,1,52784,g4-native-reserve-va-cb,0x00000000,52789,g4-open-adapter-exit,ordinary diagnostics capped; no device identity or timestamps
1872,89,52789,7504,52802,0x00000000,1,52912,g4-native-reserve-va-cb,0x00000000,52917,g4-open-adapter-exit,ordinary diagnostics capped; no device identity or timestamps
1872,90,52917,2748,52930,0x00000000,1,53040,g4-native-reserve-va-cb,0x00000000,53045,g4-open-adapter-exit,ordinary diagnostics capped; no device identity or timestamps
1872,91,53045,7832,53058,0x00000000,1,53168,g4-native-reserve-va-cb,0x00000000,53173,g4-open-adapter-exit,ordinary diagnostics capped; no device identity or timestamps
1872,92,53173,1948,53186,0x00000000,1,53296,g4-native-reserve-va-cb,0x00000000,53301,g4-open-adapter-exit,ordinary diagnostics capped; no device identity or timestamps
1872,93,53301,2696,53314,0x00000000,1,53424,g4-native-reserve-va-cb,0x00000000,53429,g4-open-adapter-exit,ordinary diagnostics capped; no device identity or timestamps
1872,94,53429,6900,53442,0x00000000,1,53552,g4-native-reserve-va-cb,0x00000000,53557,g4-open-adapter-exit,ordinary diagnostics capped; no device identity or timestamps
1872,95,53557,1896,53570,0x00000000,1,53680,g4-native-reserve-va-cb,0x00000000,53685,g4-open-adapter-exit,ordinary diagnostics capped; no device identity or timestamps
1872,96,53685,7588,53698,0x00000000,1,53808,g4-native-reserve-va-cb,0x00000000,53813,g4-open-adapter-exit,ordinary diagnostics capped; no device identity or timestamps
1872,97,53813,5804,53826,0x00000000,1,53936,g4-native-reserve-va-cb,0x00000000,53941,g4-open-adapter-exit,ordinary diagnostics capped; no device identity or timestamps
1872,98,53941,6916,53954,0x00000000,1,54064,g4-native-reserve-va-cb,0x00000000,54069,g4-open-adapter-exit,ordinary diagnostics capped; no device identity or timestamps
1872,99,54069,888,54082,0x00000000,1,54192,g4-native-reserve-va-cb,0x00000000,54197,g4-open-adapter-exit,ordinary diagnostics capped; no device identity or timestamps
1872,100,54197,6484,54210,0x00000000,1,54320,g4-native-reserve-va-cb,0x00000000,54325,g4-open-adapter-exit,ordinary diagnostics capped; no device identity or timestamps
1872,101,54325,3684,54338,0x00000000,1,54448,g4-native-reserve-va-cb,0x00000000,54453,g4-open-adapter-exit,ordinary diagnostics capped; no device identity or timestamps
1872,102,54453,7468,54466,0x00000000,1,54576,g4-native-reserve-va-cb,0x00000000,54581,g4-open-adapter-exit,ordinary diagnostics capped; no device identity or timestamps
1872,103,54581,6524,54594,0x00000000,1,54704,g4-native-reserve-va-cb,0x00000000,54709,g4-open-adapter-exit,ordinary diagnostics capped; no device identity or timestamps
1872,104,54709,8848,54722,0x00000000,1,54832,g4-native-reserve-va-cb,0x00000000,54837,g4-open-adapter-exit,ordinary diagnostics capped; no device identity or timestamps
1872,105,54837,1820,54850,0x00000000,1,54960,g4-native-reserve-va-cb,0x00000000,54965,g4-open-adapter-exit,ordinary diagnostics capped; no device identity or timestamps
1872,106,54965,7856,54978,0x00000000,1,55088,g4-native-reserve-va-cb,0x00000000,55093,g4-open-adapter-exit,ordinary diagnostics capped; no device identity or timestamps
1872,107,55093,8360,55106,0x00000000,1,55216,g4-native-reserve-va-cb,0x00000000,55221,g4-open-adapter-exit,ordinary diagnostics capped; no device identity or timestamps
1872,108,55221,2968,55234,0x00000000,1,55344,g4-native-reserve-va-cb,0x00000000,55349,g4-open-adapter-exit,ordinary diagnostics capped; no device identity or timestamps
1872,109,55349,6700,55362,0x00000000,1,55472,g4-native-reserve-va-cb,0x00000000,55477,g4-open-adapter-exit,ordinary diagnostics capped; no device identity or timestamps
1872,110,55477,4620,55490,0x00000000,1,55600,g4-native-reserve-va-cb,0x00000000,55605,g4-open-adapter-exit,ordinary diagnostics capped; no device identity or timestamps
1872,111,55605,8864,55618,0x00000000,1,55728,g4-native-reserve-va-cb,0x00000000,55733,g4-open-adapter-exit,ordinary diagnostics capped; no device identity or timestamps
1872,112,55733,5640,55746,0x00000000,1,55856,g4-native-reserve-va-cb,0x00000000,55861,g4-open-adapter-exit,ordinary diagnostics capped; no device identity or timestamps
1872,113,55861,9084,55874,0x00000000,1,55984,g4-native-reserve-va-cb,0x00000000,55989,g4-open-adapter-exit,ordinary diagnostics capped; no device identity or timestamps
1872,114,55989,6528,56002,0x00000000,1,56112,g4-native-reserve-va-cb,0x00000000,56117,g4-open-adapter-exit,ordinary diagnostics capped; no device identity or timestamps
1872,115,56117,1984,56130,0x00000000,1,56240,g4-native-reserve-va-cb,0x00000000,56245,g4-open-adapter-exit,ordinary diagnostics capped; no device identity or timestamps
1872,116,56245,6156,56258,0x00000000,1,56368,g4-native-reserve-va-cb,0x00000000,56373,g4-open-adapter-exit,ordinary diagnostics capped; no device identity or timestamps
1872,117,56373,3676,56386,0x00000000,1,56496,g4-native-reserve-va-cb,0x00000000,56501,g4-open-adapter-exit,ordinary diagnostics capped; no device identity or timestamps
1872,118,56501,7172,56514,0x00000000,1,56624,g4-native-reserve-va-cb,0x00000000,56629,g4-open-adapter-exit,ordinary diagnostics capped; no device identity or timestamps
1872,119,56629,7532,56642,0x00000000,1,56752,g4-native-reserve-va-cb,0x00000000,56757,g4-open-adapter-exit,ordinary diagnostics capped; no device identity or timestamps
1872,120,56757,6548,56770,0x00000000,1,56880,g4-native-reserve-va-cb,0x00000000,56885,g4-open-adapter-exit,ordinary diagnostics capped; no device identity or timestamps
1872,121,56885,8788,56898,0x00000000,1,57008,g4-native-reserve-va-cb,0x00000000,57013,g4-open-adapter-exit,ordinary diagnostics capped; no device identity or timestamps
1872,122,57013,3432,57026,0x00000000,1,57136,g4-native-reserve-va-cb,0x00000000,57141,g4-open-adapter-exit,ordinary diagnostics capped; no device identity or timestamps
1872,123,57141,2560,57154,0x00000000,1,57264,g4-native-reserve-va-cb,0x00000000,57269,g4-open-adapter-exit,ordinary diagnostics capped; no device identity or timestamps
1872,124,57269,8728,57282,0x00000000,1,57392,g4-native-reserve-va-cb,0x00000000,57397,g4-open-adapter-exit,ordinary diagnostics capped; no device identity or timestamps
1872,125,57397,6436,57410,0x00000000,1,57520,g4-native-reserve-va-cb,0x00000000,57525,g4-open-adapter-exit,ordinary diagnostics capped; no device identity or timestamps
1872,126,57525,5648,57538,0x00000000,1,57648,g4-native-reserve-va-cb,0x00000000,57653,g4-open-adapter-exit,ordinary diagnostics capped; no device identity or timestamps
1872,127,57653,8940,57666,0x00000000,1,57776,g4-native-reserve-va-cb,0x00000000,57781,g4-open-adapter-exit,ordinary diagnostics capped; no device identity or timestamps
1872,128,57781,7264,57794,0x00000000,1,57904,g4-native-reserve-va-cb,0x00000000,57909,g4-open-adapter-exit,ordinary diagnostics capped; no device identity or timestamps
1872,129,57909,1132,57922,0x00000000,1,58032,g4-native-reserve-va-cb,0x00000000,58037,g4-open-adapter-exit,ordinary diagnostics capped; no device identity or timestamps
1872,130,58037,7900,58050,0x00000000,1,58160,g4-native-reserve-va-cb,0x00000000,58165,g4-open-adapter-exit,ordinary diagnostics capped; no device identity or timestamps
1872,131,58165,7112,58178,0x00000000,1,58288,g4-native-reserve-va-cb,0x00000000,58293,g4-open-adapter-exit,ordinary diagnostics capped; no device identity or timestamps
1872,132,58293,3000,58306,0x00000000,1,58416,g4-native-reserve-va-cb,0x00000000,58421,g4-open-adapter-exit,ordinary diagnostics capped; no device identity or timestamps
1872,133,58421,616,58434,0x00000000,1,58544,g4-native-reserve-va-cb,0x00000000,58549,g4-open-adapter-exit,ordinary diagnostics capped; no device identity or timestamps
1872,134,58549,7012,58562,0x00000000,1,58672,g4-native-reserve-va-cb,0x00000000,58677,g4-open-adapter-exit,ordinary diagnostics capped; no device identity or timestamps
1872,135,58677,7904,58690,0x00000000,1,58800,g4-native-reserve-va-cb,0x00000000,58805,g4-open-adapter-exit,ordinary diagnostics capped; no device identity or timestamps
1872,136,58805,4316,58818,0x00000000,1,58928,g4-native-reserve-va-cb,0x00000000,58933,g4-open-adapter-exit,ordinary diagnostics capped; no device identity or timestamps
1872,137,58933,6940,58946,0x00000000,1,59056,g4-native-reserve-va-cb,0x00000000,59061,g4-open-adapter-exit,ordinary diagnostics capped; no device identity or timestamps
1872,138,59061,6220,59074,0x00000000,1,59184,g4-native-reserve-va-cb,0x00000000,59189,g4-open-adapter-exit,ordinary diagnostics capped; no device identity or timestamps
1872,139,59189,876,59202,0x00000000,1,59312,g4-native-reserve-va-cb,0x00000000,59317,g4-open-adapter-exit,ordinary diagnostics capped; no device identity or timestamps
1872,140,59317,1996,59330,0x00000000,1,59440,g4-native-reserve-va-cb,0x00000000,59445,g4-open-adapter-exit,ordinary diagnostics capped; no device identity or timestamps
1872,141,59445,1908,59458,0x00000000,1,59568,g4-native-reserve-va-cb,0x00000000,59573,g4-open-adapter-exit,ordinary diagnostics capped; no device identity or timestamps
1872,142,59573,2120,59586,0x00000000,1,59696,g4-native-reserve-va-cb,0x00000000,59701,g4-open-adapter-exit,ordinary diagnostics capped; no device identity or timestamps
1872,143,59701,9160,59714,0x00000000,1,59824,g4-native-reserve-va-cb,0x00000000,59829,g4-open-adapter-exit,ordinary diagnostics capped; no device identity or timestamps
1872,144,59829,9144,59842,0x00000000,1,59952,g4-native-reserve-va-cb,0x00000000,59957,g4-open-adapter-exit,ordinary diagnostics capped; no device identity or timestamps
1872,145,59957,9120,59970,0x00000000,1,60080,g4-native-reserve-va-cb,0x00000000,60085,g4-open-adapter-exit,ordinary diagnostics capped; no device identity or timestamps
1872,146,60085,5904,60098,0x00000000,1,60208,g4-native-reserve-va-cb,0x00000000,60213,g4-open-adapter-exit,ordinary diagnostics capped; no device identity or timestamps
1872,147,60213,3044,60226,0x00000000,1,60336,g4-native-reserve-va-cb,0x00000000,60341,g4-open-adapter-exit,ordinary diagnostics capped; no device identity or timestamps
1872,148,60341,6180,60354,0x00000000,1,60464,g4-native-reserve-va-cb,0x00000000,60469,g4-open-adapter-exit,ordinary diagnostics capped; no device identity or timestamps
1872,149,60469,6716,60482,0x00000000,1,60592,g4-native-reserve-va-cb,0x00000000,60597,g4-open-adapter-exit,ordinary diagnostics capped; no device identity or timestamps
1872,150,60597,8468,60610,0x00000000,1,60720,g4-native-reserve-va-cb,0x00000000,60725,g4-open-adapter-exit,ordinary diagnostics capped; no device identity or timestamps
1872,151,60725,6112,60738,0x00000000,1,60848,g4-native-reserve-va-cb,0x00000000,60853,g4-open-adapter-exit,ordinary diagnostics capped; no device identity or timestamps
1872,152,60853,4384,60866,0x00000000,1,60976,g4-native-reserve-va-cb,0x00000000,60981,g4-open-adapter-exit,ordinary diagnostics capped; no device identity or timestamps
1872,153,60981,3020,60994,0x00000000,1,61104,g4-native-reserve-va-cb,0x00000000,61109,g4-open-adapter-exit,ordinary diagnostics capped; no device identity or timestamps
1872,154,61109,5624,61122,0x00000000,1,61232,g4-native-reserve-va-cb,0x00000000,61237,g4-open-adapter-exit,ordinary diagnostics capped; no device identity or timestamps
1872,155,61237,4648,61250,0x00000000,1,61360,g4-native-reserve-va-cb,0x00000000,61365,g4-open-adapter-exit,ordinary diagnostics capped; no device identity or timestamps
1872,156,61365,6520,61378,0x00000000,1,61488,g4-native-reserve-va-cb,0x00000000,61493,g4-open-adapter-exit,ordinary diagnostics capped; no device identity or timestamps
1872,157,61493,2484,61506,0x00000000,1,61616,g4-native-reserve-va-cb,0x00000000,61621,g4-open-adapter-exit,ordinary diagnostics capped; no device identity or timestamps
1872,158,61621,4272,61634,0x00000000,1,61744,g4-native-reserve-va-cb,0x00000000,61749,g4-open-adapter-exit,ordinary diagnostics capped; no device identity or timestamps
1872,159,61749,5940,61762,0x00000000,1,61872,g4-native-reserve-va-cb,0x00000000,61877,g4-open-adapter-exit,ordinary diagnostics capped; no device identity or timestamps
1872,160,61877,8836,61890,0x00000000,1,62000,g4-native-reserve-va-cb,0x00000000,62005,g4-open-adapter-exit,ordinary diagnostics capped; no device identity or timestamps
1872,161,62005,1592,62018,0x00000000,1,62128,g4-native-reserve-va-cb,0x00000000,62133,g4-open-adapter-exit,ordinary diagnostics capped; no device identity or timestamps
1872,162,62133,8632,62146,0x00000000,1,62256,g4-native-reserve-va-cb,0x00000000,62261,g4-open-adapter-exit,ordinary diagnostics capped; no device identity or timestamps
1872,163,62261,7752,62274,0x00000000,1,62384,g4-native-reserve-va-cb,0x00000000,62389,g4-open-adapter-exit,ordinary diagnostics capped; no device identity or timestamps
1872,164,62389,1224,62402,0x00000000,1,62512,g4-native-reserve-va-cb,0x00000000,62517,g4-open-adapter-exit,ordinary diagnostics capped; no device identity or timestamps
1872,165,62517,7808,62530,0x00000000,1,62640,g4-native-reserve-va-cb,0x00000000,62645,g4-open-adapter-exit,ordinary diagnostics capped; no device identity or timestamps
1872,166,62645,4032,62658,0x00000000,1,62768,g4-native-reserve-va-cb,0x00000000,62773,g4-open-adapter-exit,ordinary diagnostics capped; no device identity or timestamps
1872,167,62773,6856,62786,0x00000000,1,62896,g4-native-reserve-va-cb,0x00000000,62901,g4-open-adapter-exit,ordinary diagnostics capped; no device identity or timestamps
1872,168,62901,1544,62914,0x00000000,1,63024,g4-native-reserve-va-cb,0x00000000,63029,g4-open-adapter-exit,ordinary diagnostics capped; no device identity or timestamps
1872,169,63029,1632,63042,0x00000000,1,63152,g4-native-reserve-va-cb,0x00000000,63157,g4-open-adapter-exit,ordinary diagnostics capped; no device identity or timestamps
1872,170,63157,5740,63170,0x00000000,1,63280,g4-native-reserve-va-cb,0x00000000,63285,g4-open-adapter-exit,ordinary diagnostics capped; no device identity or timestamps
1872,171,63285,5668,63298,0x00000000,1,63408,g4-native-reserve-va-cb,0x00000000,63413,g4-open-adapter-exit,ordinary diagnostics capped; no device identity or timestamps
1872,172,63413,7544,63426,0x00000000,1,63536,g4-native-reserve-va-cb,0x00000000,63541,g4-open-adapter-exit,ordinary diagnostics capped; no device identity or timestamps
1872,173,63541,6320,63554,0x00000000,1,63664,g4-native-reserve-va-cb,0x00000000,63669,g4-open-adapter-exit,ordinary diagnostics capped; no device identity or timestamps
1872,174,63669,5304,63682,0x00000000,1,63792,g4-native-reserve-va-cb,0x00000000,63797,g4-open-adapter-exit,ordinary diagnostics capped; no device identity or timestamps
1872,175,63797,7380,63810,0x00000000,1,63920,g4-native-reserve-va-cb,0x00000000,63925,g4-open-adapter-exit,ordinary diagnostics capped; no device identity or timestamps
1872,176,63925,5516,63938,0x00000000,1,64048,g4-native-reserve-va-cb,0x00000000,64053,g4-open-adapter-exit,ordinary diagnostics capped; no device identity or timestamps
1872,177,64053,2084,64066,0x00000000,1,64176,g4-native-reserve-va-cb,0x00000000,64181,g4-open-adapter-exit,ordinary diagnostics capped; no device identity or timestamps
1872,178,64181,2468,64194,0x00000000,1,64304,g4-native-reserve-va-cb,0x00000000,64309,g4-open-adapter-exit,ordinary diagnostics capped; no device identity or timestamps
1872,179,64309,7812,64322,0x00000000,1,64432,g4-native-reserve-va-cb,0x00000000,64437,g4-open-adapter-exit,ordinary diagnostics capped; no device identity or timestamps
1872,180,64437,5548,64450,0x00000000,1,64560,g4-native-reserve-va-cb,0x00000000,64565,g4-open-adapter-exit,ordinary diagnostics capped; no device identity or timestamps
1872,181,64565,7804,64578,0x00000000,1,64688,g4-native-reserve-va-cb,0x00000000,64693,g4-open-adapter-exit,ordinary diagnostics capped; no device identity or timestamps
1872,182,64693,6960,64706,0x00000000,1,64816,g4-native-reserve-va-cb,0x00000000,64821,g4-open-adapter-exit,ordinary diagnostics capped; no device identity or timestamps
1872,183,64821,8712,64834,0x00000000,1,64944,g4-native-reserve-va-cb,0x00000000,64949,g4-open-adapter-exit,ordinary diagnostics capped; no device identity or timestamps
1872,184,64949,5176,64962,0x00000000,1,65072,g4-native-reserve-va-cb,0x00000000,65077,g4-open-adapter-exit,ordinary diagnostics capped; no device identity or timestamps
1872,185,65077,5816,65090,0x00000000,1,65200,g4-native-reserve-va-cb,0x00000000,65205,g4-open-adapter-exit,ordinary diagnostics capped; no device identity or timestamps
1872,186,65205,3892,65218,0x00000000,1,65328,g4-native-reserve-va-cb,0x00000000,65333,g4-open-adapter-exit,ordinary diagnostics capped; no device identity or timestamps
1872,187,65333,5928,65346,0x00000000,1,65456,g4-native-reserve-va-cb,0x00000000,65461,g4-open-adapter-exit,ordinary diagnostics capped; no device identity or timestamps
1872,188,65461,6832,65474,0x00000000,1,65584,g4-native-reserve-va-cb,0x00000000,65589,g4-open-adapter-exit,ordinary diagnostics capped; no device identity or timestamps
1872,189,65589,5680,65602,0x00000000,1,65712,g4-native-reserve-va-cb,0x00000000,65717,g4-open-adapter-exit,ordinary diagnostics capped; no device identity or timestamps
1872,190,65717,5664,65730,0x00000000,1,65840,g4-native-reserve-va-cb,0x00000000,65845,g4-open-adapter-exit,ordinary diagnostics capped; no device identity or timestamps
1872,191,65845,5012,65858,0x00000000,1,65968,g4-native-reserve-va-cb,0x00000000,65973,g4-open-adapter-exit,ordinary diagnostics capped; no device identity or timestamps
1872,192,65973,1396,65986,0x00000000,1,66096,g4-native-reserve-va-cb,0x00000000,66101,g4-open-adapter-exit,ordinary diagnostics capped; no device identity or timestamps
1872,193,66101,2180,66114,0x00000000,1,66224,g4-native-reserve-va-cb,0x00000000,66229,g4-open-adapter-exit,ordinary diagnostics capped; no device identity or timestamps
1872,194,66229,936,66242,0x00000000,1,66352,g4-native-reserve-va-cb,0x00000000,66357,g4-open-adapter-exit,ordinary diagnostics capped; no device identity or timestamps
1872,195,66357,6644,66370,0x00000000,1,66480,g4-native-reserve-va-cb,0x00000000,66485,g4-open-adapter-exit,ordinary diagnostics capped; no device identity or timestamps
1872,196,66485,5400,66498,0x00000000,1,66608,g4-native-reserve-va-cb,0x00000000,66613,g4-open-adapter-exit,ordinary diagnostics capped; no device identity or timestamps
1872,197,66613,488,66626,0x00000000,1,66736,g4-native-reserve-va-cb,0x00000000,66741,g4-open-adapter-exit,ordinary diagnostics capped; no device identity or timestamps
1872,198,66741,1388,66754,0x00000000,1,66864,g4-native-reserve-va-cb,0x00000000,66869,g4-open-adapter-exit,ordinary diagnostics capped; no device identity or timestamps
1872,199,66869,8132,66882,0x00000000,1,66992,g4-native-reserve-va-cb,0x00000000,66997,g4-open-adapter-exit,ordinary diagnostics capped; no device identity or timestamps
1872,200,66997,1156,67010,0x00000000,1,67120,g4-native-reserve-va-cb,0x00000000,67125,g4-open-adapter-exit,ordinary diagnostics capped; no device identity or timestamps
1872,201,67125,9184,67138,0x00000000,1,67248,g4-native-reserve-va-cb,0x00000000,67253,g4-open-adapter-exit,ordinary diagnostics capped; no device identity or timestamps
1872,202,67253,6280,67266,0x00000000,1,67376,g4-native-reserve-va-cb,0x00000000,67381,g4-open-adapter-exit,ordinary diagnostics capped; no device identity or timestamps
1872,203,67381,6444,67394,0x00000000,1,67504,g4-native-reserve-va-cb,0x00000000,67509,g4-open-adapter-exit,ordinary diagnostics capped; no device identity or timestamps
1872,204,67509,5980,67522,0x00000000,1,67632,g4-native-reserve-va-cb,0x00000000,67637,g4-open-adapter-exit,ordinary diagnostics capped; no device identity or timestamps
1872,205,67637,7200,67650,0x00000000,1,67760,g4-native-reserve-va-cb,0x00000000,67765,g4-open-adapter-exit,ordinary diagnostics capped; no device identity or timestamps
1872,206,67765,7764,67778,0x00000000,1,67888,g4-native-reserve-va-cb,0x00000000,67893,g4-open-adapter-exit,ordinary diagnostics capped; no device identity or timestamps
1872,207,67893,5300,67906,0x00000000,1,68016,g4-native-reserve-va-cb,0x00000000,68021,g4-open-adapter-exit,ordinary diagnostics capped; no device identity or timestamps
1872,208,68021,7148,68034,0x00000000,1,68144,g4-native-reserve-va-cb,0x00000000,68149,g4-open-adapter-exit,ordinary diagnostics capped; no device identity or timestamps
1872,209,68149,1116,68162,0x00000000,1,68272,g4-native-reserve-va-cb,0x00000000,68277,g4-open-adapter-exit,ordinary diagnostics capped; no device identity or timestamps
1872,210,68277,1968,68290,0x00000000,1,68400,g4-native-reserve-va-cb,0x00000000,68405,g4-open-adapter-exit,ordinary diagnostics capped; no device identity or timestamps
1872,211,68405,5288,68418,0x00000000,1,68528,g4-native-reserve-va-cb,0x00000000,68533,g4-open-adapter-exit,ordinary diagnostics capped; no device identity or timestamps
1872,212,68533,2268,68546,0x00000000,1,68656,g4-native-reserve-va-cb,0x00000000,68661,g4-open-adapter-exit,ordinary diagnostics capped; no device identity or timestamps
1872,213,68661,1208,68674,0x00000000,1,68784,g4-native-reserve-va-cb,0x00000000,68789,g4-open-adapter-exit,ordinary diagnostics capped; no device identity or timestamps
1872,214,68789,5856,68802,0x00000000,1,68912,g4-native-reserve-va-cb,0x00000000,68917,g4-open-adapter-exit,ordinary diagnostics capped; no device identity or timestamps
1872,215,68917,8220,68930,0x00000000,1,69040,g4-native-reserve-va-cb,0x00000000,69045,g4-open-adapter-exit,ordinary diagnostics capped; no device identity or timestamps
1872,216,69045,6544,69058,0x00000000,1,69168,g4-native-reserve-va-cb,0x00000000,69173,g4-open-adapter-exit,ordinary diagnostics capped; no device identity or timestamps
1872,217,69173,2928,69186,0x00000000,1,69296,g4-native-reserve-va-cb,0x00000000,69301,g4-open-adapter-exit,ordinary diagnostics capped; no device identity or timestamps
1872,218,69301,8188,69314,0x00000000,1,69424,g4-native-reserve-va-cb,0x00000000,69429,g4-open-adapter-exit,ordinary diagnostics capped; no device identity or timestamps
1872,219,69429,2224,69442,0x00000000,1,69552,g4-native-reserve-va-cb,0x00000000,69557,g4-open-adapter-exit,ordinary diagnostics capped; no device identity or timestamps
1872,220,69557,7784,69570,0x00000000,1,69680,g4-native-reserve-va-cb,0x00000000,69685,g4-open-adapter-exit,ordinary diagnostics capped; no device identity or timestamps
1872,221,69685,1920,69698,0x00000000,1,69808,g4-native-reserve-va-cb,0x00000000,69813,g4-open-adapter-exit,ordinary diagnostics capped; no device identity or timestamps
1872,222,69813,4824,69826,0x00000000,1,69936,g4-native-reserve-va-cb,0x00000000,69941,g4-open-adapter-exit,ordinary diagnostics capped; no device identity or timestamps
1872,223,69941,3496,69954,0x00000000,1,70064,g4-native-reserve-va-cb,0x00000000,70069,g4-open-adapter-exit,ordinary diagnostics capped; no device identity or timestamps
1872,224,70069,5544,70082,0x00000000,1,70192,g4-native-reserve-va-cb,0x00000000,70197,g4-open-adapter-exit,ordinary diagnostics capped; no device identity or timestamps
1872,225,70197,2008,70210,0x00000000,1,70320,g4-native-reserve-va-cb,0x00000000,70325,g4-open-adapter-exit,ordinary diagnostics capped; no device identity or timestamps
1872,226,70325,7540,70338,0x00000000,1,70448,g4-native-reserve-va-cb,0x00000000,70453,g4-open-adapter-exit,ordinary diagnostics capped; no device identity or timestamps
1872,227,70453,8904,70466,0x00000000,1,70576,g4-native-reserve-va-cb,0x00000000,70581,g4-open-adapter-exit,ordinary diagnostics capped; no device identity or timestamps
1872,228,70581,5116,70594,0x00000000,1,70704,g4-native-reserve-va-cb,0x00000000,70709,g4-open-adapter-exit,ordinary diagnostics capped; no device identity or timestamps
1872,229,70709,2056,70722,0x00000000,1,70832,g4-native-reserve-va-cb,0x00000000,70837,g4-open-adapter-exit,ordinary diagnostics capped; no device identity or timestamps
1872,230,70837,1828,70850,0x00000000,1,70960,g4-native-reserve-va-cb,0x00000000,70965,g4-open-adapter-exit,ordinary diagnostics capped; no device identity or timestamps
1872,231,70965,6488,70978,0x00000000,1,71088,g4-native-reserve-va-cb,0x00000000,71093,g4-open-adapter-exit,ordinary diagnostics capped; no device identity or timestamps
1872,232,71093,1992,71106,0x00000000,1,71216,g4-native-reserve-va-cb,0x00000000,71221,g4-open-adapter-exit,ordinary diagnostics capped; no device identity or timestamps
1872,233,71221,3392,71234,0x00000000,1,71344,g4-native-reserve-va-cb,0x00000000,71349,g4-open-adapter-exit,ordinary diagnostics capped; no device identity or timestamps
1872,234,71349,2172,71362,0x00000000,1,71472,g4-native-reserve-va-cb,0x00000000,71477,g4-open-adapter-exit,ordinary diagnostics capped; no device identity or timestamps
1872,235,71477,3048,71490,0x00000000,1,71600,g4-native-reserve-va-cb,0x00000000,71605,g4-open-adapter-exit,ordinary diagnostics capped; no device identity or timestamps
1872,236,71605,1936,71618,0x00000000,1,71728,g4-native-reserve-va-cb,0x00000000,71733,g4-open-adapter-exit,ordinary diagnostics capped; no device identity or timestamps
1872,237,71733,6172,71746,0x00000000,1,71856,g4-native-reserve-va-cb,0x00000000,71861,g4-open-adapter-exit,ordinary diagnostics capped; no device identity or timestamps
1872,238,71861,6404,71874,0x00000000,1,71984,g4-native-reserve-va-cb,0x00000000,71989,g4-open-adapter-exit,ordinary diagnostics capped; no device identity or timestamps
1872,239,71989,4600,72002,0x00000000,1,72112,g4-native-reserve-va-cb,0x00000000,72117,g4-open-adapter-exit,ordinary diagnostics capped; no device identity or timestamps
1872,240,72117,6028,72130,0x00000000,1,72240,g4-native-reserve-va-cb,0x00000000,72245,g4-open-adapter-exit,ordinary diagnostics capped; no device identity or timestamps
1872,241,72245,2892,72258,0x00000000,1,72368,g4-native-reserve-va-cb,0x00000000,72373,g4-open-adapter-exit,ordinary diagnostics capped; no device identity or timestamps
1872,242,72373,1372,72386,0x00000000,1,72496,g4-native-reserve-va-cb,0x00000000,72501,g4-open-adapter-exit,ordinary diagnostics capped; no device identity or timestamps
1872,243,72501,6296,72514,0x00000000,1,72624,g4-native-reserve-va-cb,0x00000000,72629,g4-open-adapter-exit,ordinary diagnostics capped; no device identity or timestamps
1872,244,72629,5636,72642,0x00000000,1,72752,g4-native-reserve-va-cb,0x00000000,72757,g4-open-adapter-exit,ordinary diagnostics capped; no device identity or timestamps
1872,245,72757,9012,72770,0x00000000,1,72880,g4-native-reserve-va-cb,0x00000000,72885,g4-open-adapter-exit,ordinary diagnostics capped; no device identity or timestamps
1872,246,72885,9080,72898,0x00000000,1,73008,g4-native-reserve-va-cb,0x00000000,73013,g4-open-adapter-exit,ordinary diagnostics capped; no device identity or timestamps
1872,247,73013,576,73026,0x00000000,1,73136,g4-native-reserve-va-cb,0x00000000,73141,g4-open-adapter-exit,ordinary diagnostics capped; no device identity or timestamps
1872,248,73141,6164,73154,0x00000000,1,73264,g4-native-reserve-va-cb,0x00000000,73269,g4-open-adapter-exit,ordinary diagnostics capped; no device identity or timestamps
1872,249,73269,7420,73282,0x00000000,1,73392,g4-native-reserve-va-cb,0x00000000,73397,g4-open-adapter-exit,ordinary diagnostics capped; no device identity or timestamps
1872,250,73397,3904,73410,0x00000000,1,73520,g4-native-reserve-va-cb,0x00000000,73525,g4-open-adapter-exit,ordinary diagnostics capped; no device identity or timestamps
1872,251,73525,2696,73538,0x00000000,1,73648,g4-native-reserve-va-cb,0x00000000,73653,g4-open-adapter-exit,ordinary diagnostics capped; no device identity or timestamps
1872,252,73653,2080,73666,0x00000000,1,73776,g4-native-reserve-va-cb,0x00000000,73781,g4-open-adapter-exit,ordinary diagnostics capped; no device identity or timestamps
1872,253,73781,8128,73794,0x00000000,1,73904,g4-native-reserve-va-cb,0x00000000,73909,g4-open-adapter-exit,ordinary diagnostics capped; no device identity or timestamps
1872,254,73909,7844,73922,0x00000000,1,74032,g4-native-reserve-va-cb,0x00000000,74037,g4-open-adapter-exit,ordinary diagnostics capped; no device identity or timestamps
1872,255,74037,6252,74050,0x00000000,1,74160,g4-native-reserve-va-cb,0x00000000,74165,g4-open-adapter-exit,ordinary diagnostics capped; no device identity or timestamps
1872,256,74165,2584,74178,0x00000000,1,74288,g4-native-reserve-va-cb,0x00000000,74293,g4-open-adapter-exit,ordinary diagnostics capped; no device identity or timestamps
1872,257,74293,8840,74306,0x00000000,1,74416,g4-native-reserve-va-cb,0x00000000,74421,g4-open-adapter-exit,ordinary diagnostics capped; no device identity or timestamps
1872,258,74421,5332,74434,0x00000000,1,74544,g4-native-reserve-va-cb,0x00000000,74549,g4-open-adapter-exit,ordinary diagnostics capped; no device identity or timestamps
1872,259,74549,8032,74562,0x00000000,1,74672,g4-native-reserve-va-cb,0x00000000,74677,g4-open-adapter-exit,ordinary diagnostics capped; no device identity or timestamps
1872,260,74677,3024,74690,0x00000000,1,74800,g4-native-reserve-va-cb,0x00000000,74805,g4-open-adapter-exit,ordinary diagnostics capped; no device identity or timestamps
1872,261,74805,5416,74818,0x00000000,1,74928,g4-native-reserve-va-cb,0x00000000,74933,g4-open-adapter-exit,ordinary diagnostics capped; no device identity or timestamps
1872,262,74933,2624,74946,0x00000000,1,75056,g4-native-reserve-va-cb,0x00000000,75061,g4-open-adapter-exit,ordinary diagnostics capped; no device identity or timestamps
1872,263,75061,7924,75074,0x00000000,1,75184,g4-native-reserve-va-cb,0x00000000,75189,g4-open-adapter-exit,ordinary diagnostics capped; no device identity or timestamps
1872,264,75189,9116,75202,0x00000000,1,75312,g4-native-reserve-va-cb,0x00000000,75317,g4-open-adapter-exit,ordinary diagnostics capped; no device identity or timestamps
1872,265,75317,1412,75330,0x00000000,1,75440,g4-native-reserve-va-cb,0x00000000,75445,g4-open-adapter-exit,ordinary diagnostics capped; no device identity or timestamps
1872,266,75445,6908,75458,0x00000000,1,75568,g4-native-reserve-va-cb,0x00000000,75573,g4-open-adapter-exit,ordinary diagnostics capped; no device identity or timestamps
1872,267,75573,6656,75586,0x00000000,1,75696,g4-native-reserve-va-cb,0x00000000,75701,g4-open-adapter-exit,ordinary diagnostics capped; no device identity or timestamps
1872,268,75701,3348,75714,0x00000000,1,75824,g4-native-reserve-va-cb,0x00000000,75829,g4-open-adapter-exit,ordinary diagnostics capped; no device identity or timestamps
1872,269,75829,2424,75842,0x00000000,1,75952,g4-native-reserve-va-cb,0x00000000,75957,g4-open-adapter-exit,ordinary diagnostics capped; no device identity or timestamps
1872,270,75957,5192,75970,0x00000000,1,76080,g4-native-reserve-va-cb,0x00000000,76085,g4-open-adapter-exit,ordinary diagnostics capped; no device identity or timestamps
1872,271,76085,9056,76098,0x00000000,1,76208,g4-native-reserve-va-cb,0x00000000,76213,g4-open-adapter-exit,ordinary diagnostics capped; no device identity or timestamps
1872,272,76213,4740,76226,0x00000000,1,76336,g4-native-reserve-va-cb,0x00000000,76341,g4-open-adapter-exit,ordinary diagnostics capped; no device identity or timestamps
1872,273,76341,8804,76354,0x00000000,1,76464,g4-native-reserve-va-cb,0x00000000,76469,g4-open-adapter-exit,ordinary diagnostics capped; no device identity or timestamps
1872,274,76469,2864,76482,0x00000000,1,76592,g4-native-reserve-va-cb,0x00000000,76597,g4-open-adapter-exit,ordinary diagnostics capped; no device identity or timestamps
1872,275,76597,4136,76610,0x00000000,1,76720,g4-native-reserve-va-cb,0x00000000,76725,g4-open-adapter-exit,ordinary diagnostics capped; no device identity or timestamps
1872,276,76725,8704,76738,0x00000000,1,76848,g4-native-reserve-va-cb,0x00000000,76853,g4-open-adapter-exit,ordinary diagnostics capped; no device identity or timestamps
1872,277,76853,7632,76866,0x00000000,1,76976,g4-native-reserve-va-cb,0x00000000,76981,g4-open-adapter-exit,ordinary diagnostics capped; no device identity or timestamps
1872,278,76981,5080,76994,0x00000000,1,77104,g4-native-reserve-va-cb,0x00000000,77109,g4-open-adapter-exit,ordinary diagnostics capped; no device identity or timestamps
1872,279,77109,4408,77122,0x00000000,1,77232,g4-native-reserve-va-cb,0x00000000,77237,g4-open-adapter-exit,ordinary diagnostics capped; no device identity or timestamps
1872,280,77237,3720,77250,0x00000000,1,77360,g4-native-reserve-va-cb,0x00000000,77365,g4-open-adapter-exit,ordinary diagnostics capped; no device identity or timestamps
1872,281,77365,6436,77378,0x00000000,1,77488,g4-native-reserve-va-cb,0x00000000,77493,g4-open-adapter-exit,ordinary diagnostics capped; no device identity or timestamps
1872,282,77493,8656,77506,0x00000000,1,77616,g4-native-reserve-va-cb,0x00000000,77621,g4-open-adapter-exit,ordinary diagnostics capped; no device identity or timestamps
1872,283,77621,5648,77634,0x00000000,1,77744,g4-native-reserve-va-cb,0x00000000,77749,g4-open-adapter-exit,ordinary diagnostics capped; no device identity or timestamps
1872,284,77749,5204,77762,0x00000000,1,77872,g4-native-reserve-va-cb,0x00000000,77877,g4-open-adapter-exit,ordinary diagnostics capped; no device identity or timestamps
1872,285,77877,808,77890,0x00000000,1,78000,g4-native-reserve-va-cb,0x00000000,78005,g4-open-adapter-exit,ordinary diagnostics capped; no device identity or timestamps
1872,286,78005,5768,78018,0x00000000,1,78128,g4-native-reserve-va-cb,0x00000000,78133,g4-open-adapter-exit,ordinary diagnostics capped; no device identity or timestamps
1872,287,78133,6232,78146,0x00000000,1,78256,g4-native-reserve-va-cb,0x00000000,78261,g4-open-adapter-exit,ordinary diagnostics capped; no device identity or timestamps
1872,288,78261,6112,78274,0x00000000,1,78384,g4-native-reserve-va-cb,0x00000000,78389,g4-open-adapter-exit,ordinary diagnostics capped; no device identity or timestamps
1872,289,78389,4724,78402,0x00000000,1,78512,g4-native-reserve-va-cb,0x00000000,78517,g4-open-adapter-exit,ordinary diagnostics capped; no device identity or timestamps
1872,290,78517,6052,78530,0x00000000,1,78640,g4-native-reserve-va-cb,0x00000000,78645,g4-open-adapter-exit,ordinary diagnostics capped; no device identity or timestamps
1872,291,78645,5776,78658,0x00000000,1,78768,g4-native-reserve-va-cb,0x00000000,78773,g4-open-adapter-exit,ordinary diagnostics capped; no device identity or timestamps
1872,292,78773,4912,78786,0x00000000,1,78896,g4-native-reserve-va-cb,0x00000000,78901,g4-open-adapter-exit,ordinary diagnostics capped; no device identity or timestamps
1872,293,78901,1704,78914,0x00000000,1,79024,g4-native-reserve-va-cb,0x00000000,79029,g4-open-adapter-exit,ordinary diagnostics capped; no device identity or timestamps
1872,294,79029,7008,79042,0x00000000,1,79152,g4-native-reserve-va-cb,0x00000000,79157,g4-open-adapter-exit,ordinary diagnostics capped; no device identity or timestamps
1872,295,79157,6652,79170,0x00000000,1,79280,g4-native-reserve-va-cb,0x00000000,79285,g4-open-adapter-exit,ordinary diagnostics capped; no device identity or timestamps
1872,296,79285,5408,79298,0x00000000,1,79408,g4-native-reserve-va-cb,0x00000000,79413,g4-open-adapter-exit,ordinary diagnostics capped; no device identity or timestamps
1872,297,79413,2576,79426,0x00000000,1,79536,g4-native-reserve-va-cb,0x00000000,79541,g4-open-adapter-exit,ordinary diagnostics capped; no device identity or timestamps
1872,298,79541,5704,79554,0x00000000,1,79664,g4-native-reserve-va-cb,0x00000000,79669,g4-open-adapter-exit,ordinary diagnostics capped; no device identity or timestamps
1872,299,79669,2444,79682,0x00000000,1,79792,g4-native-reserve-va-cb,0x00000000,79797,g4-open-adapter-exit,ordinary diagnostics capped; no device identity or timestamps
1872,300,79797,8852,79810,0x00000000,1,79920,g4-native-reserve-va-cb,0x00000000,79925,g4-open-adapter-exit,ordinary diagnostics capped; no device identity or timestamps
1872,301,79925,6624,79938,0x00000000,1,80048,g4-native-reserve-va-cb,0x00000000,80053,g4-open-adapter-exit,ordinary diagnostics capped; no device identity or timestamps
1872,302,80053,796,80066,0x00000000,1,80176,g4-native-reserve-va-cb,0x00000000,80181,g4-open-adapter-exit,ordinary diagnostics capped; no device identity or timestamps
1872,303,80181,1592,80194,0x00000000,1,80304,g4-native-reserve-va-cb,0x00000000,80309,g4-open-adapter-exit,ordinary diagnostics capped; no device identity or timestamps
1872,304,80309,8632,80322,0x00000000,1,80432,g4-native-reserve-va-cb,0x00000000,80437,g4-open-adapter-exit,ordinary diagnostics capped; no device identity or timestamps
1872,305,80437,1224,80450,0x00000000,1,80560,g4-native-reserve-va-cb,0x00000000,80565,g4-open-adapter-exit,ordinary diagnostics capped; no device identity or timestamps
1872,306,80565,4416,80578,0x00000000,1,80688,g4-native-reserve-va-cb,0x00000000,80693,g4-open-adapter-exit,ordinary diagnostics capped; no device identity or timestamps
1872,307,80693,3340,80706,0x00000000,1,80816,g4-native-reserve-va-cb,0x00000000,80821,g4-open-adapter-exit,ordinary diagnostics capped; no device identity or timestamps
1872,308,80821,7056,80834,0x00000000,1,80944,g4-native-reserve-va-cb,0x00000000,80949,g4-open-adapter-exit,ordinary diagnostics capped; no device identity or timestamps
1872,309,80949,7500,80962,0x00000000,1,81072,g4-native-reserve-va-cb,0x00000000,81077,g4-open-adapter-exit,ordinary diagnostics capped; no device identity or timestamps
1872,310,81077,8200,81090,0x00000000,1,81200,g4-native-reserve-va-cb,0x00000000,81205,g4-open-adapter-exit,ordinary diagnostics capped; no device identity or timestamps
1872,311,81205,7304,81218,0x00000000,1,81328,g4-native-reserve-va-cb,0x00000000,81333,g4-open-adapter-exit,ordinary diagnostics capped; no device identity or timestamps
1872,312,81333,7636,81346,0x00000000,1,81456,g4-native-reserve-va-cb,0x00000000,81461,g4-open-adapter-exit,ordinary diagnostics capped; no device identity or timestamps
1872,313,81461,5268,81474,0x00000000,1,81584,g4-native-reserve-va-cb,0x00000000,81589,g4-open-adapter-exit,ordinary diagnostics capped; no device identity or timestamps
1872,314,81589,4900,81602,0x00000000,1,81712,g4-native-reserve-va-cb,0x00000000,81717,g4-open-adapter-exit,ordinary diagnostics capped; no device identity or timestamps
1872,315,81717,3108,81730,0x00000000,1,81840,g4-native-reserve-va-cb,0x00000000,81845,g4-open-adapter-exit,ordinary diagnostics capped; no device identity or timestamps
1872,316,81845,6240,81858,0x00000000,1,81968,g4-native-reserve-va-cb,0x00000000,81973,g4-open-adapter-exit,ordinary diagnostics capped; no device identity or timestamps
1872,317,81973,3448,81986,0x00000000,1,82096,g4-native-reserve-va-cb,0x00000000,82101,g4-open-adapter-exit,ordinary diagnostics capped; no device identity or timestamps
1872,318,82101,7520,82114,0x00000000,1,82224,g4-native-reserve-va-cb,0x00000000,82229,g4-open-adapter-exit,ordinary diagnostics capped; no device identity or timestamps
1872,319,82229,7728,82242,0x00000000,1,82352,g4-native-reserve-va-cb,0x00000000,82357,g4-open-adapter-exit,ordinary diagnostics capped; no device identity or timestamps
1872,320,82357,6996,82370,0x00000000,1,82480,g4-native-reserve-va-cb,0x00000000,82485,g4-open-adapter-exit,ordinary diagnostics capped; no device identity or timestamps
1872,321,82485,1928,82498,0x00000000,1,82608,g4-native-reserve-va-cb,0x00000000,82613,g4-open-adapter-exit,ordinary diagnostics capped; no device identity or timestamps
1872,322,82613,5468,82626,0x00000000,1,82736,g4-native-reserve-va-cb,0x00000000,82741,g4-open-adapter-exit,ordinary diagnostics capped; no device identity or timestamps
1872,323,82741,7624,82754,0x00000000,1,82864,g4-native-reserve-va-cb,0x00000000,82869,g4-open-adapter-exit,ordinary diagnostics capped; no device identity or timestamps
1872,324,82869,2064,82882,0x00000000,1,82992,g4-native-reserve-va-cb,0x00000000,82997,g4-open-adapter-exit,ordinary diagnostics capped; no device identity or timestamps
1872,325,82997,6960,83010,0x00000000,1,83120,g4-native-reserve-va-cb,0x00000000,83125,g4-open-adapter-exit,ordinary diagnostics capped; no device identity or timestamps
1872,326,83125,5588,83138,0x00000000,1,83248,g4-native-reserve-va-cb,0x00000000,83253,g4-open-adapter-exit,ordinary diagnostics capped; no device identity or timestamps
1872,327,83253,7152,83266,0x00000000,1,83376,g4-native-reserve-va-cb,0x00000000,83381,g4-open-adapter-exit,ordinary diagnostics capped; no device identity or timestamps
1872,328,83381,5660,83394,0x00000000,1,83504,g4-native-reserve-va-cb,0x00000000,83509,g4-open-adapter-exit,ordinary diagnostics capped; no device identity or timestamps
1872,329,83509,5864,83522,0x00000000,1,83632,g4-native-reserve-va-cb,0x00000000,83637,g4-open-adapter-exit,ordinary diagnostics capped; no device identity or timestamps
1872,330,83637,5912,83650,0x00000000,1,83760,g4-native-reserve-va-cb,0x00000000,83765,g4-open-adapter-exit,ordinary diagnostics capped; no device identity or timestamps
1872,331,83765,5316,83778,0x00000000,1,83888,g4-native-reserve-va-cb,0x00000000,83893,g4-open-adapter-exit,ordinary diagnostics capped; no device identity or timestamps
1872,332,83893,4896,83906,0x00000000,1,84016,g4-native-reserve-va-cb,0x00000000,84021,g4-open-adapter-exit,ordinary diagnostics capped; no device identity or timestamps
1872,333,84021,6768,84034,0x00000000,1,84144,g4-native-reserve-va-cb,0x00000000,84149,g4-open-adapter-exit,ordinary diagnostics capped; no device identity or timestamps
1872,334,84149,1576,84162,0x00000000,1,84272,g4-native-reserve-va-cb,0x00000000,84277,g4-open-adapter-exit,ordinary diagnostics capped; no device identity or timestamps
1872,335,84277,1036,84290,0x00000000,1,84400,g4-native-reserve-va-cb,0x00000000,84405,g4-open-adapter-exit,ordinary diagnostics capped; no device identity or timestamps
1872,336,84405,5708,84418,0x00000000,1,84528,g4-native-reserve-va-cb,0x00000000,84533,g4-open-adapter-exit,ordinary diagnostics capped; no device identity or timestamps
1872,337,84533,4344,84546,0x00000000,1,84656,g4-native-reserve-va-cb,0x00000000,84661,g4-open-adapter-exit,ordinary diagnostics capped; no device identity or timestamps
1872,338,84661,7908,84674,0x00000000,1,84784,g4-native-reserve-va-cb,0x00000000,84789,g4-open-adapter-exit,ordinary diagnostics capped; no device identity or timestamps
1872,339,84789,8216,84802,0x00000000,1,84912,g4-native-reserve-va-cb,0x00000000,84917,g4-open-adapter-exit,ordinary diagnostics capped; no device identity or timestamps
1872,340,84917,1552,84930,0x00000000,1,85040,g4-native-reserve-va-cb,0x00000000,85045,g4-open-adapter-exit,ordinary diagnostics capped; no device identity or timestamps
1872,341,85045,8916,85058,0x00000000,1,85168,g4-native-reserve-va-cb,0x00000000,85173,g4-open-adapter-exit,ordinary diagnostics capped; no device identity or timestamps
1872,342,85173,5280,85186,0x00000000,1,85296,g4-native-reserve-va-cb,0x00000000,85301,g4-open-adapter-exit,ordinary diagnostics capped; no device identity or timestamps
1872,343,85301,2540,85314,0x00000000,1,85424,g4-native-reserve-va-cb,0x00000000,85429,g4-open-adapter-exit,ordinary diagnostics capped; no device identity or timestamps
1872,344,85429,5044,85442,0x00000000,1,85552,g4-native-reserve-va-cb,0x00000000,85557,g4-open-adapter-exit,ordinary diagnostics capped; no device identity or timestamps
1872,345,85557,6400,85570,0x00000000,1,85680,g4-native-reserve-va-cb,0x00000000,85685,g4-open-adapter-exit,ordinary diagnostics capped; no device identity or timestamps
1872,346,85685,6628,85698,0x00000000,1,85808,g4-native-reserve-va-cb,0x00000000,85813,g4-open-adapter-exit,ordinary diagnostics capped; no device identity or timestamps
1872,347,85813,2172,85826,0x00000000,1,85936,g4-native-reserve-va-cb,0x00000000,85941,g4-open-adapter-exit,ordinary diagnostics capped; no device identity or timestamps
1872,348,85941,3292,85954,0x00000000,1,86064,g4-native-reserve-va-cb,0x00000000,86069,g4-open-adapter-exit,ordinary diagnostics capped; no device identity or timestamps
1872,349,86069,8348,86082,0x00000000,1,86192,g4-native-reserve-va-cb,0x00000000,86197,g4-open-adapter-exit,ordinary diagnostics capped; no device identity or timestamps
1872,350,86197,8560,86210,0x00000000,1,86320,g4-native-reserve-va-cb,0x00000000,86325,g4-open-adapter-exit,ordinary diagnostics capped; no device identity or timestamps
1872,351,86325,4600,86338,0x00000000,1,86448,g4-native-reserve-va-cb,0x00000000,86453,g4-open-adapter-exit,ordinary diagnostics capped; no device identity or timestamps
1872,352,86453,7328,86466,0x00000000,1,86576,g4-native-reserve-va-cb,0x00000000,86581,g4-open-adapter-exit,ordinary diagnostics capped; no device identity or timestamps
1872,353,86581,3584,86594,0x00000000,1,86704,g4-native-reserve-va-cb,0x00000000,86709,g4-open-adapter-exit,ordinary diagnostics capped; no device identity or timestamps
1872,354,86709,2980,86722,0x00000000,1,86832,g4-native-reserve-va-cb,0x00000000,86837,g4-open-adapter-exit,ordinary diagnostics capped; no device identity or timestamps
1872,355,86837,9012,86850,0x00000000,1,86960,g4-native-reserve-va-cb,0x00000000,86965,g4-open-adapter-exit,ordinary diagnostics capped; no device identity or timestamps
1872,356,86965,5560,86978,0x00000000,1,87088,g4-native-reserve-va-cb,0x00000000,87093,g4-open-adapter-exit,ordinary diagnostics capped; no device identity or timestamps
1872,357,87093,6356,87106,0x00000000,1,87216,g4-native-reserve-va-cb,0x00000000,,,ordinary diagnostics capped; no device identity or timestamps
